run_id;algorithm;instance_id;instance_path;graph;n;k;m;density;instance_seed;algorithm_seed;budget;iteration;time_ms;current_cost;best_cost;avg_cost;std_cost;note
0003_ea_personalized_inst01_interval_n50_k8_d035_s1001_s42;ea_personalized;inst01_interval_n50_k8_d035_s1001;experiments\20260618_124336_best_configs\instances\inst01_interval_n50_k8_d035_s1001.txt;interval;50;8;223;0.35;1001;42;50000;0;5;60327;60327;369311.74;160260.0378;init
0003_ea_personalized_inst01_interval_n50_k8_d035_s1001_s42;ea_personalized;inst01_interval_n50_k8_d035_s1001;experiments\20260618_124336_best_configs\instances\inst01_interval_n50_k8_d035_s1001.txt;interval;50;8;223;0.35;1001;42;50000;1;17;13;13;9913.5;15385.09052;generation
0003_ea_personalized_inst01_interval_n50_k8_d035_s1001_s42;ea_personalized;inst01_interval_n50_k8_d035_s1001;experiments\20260618_124336_best_configs\instances\inst01_interval_n50_k8_d035_s1001.txt;interval;50;8;223;0.35;1001;42;50000;2;30;13;13;11254.19;14600.22445;generation
0003_ea_personalized_inst01_interval_n50_k8_d035_s1001_s42;ea_personalized;inst01_interval_n50_k8_d035_s1001;experiments\20260618_124336_best_configs\instances\inst01_interval_n50_k8_d035_s1001.txt;interval;50;8;223;0.35;1001;42;50000;3;40;13;13;10587.63;15175.09482;generation
0003_ea_personalized_inst01_interval_n50_k8_d035_s1001_s42;ea_personalized;inst01_interval_n50_k8_d035_s1001;experiments\20260618_124336_best_configs\instances\inst01_interval_n50_k8_d035_s1001.txt;interval;50;8;223;0.35;1001;42;50000;4;52;13;13;10946.16;14330.54444;generation
0003_ea_personalized_inst01_interval_n50_k8_d035_s1001_s42;ea_personalized;inst01_interval_n50_k8_d035_s1001;experiments\20260618_124336_best_configs\instances\inst01_interval_n50_k8_d035_s1001.txt;interval;50;8;223;0.35;1001;42;50000;5;64;13;13;8523.86;13968.28389;generation
0003_ea_personalized_inst01_interval_n50_k8_d035_s1001_s42;ea_personalized;inst01_interval_n50_k8_d035_s1001;experiments\20260618_124336_best_configs\instances\inst01_interval_n50_k8_d035_s1001.txt;interval;50;8;223;0.35;1001;42;50000;6;75;13;13;10713.76;15152.00776;generation
0003_ea_personalized_inst01_interval_n50_k8_d035_s1001_s42;ea_personalized;inst01_interval_n50_k8_d035_s1001;experiments\20260618_124336_best_configs\instances\inst01_interval_n50_k8_d035_s1001.txt;interval;50;8;223;0.35;1001;42;50000;7;86;13;13;11103.66;16172.78691;generation
0003_ea_personalized_inst01_interval_n50_k8_d035_s1001_s42;ea_personalized;inst01_interval_n50_k8_d035_s1001;experiments\20260618_124336_best_configs\instances\inst01_interval_n50_k8_d035_s1001.txt;interval;50;8;223;0.35;1001;42;50000;8;96;13;13;10290.1;15171.94353;generation
0003_ea_personalized_inst01_interval_n50_k8_d035_s1001_s42;ea_personalized;inst01_interval_n50_k8_d035_s1001;experiments\20260618_124336_best_configs\instances\inst01_interval_n50_k8_d035_s1001.txt;interval;50;8;223;0.35;1001;42;50000;9;106;13;13;11087.59;15134.3299;generation
0003_ea_personalized_inst01_interval_n50_k8_d035_s1001_s42;ea_personalized;inst01_interval_n50_k8_d035_s1001;experiments\20260618_124336_best_configs\instances\inst01_interval_n50_k8_d035_s1001.txt;interval;50;8;223;0.35;1001;42;50000;10;116;13;13;8671.98;13706.52194;generation
0003_ea_personalized_inst01_interval_n50_k8_d035_s1001_s42;ea_personalized;inst01_interval_n50_k8_d035_s1001;experiments\20260618_124336_best_configs\instances\inst01_interval_n50_k8_d035_s1001.txt;interval;50;8;223;0.35;1001;42;50000;11;127;13;13;9882.05;15433.33716;generation
0003_ea_personalized_inst01_interval_n50_k8_d035_s1001_s42;ea_personalized;inst01_interval_n50_k8_d035_s1001;experiments\20260618_124336_best_configs\instances\inst01_interval_n50_k8_d035_s1001.txt;interval;50;8;223;0.35;1001;42;50000;12;137;13;13;9673.4;13169.44743;generation
0003_ea_personalized_inst01_interval_n50_k8_d035_s1001_s42;ea_personalized;inst01_interval_n50_k8_d035_s1001;experiments\20260618_124336_best_configs\instances\inst01_interval_n50_k8_d035_s1001.txt;interval;50;8;223;0.35;1001;42;50000;13;148;13;13;7061.69;13739.3719;generation
0003_ea_personalized_inst01_interval_n50_k8_d035_s1001_s42;ea_personalized;inst01_interval_n50_k8_d035_s1001;experiments\20260618_124336_best_configs\instances\inst01_interval_n50_k8_d035_s1001.txt;interval;50;8;223;0.35;1001;42;50000;14;158;13;13;11885.91;16353.28497;generation
0003_ea_personalized_inst01_interval_n50_k8_d035_s1001_s42;ea_personalized;inst01_interval_n50_k8_d035_s1001;experiments\20260618_124336_best_configs\instances\inst01_interval_n50_k8_d035_s1001.txt;interval;50;8;223;0.35;1001;42;50000;15;168;13;13;12282.54;17266.66634;generation
0003_ea_personalized_inst01_interval_n50_k8_d035_s1001_s42;ea_personalized;inst01_interval_n50_k8_d035_s1001;experiments\20260618_124336_best_configs\instances\inst01_interval_n50_k8_d035_s1001.txt;interval;50;8;223;0.35;1001;42;50000;16;179;13;13;11677.18;16124.71703;generation
0003_ea_personalized_inst01_interval_n50_k8_d035_s1001_s42;ea_personalized;inst01_interval_n50_k8_d035_s1001;experiments\20260618_124336_best_configs\instances\inst01_interval_n50_k8_d035_s1001.txt;interval;50;8;223;0.35;1001;42;50000;17;188;13;13;13282.46;17800.57613;generation
0003_ea_personalized_inst01_interval_n50_k8_d035_s1001_s42;ea_personalized;inst01_interval_n50_k8_d035_s1001;experiments\20260618_124336_best_configs\instances\inst01_interval_n50_k8_d035_s1001.txt;interval;50;8;223;0.35;1001;42;50000;18;199;13;13;14087.33;16694.6982;generation
0003_ea_personalized_inst01_interval_n50_k8_d035_s1001_s42;ea_personalized;inst01_interval_n50_k8_d035_s1001;experiments\20260618_124336_best_configs\instances\inst01_interval_n50_k8_d035_s1001.txt;interval;50;8;223;0.35;1001;42;50000;19;208;13;13;8067.83;13630.34629;generation
0003_ea_personalized_inst01_interval_n50_k8_d035_s1001_s42;ea_personalized;inst01_interval_n50_k8_d035_s1001;experiments\20260618_124336_best_configs\instances\inst01_interval_n50_k8_d035_s1001.txt;interval;50;8;223;0.35;1001;42;50000;20;218;13;13;10671.69;15427.06259;generation
0003_ea_personalized_inst01_interval_n50_k8_d035_s1001_s42;ea_personalized;inst01_interval_n50_k8_d035_s1001;experiments\20260618_124336_best_configs\instances\inst01_interval_n50_k8_d035_s1001.txt;interval;50;8;223;0.35;1001;42;50000;21;228;13;13;10875.74;16181.28445;generation
0003_ea_personalized_inst01_interval_n50_k8_d035_s1001_s42;ea_personalized;inst01_interval_n50_k8_d035_s1001;experiments\20260618_124336_best_configs\instances\inst01_interval_n50_k8_d035_s1001.txt;interval;50;8;223;0.35;1001;42;50000;22;238;13;13;11883.18;17079.26602;generation
0003_ea_personalized_inst01_interval_n50_k8_d035_s1001_s42;ea_personalized;inst01_interval_n50_k8_d035_s1001;experiments\20260618_124336_best_configs\instances\inst01_interval_n50_k8_d035_s1001.txt;interval;50;8;223;0.35;1001;42;50000;23;248;13;13;10875.31;17157.08406;generation
0003_ea_personalized_inst01_interval_n50_k8_d035_s1001_s42;ea_personalized;inst01_interval_n50_k8_d035_s1001;experiments\20260618_124336_best_configs\instances\inst01_interval_n50_k8_d035_s1001.txt;interval;50;8;223;0.35;1001;42;50000;24;258;13;13;9869.96;13480.778;generation
0003_ea_personalized_inst01_interval_n50_k8_d035_s1001_s42;ea_personalized;inst01_interval_n50_k8_d035_s1001;experiments\20260618_124336_best_configs\instances\inst01_interval_n50_k8_d035_s1001.txt;interval;50;8;223;0.35;1001;42;50000;25;267;13;13;10273.62;13772.41595;generation
0003_ea_personalized_inst01_interval_n50_k8_d035_s1001_s42;ea_personalized;inst01_interval_n50_k8_d035_s1001;experiments\20260618_124336_best_configs\instances\inst01_interval_n50_k8_d035_s1001.txt;interval;50;8;223;0.35;1001;42;50000;26;278;13;13;12479.12;16272.39896;generation
0003_ea_personalized_inst01_interval_n50_k8_d035_s1001_s42;ea_personalized;inst01_interval_n50_k8_d035_s1001;experiments\20260618_124336_best_configs\instances\inst01_interval_n50_k8_d035_s1001.txt;interval;50;8;223;0.35;1001;42;50000;27;287;13;13;12077.38;15304.98813;generation
0003_ea_personalized_inst01_interval_n50_k8_d035_s1001_s42;ea_personalized;inst01_interval_n50_k8_d035_s1001;experiments\20260618_124336_best_configs\instances\inst01_interval_n50_k8_d035_s1001.txt;interval;50;8;223;0.35;1001;42;50000;28;296;13;13;10273.05;15693.98559;generation
0003_ea_personalized_inst01_interval_n50_k8_d035_s1001_s42;ea_personalized;inst01_interval_n50_k8_d035_s1001;experiments\20260618_124336_best_configs\instances\inst01_interval_n50_k8_d035_s1001.txt;interval;50;8;223;0.35;1001;42;50000;29;306;13;13;10875.08;16428.69395;generation
0003_ea_personalized_inst01_interval_n50_k8_d035_s1001_s42;ea_personalized;inst01_interval_n50_k8_d035_s1001;experiments\20260618_124336_best_configs\instances\inst01_interval_n50_k8_d035_s1001.txt;interval;50;8;223;0.35;1001;42;50000;30;316;13;13;11876.47;18221.07379;generation
0003_ea_personalized_inst01_interval_n50_k8_d035_s1001_s42;ea_personalized;inst01_interval_n50_k8_d035_s1001;experiments\20260618_124336_best_configs\instances\inst01_interval_n50_k8_d035_s1001.txt;interval;50;8;223;0.35;1001;42;50000;31;326;13;13;13482.94;17990.42432;generation
0003_ea_personalized_inst01_interval_n50_k8_d035_s1001_s42;ea_personalized;inst01_interval_n50_k8_d035_s1001;experiments\20260618_124336_best_configs\instances\inst01_interval_n50_k8_d035_s1001.txt;interval;50;8;223;0.35;1001;42;50000;32;341;13;13;8662.43;13705.54669;generation
0003_ea_personalized_inst01_interval_n50_k8_d035_s1001_s42;ea_personalized;inst01_interval_n50_k8_d035_s1001;experiments\20260618_124336_best_configs\instances\inst01_interval_n50_k8_d035_s1001.txt;interval;50;8;223;0.35;1001;42;50000;33;357;13;13;11880.33;16349.82717;generation
0003_ea_personalized_inst01_interval_n50_k8_d035_s1001_s42;ea_personalized;inst01_interval_n50_k8_d035_s1001;experiments\20260618_124336_best_configs\instances\inst01_interval_n50_k8_d035_s1001.txt;interval;50;8;223;0.35;1001;42;50000;34;375;13;13;11680.63;15610.10183;generation
0003_ea_personalized_inst01_interval_n50_k8_d035_s1001_s42;ea_personalized;inst01_interval_n50_k8_d035_s1001;experiments\20260618_124336_best_configs\instances\inst01_interval_n50_k8_d035_s1001.txt;interval;50;8;223;0.35;1001;42;50000;35;398;13;13;11881.71;16357.47676;generation
0003_ea_personalized_inst01_interval_n50_k8_d035_s1001_s42;ea_personalized;inst01_interval_n50_k8_d035_s1001;experiments\20260618_124336_best_configs\instances\inst01_interval_n50_k8_d035_s1001.txt;interval;50;8;223;0.35;1001;42;50000;36;414;13;13;10066.9;13777.7322;generation
0003_ea_personalized_inst01_interval_n50_k8_d035_s1001_s42;ea_personalized;inst01_interval_n50_k8_d035_s1001;experiments\20260618_124336_best_configs\instances\inst01_interval_n50_k8_d035_s1001.txt;interval;50;8;223;0.35;1001;42;50000;37;431;13;13;11273.28;16891.29701;generation
0003_ea_personalized_inst01_interval_n50_k8_d035_s1001_s42;ea_personalized;inst01_interval_n50_k8_d035_s1001;experiments\20260618_124336_best_configs\instances\inst01_interval_n50_k8_d035_s1001.txt;interval;50;8;223;0.35;1001;42;50000;38;457;13;13;11071.98;15920.45673;generation
0003_ea_personalized_inst01_interval_n50_k8_d035_s1001_s42;ea_personalized;inst01_interval_n50_k8_d035_s1001;experiments\20260618_124336_best_configs\instances\inst01_interval_n50_k8_d035_s1001.txt;interval;50;8;223;0.35;1001;42;50000;39;481;13;13;13091.99;16896.99133;generation
0003_ea_personalized_inst01_interval_n50_k8_d035_s1001_s42;ea_personalized;inst01_interval_n50_k8_d035_s1001;experiments\20260618_124336_best_configs\instances\inst01_interval_n50_k8_d035_s1001.txt;interval;50;8;223;0.35;1001;42;50000;40;505;13;13;9269.85;13457.52235;generation
0003_ea_personalized_inst01_interval_n50_k8_d035_s1001_s42;ea_personalized;inst01_interval_n50_k8_d035_s1001;experiments\20260618_124336_best_configs\instances\inst01_interval_n50_k8_d035_s1001.txt;interval;50;8;223;0.35;1001;42;50000;41;527;13;13;11074.04;14318.02607;generation
0003_ea_personalized_inst01_interval_n50_k8_d035_s1001_s42;ea_personalized;inst01_interval_n50_k8_d035_s1001;experiments\20260618_124336_best_configs\instances\inst01_interval_n50_k8_d035_s1001.txt;interval;50;8;223;0.35;1001;42;50000;42;549;13;13;11475.44;16635.13503;generation
0003_ea_personalized_inst01_interval_n50_k8_d035_s1001_s42;ea_personalized;inst01_interval_n50_k8_d035_s1001;experiments\20260618_124336_best_configs\instances\inst01_interval_n50_k8_d035_s1001.txt;interval;50;8;223;0.35;1001;42;50000;43;572;13;13;11474.46;16141.50975;generation
0003_ea_personalized_inst01_interval_n50_k8_d035_s1001_s42;ea_personalized;inst01_interval_n50_k8_d035_s1001;experiments\20260618_124336_best_configs\instances\inst01_interval_n50_k8_d035_s1001.txt;interval;50;8;223;0.35;1001;42;50000;44;589;13;13;8863.01;12165.59119;generation
0003_ea_personalized_inst01_interval_n50_k8_d035_s1001_s42;ea_personalized;inst01_interval_n50_k8_d035_s1001;experiments\20260618_124336_best_configs\instances\inst01_interval_n50_k8_d035_s1001.txt;interval;50;8;223;0.35;1001;42;50000;45;604;13;13;10271.04;15693.8863;generation
0003_ea_personalized_inst01_interval_n50_k8_d035_s1001_s42;ea_personalized;inst01_interval_n50_k8_d035_s1001;experiments\20260618_124336_best_configs\instances\inst01_interval_n50_k8_d035_s1001.txt;interval;50;8;223;0.35;1001;42;50000;46;625;13;13;11883.59;14787.86001;generation
0003_ea_personalized_inst01_interval_n50_k8_d035_s1001_s42;ea_personalized;inst01_interval_n50_k8_d035_s1001;experiments\20260618_124336_best_configs\instances\inst01_interval_n50_k8_d035_s1001.txt;interval;50;8;223;0.35;1001;42;50000;47;659;13;13;12889.38;18313.44766;generation
0003_ea_personalized_inst01_interval_n50_k8_d035_s1001_s42;ea_personalized;inst01_interval_n50_k8_d035_s1001;experiments\20260618_124336_best_configs\instances\inst01_interval_n50_k8_d035_s1001.txt;interval;50;8;223;0.35;1001;42;50000;48;681;13;13;11481.72;14832.29435;generation
0003_ea_personalized_inst01_interval_n50_k8_d035_s1001_s42;ea_personalized;inst01_interval_n50_k8_d035_s1001;experiments\20260618_124336_best_configs\instances\inst01_interval_n50_k8_d035_s1001.txt;interval;50;8;223;0.35;1001;42;50000;49;700;13;13;11278.02;15388.07266;generation
0003_ea_personalized_inst01_interval_n50_k8_d035_s1001_s42;ea_personalized;inst01_interval_n50_k8_d035_s1001;experiments\20260618_124336_best_configs\instances\inst01_interval_n50_k8_d035_s1001.txt;interval;50;8;223;0.35;1001;42;50000;50;721;13;13;12077.4;15310.83449;generation
0003_ea_personalized_inst01_interval_n50_k8_d035_s1001_s42;ea_personalized;inst01_interval_n50_k8_d035_s1001;experiments\20260618_124336_best_configs\instances\inst01_interval_n50_k8_d035_s1001.txt;interval;50;8;223;0.35;1001;42;50000;51;746;13;13;12080.77;15564.33739;generation
0003_ea_personalized_inst01_interval_n50_k8_d035_s1001_s42;ea_personalized;inst01_interval_n50_k8_d035_s1001;experiments\20260618_124336_best_configs\instances\inst01_interval_n50_k8_d035_s1001.txt;interval;50;8;223;0.35;1001;42;50000;52;767;13;13;12082.28;16574.85062;generation
0003_ea_personalized_inst01_interval_n50_k8_d035_s1001_s42;ea_personalized;inst01_interval_n50_k8_d035_s1001;experiments\20260618_124336_best_configs\instances\inst01_interval_n50_k8_d035_s1001.txt;interval;50;8;223;0.35;1001;42;50000;53;787;13;13;12478.25;17700.79186;generation
0003_ea_personalized_inst01_interval_n50_k8_d035_s1001_s42;ea_personalized;inst01_interval_n50_k8_d035_s1001;experiments\20260618_124336_best_configs\instances\inst01_interval_n50_k8_d035_s1001.txt;interval;50;8;223;0.35;1001;42;50000;54;810;13;13;13484.85;16585.60225;generation
0003_ea_personalized_inst01_interval_n50_k8_d035_s1001_s42;ea_personalized;inst01_interval_n50_k8_d035_s1001;experiments\20260618_124336_best_configs\instances\inst01_interval_n50_k8_d035_s1001.txt;interval;50;8;223;0.35;1001;42;50000;55;836;13;13;8259.73;13358.99658;generation
0003_ea_personalized_inst01_interval_n50_k8_d035_s1001_s42;ea_personalized;inst01_interval_n50_k8_d035_s1001;experiments\20260618_124336_best_configs\instances\inst01_interval_n50_k8_d035_s1001.txt;interval;50;8;223;0.35;1001;42;50000;56;861;13;13;9465.54;13467.51965;generation
0003_ea_personalized_inst01_interval_n50_k8_d035_s1001_s42;ea_personalized;inst01_interval_n50_k8_d035_s1001;experiments\20260618_124336_best_configs\instances\inst01_interval_n50_k8_d035_s1001.txt;interval;50;8;223;0.35;1001;42;50000;57;887;13;13;11879.21;14521.00314;generation
0003_ea_personalized_inst01_interval_n50_k8_d035_s1001_s42;ea_personalized;inst01_interval_n50_k8_d035_s1001;experiments\20260618_124336_best_configs\instances\inst01_interval_n50_k8_d035_s1001.txt;interval;50;8;223;0.35;1001;42;50000;58;912;13;13;13487.95;17302.57379;generation
0003_ea_personalized_inst01_interval_n50_k8_d035_s1001_s42;ea_personalized;inst01_interval_n50_k8_d035_s1001;experiments\20260618_124336_best_configs\instances\inst01_interval_n50_k8_d035_s1001.txt;interval;50;8;223;0.35;1001;42;50000;59;939;13;13;8458.24;13684.67417;generation
0003_ea_personalized_inst01_interval_n50_k8_d035_s1001_s42;ea_personalized;inst01_interval_n50_k8_d035_s1001;experiments\20260618_124336_best_configs\instances\inst01_interval_n50_k8_d035_s1001.txt;interval;50;8;223;0.35;1001;42;50000;60;967;13;13;11876.48;16837.62742;generation
0003_ea_personalized_inst01_interval_n50_k8_d035_s1001_s42;ea_personalized;inst01_interval_n50_k8_d035_s1001;experiments\20260618_124336_best_configs\instances\inst01_interval_n50_k8_d035_s1001.txt;interval;50;8;223;0.35;1001;42;50000;61;992;13;13;13687.35;17950.53447;generation
0003_ea_personalized_inst01_interval_n50_k8_d035_s1001_s42;ea_personalized;inst01_interval_n50_k8_d035_s1001;experiments\20260618_124336_best_configs\instances\inst01_interval_n50_k8_d035_s1001.txt;interval;50;8;223;0.35;1001;42;50000;62;1016;13;13;12880.08;15702.69716;generation
0003_ea_personalized_inst01_interval_n50_k8_d035_s1001_s42;ea_personalized;inst01_interval_n50_k8_d035_s1001;experiments\20260618_124336_best_configs\instances\inst01_interval_n50_k8_d035_s1001.txt;interval;50;8;223;0.35;1001;42;50000;63;1047;13;13;14691.24;18170.7642;generation
0003_ea_personalized_inst01_interval_n50_k8_d035_s1001_s42;ea_personalized;inst01_interval_n50_k8_d035_s1001;experiments\20260618_124336_best_configs\instances\inst01_interval_n50_k8_d035_s1001.txt;interval;50;8;223;0.35;1001;42;50000;64;1072;13;13;11676.7;15869.68025;generation
0003_ea_personalized_inst01_interval_n50_k8_d035_s1001_s42;ea_personalized;inst01_interval_n50_k8_d035_s1001;experiments\20260618_124336_best_configs\instances\inst01_interval_n50_k8_d035_s1001.txt;interval;50;8;223;0.35;1001;42;50000;65;1096;13;13;9270.89;15412.42427;generation
0003_ea_personalized_inst01_interval_n50_k8_d035_s1001_s42;ea_personalized;inst01_interval_n50_k8_d035_s1001;experiments\20260618_124336_best_configs\instances\inst01_interval_n50_k8_d035_s1001.txt;interval;50;8;223;0.35;1001;42;50000;66;1125;13;13;10670.1;15163.79825;generation
0003_ea_personalized_inst01_interval_n50_k8_d035_s1001_s42;ea_personalized;inst01_interval_n50_k8_d035_s1001;experiments\20260618_124336_best_configs\instances\inst01_interval_n50_k8_d035_s1001.txt;interval;50;8;223;0.35;1001;42;50000;67;1151;13;13;10069.37;15171.71269;generation
0003_ea_personalized_inst01_interval_n50_k8_d035_s1001_s42;ea_personalized;inst01_interval_n50_k8_d035_s1001;experiments\20260618_124336_best_configs\instances\inst01_interval_n50_k8_d035_s1001.txt;interval;50;8;223;0.35;1001;42;50000;68;1176;13;13;11679.06;16616.49491;generation
0003_ea_personalized_inst01_interval_n50_k8_d035_s1001_s42;ea_personalized;inst01_interval_n50_k8_d035_s1001;experiments\20260618_124336_best_configs\instances\inst01_interval_n50_k8_d035_s1001.txt;interval;50;8;223;0.35;1001;42;50000;69;1203;13;13;11277.88;15650.58526;generation
0003_ea_personalized_inst01_interval_n50_k8_d035_s1001_s42;ea_personalized;inst01_interval_n50_k8_d035_s1001;experiments\20260618_124336_best_configs\instances\inst01_interval_n50_k8_d035_s1001.txt;interval;50;8;223;0.35;1001;42;50000;70;1228;13;13;11880.84;16100.60571;generation
0003_ea_personalized_inst01_interval_n50_k8_d035_s1001_s42;ea_personalized;inst01_interval_n50_k8_d035_s1001;experiments\20260618_124336_best_configs\instances\inst01_interval_n50_k8_d035_s1001.txt;interval;50;8;223;0.35;1001;42;50000;71;1258;13;13;13290.52;18682.67534;generation
0003_ea_personalized_inst01_interval_n50_k8_d035_s1001_s42;ea_personalized;inst01_interval_n50_k8_d035_s1001;experiments\20260618_124336_best_configs\instances\inst01_interval_n50_k8_d035_s1001.txt;interval;50;8;223;0.35;1001;42;50000;72;1281;13;13;12682.35;16241.10053;generation
0003_ea_personalized_inst01_interval_n50_k8_d035_s1001_s42;ea_personalized;inst01_interval_n50_k8_d035_s1001;experiments\20260618_124336_best_configs\instances\inst01_interval_n50_k8_d035_s1001.txt;interval;50;8;223;0.35;1001;42;50000;73;1302;13;13;8867.21;14301.48463;generation
0003_ea_personalized_inst01_interval_n50_k8_d035_s1001_s42;ea_personalized;inst01_interval_n50_k8_d035_s1001;experiments\20260618_124336_best_configs\instances\inst01_interval_n50_k8_d035_s1001.txt;interval;50;8;223;0.35;1001;42;50000;74;1327;13;13;8264.13;12423.24815;generation
0003_ea_personalized_inst01_interval_n50_k8_d035_s1001_s42;ea_personalized;inst01_interval_n50_k8_d035_s1001;experiments\20260618_124336_best_configs\instances\inst01_interval_n50_k8_d035_s1001.txt;interval;50;8;223;0.35;1001;42;50000;75;1352;13;13;12278.91;15013.2808;generation
0003_ea_personalized_inst01_interval_n50_k8_d035_s1001_s42;ea_personalized;inst01_interval_n50_k8_d035_s1001;experiments\20260618_124336_best_configs\instances\inst01_interval_n50_k8_d035_s1001.txt;interval;50;8;223;0.35;1001;42;50000;76;1381;13;13;8864.12;13723.56578;generation
0003_ea_personalized_inst01_interval_n50_k8_d035_s1001_s42;ea_personalized;inst01_interval_n50_k8_d035_s1001;experiments\20260618_124336_best_configs\instances\inst01_interval_n50_k8_d035_s1001.txt;interval;50;8;223;0.35;1001;42;50000;77;1409;13;13;10872.26;14332.0605;generation
0003_ea_personalized_inst01_interval_n50_k8_d035_s1001_s42;ea_personalized;inst01_interval_n50_k8_d035_s1001;experiments\20260618_124336_best_configs\instances\inst01_interval_n50_k8_d035_s1001.txt;interval;50;8;223;0.35;1001;42;50000;78;1432;13;13;11273.49;16158.27584;generation
0003_ea_personalized_inst01_interval_n50_k8_d035_s1001_s42;ea_personalized;inst01_interval_n50_k8_d035_s1001;experiments\20260618_124336_best_configs\instances\inst01_interval_n50_k8_d035_s1001.txt;interval;50;8;223;0.35;1001;42;50000;79;1466;13;13;9867.09;15171.71117;generation
0003_ea_personalized_inst01_interval_n50_k8_d035_s1001_s42;ea_personalized;inst01_interval_n50_k8_d035_s1001;experiments\20260618_124336_best_configs\instances\inst01_interval_n50_k8_d035_s1001.txt;interval;50;8;223;0.35;1001;42;50000;80;1504;13;13;10267.44;14631.80895;generation
0003_ea_personalized_inst01_interval_n50_k8_d035_s1001_s42;ea_personalized;inst01_interval_n50_k8_d035_s1001;experiments\20260618_124336_best_configs\instances\inst01_interval_n50_k8_d035_s1001.txt;interval;50;8;223;0.35;1001;42;50000;81;1533;13;13;11470.66;15635.99371;generation
0003_ea_personalized_inst01_interval_n50_k8_d035_s1001_s42;ea_personalized;inst01_interval_n50_k8_d035_s1001;experiments\20260618_124336_best_configs\instances\inst01_interval_n50_k8_d035_s1001.txt;interval;50;8;223;0.35;1001;42;50000;82;1558;13;13;10871.16;15931.60621;generation
0003_ea_personalized_inst01_interval_n50_k8_d035_s1001_s42;ea_personalized;inst01_interval_n50_k8_d035_s1001;experiments\20260618_124336_best_configs\instances\inst01_interval_n50_k8_d035_s1001.txt;interval;50;8;223;0.35;1001;42;50000;83;1585;13;13;11274.84;17594.78066;generation
0003_ea_personalized_inst01_interval_n50_k8_d035_s1001_s42;ea_personalized;inst01_interval_n50_k8_d035_s1001;experiments\20260618_124336_best_configs\instances\inst01_interval_n50_k8_d035_s1001.txt;interval;50;8;223;0.35;1001;42;50000;84;1608;13;13;8661.12;14839.22176;generation
0003_ea_personalized_inst01_interval_n50_k8_d035_s1001_s42;ea_personalized;inst01_interval_n50_k8_d035_s1001;experiments\20260618_124336_best_configs\instances\inst01_interval_n50_k8_d035_s1001.txt;interval;50;8;223;0.35;1001;42;50000;85;1634;13;13;10869.47;15677.46149;generation
0003_ea_personalized_inst01_interval_n50_k8_d035_s1001_s42;ea_personalized;inst01_interval_n50_k8_d035_s1001;experiments\20260618_124336_best_configs\instances\inst01_interval_n50_k8_d035_s1001.txt;interval;50;8;223;0.35;1001;42;50000;86;1663;13;13;10069.03;15696.06312;generation
0003_ea_personalized_inst01_interval_n50_k8_d035_s1001_s42;ea_personalized;inst01_interval_n50_k8_d035_s1001;experiments\20260618_124336_best_configs\instances\inst01_interval_n50_k8_d035_s1001.txt;interval;50;8;223;0.35;1001;42;50000;87;1693;13;13;13683;15275.24051;generation
0003_ea_personalized_inst01_interval_n50_k8_d035_s1001_s42;ea_personalized;inst01_interval_n50_k8_d035_s1001;experiments\20260618_124336_best_configs\instances\inst01_interval_n50_k8_d035_s1001.txt;interval;50;8;223;0.35;1001;42;50000;88;1715;13;13;11874.53;15067.37181;generation
0003_ea_personalized_inst01_interval_n50_k8_d035_s1001_s42;ea_personalized;inst01_interval_n50_k8_d035_s1001;experiments\20260618_124336_best_configs\instances\inst01_interval_n50_k8_d035_s1001.txt;interval;50;8;223;0.35;1001;42;50000;89;1738;13;13;10673.6;14616.55448;generation
0003_ea_personalized_inst01_interval_n50_k8_d035_s1001_s42;ea_personalized;inst01_interval_n50_k8_d035_s1001;experiments\20260618_124336_best_configs\instances\inst01_interval_n50_k8_d035_s1001.txt;interval;50;8;223;0.35;1001;42;50000;90;1763;13;13;12682.32;16240.0206;generation
0003_ea_personalized_inst01_interval_n50_k8_d035_s1001_s42;ea_personalized;inst01_interval_n50_k8_d035_s1001;experiments\20260618_124336_best_configs\instances\inst01_interval_n50_k8_d035_s1001.txt;interval;50;8;223;0.35;1001;42;50000;91;1785;13;13;13287.02;16626.14535;generation
0003_ea_personalized_inst01_interval_n50_k8_d035_s1001_s42;ea_personalized;inst01_interval_n50_k8_d035_s1001;experiments\20260618_124336_best_configs\instances\inst01_interval_n50_k8_d035_s1001.txt;interval;50;8;223;0.35;1001;42;50000;92;1820;13;13;12680.42;17212.93182;generation
0003_ea_personalized_inst01_interval_n50_k8_d035_s1001_s42;ea_personalized;inst01_interval_n50_k8_d035_s1001;experiments\20260618_124336_best_configs\instances\inst01_interval_n50_k8_d035_s1001.txt;interval;50;8;223;0.35;1001;42;50000;93;1847;13;13;11078.26;14312.5339;generation
0003_ea_personalized_inst01_interval_n50_k8_d035_s1001_s42;ea_personalized;inst01_interval_n50_k8_d035_s1001;experiments\20260618_124336_best_configs\instances\inst01_interval_n50_k8_d035_s1001.txt;interval;50;8;223;0.35;1001;42;50000;94;1876;13;13;9472.32;14056.12646;generation
0003_ea_personalized_inst01_interval_n50_k8_d035_s1001_s42;ea_personalized;inst01_interval_n50_k8_d035_s1001;experiments\20260618_124336_best_configs\instances\inst01_interval_n50_k8_d035_s1001.txt;interval;50;8;223;0.35;1001;42;50000;95;1906;13;13;12884.29;17410.33539;generation
0003_ea_personalized_inst01_interval_n50_k8_d035_s1001_s42;ea_personalized;inst01_interval_n50_k8_d035_s1001;experiments\20260618_124336_best_configs\instances\inst01_interval_n50_k8_d035_s1001.txt;interval;50;8;223;0.35;1001;42;50000;96;1937;13;13;8462.29;12116.22541;generation
0003_ea_personalized_inst01_interval_n50_k8_d035_s1001_s42;ea_personalized;inst01_interval_n50_k8_d035_s1001;experiments\20260618_124336_best_configs\instances\inst01_interval_n50_k8_d035_s1001.txt;interval;50;8;223;0.35;1001;42;50000;97;1963;13;13;8863.04;14300.79009;generation
0003_ea_personalized_inst01_interval_n50_k8_d035_s1001_s42;ea_personalized;inst01_interval_n50_k8_d035_s1001;experiments\20260618_124336_best_configs\instances\inst01_interval_n50_k8_d035_s1001.txt;interval;50;8;223;0.35;1001;42;50000;98;1992;13;13;9868.78;15434.54905;generation
0003_ea_personalized_inst01_interval_n50_k8_d035_s1001_s42;ea_personalized;inst01_interval_n50_k8_d035_s1001;experiments\20260618_124336_best_configs\instances\inst01_interval_n50_k8_d035_s1001.txt;interval;50;8;223;0.35;1001;42;50000;99;2019;13;13;10273.92;14900.104;generation
0003_ea_personalized_inst01_interval_n50_k8_d035_s1001_s42;ea_personalized;inst01_interval_n50_k8_d035_s1001;experiments\20260618_124336_best_configs\instances\inst01_interval_n50_k8_d035_s1001.txt;interval;50;8;223;0.35;1001;42;50000;100;2051;13;13;10472.77;15167.70389;generation
0003_ea_personalized_inst01_interval_n50_k8_d035_s1001_s42;ea_personalized;inst01_interval_n50_k8_d035_s1001;experiments\20260618_124336_best_configs\instances\inst01_interval_n50_k8_d035_s1001.txt;interval;50;8;223;0.35;1001;42;50000;101;2079;13;13;9665.24;15948.65562;generation
0003_ea_personalized_inst01_interval_n50_k8_d035_s1001_s42;ea_personalized;inst01_interval_n50_k8_d035_s1001;experiments\20260618_124336_best_configs\instances\inst01_interval_n50_k8_d035_s1001.txt;interval;50;8;223;0.35;1001;42;50000;102;2120;13;13;7654.08;11642.50676;generation
0003_ea_personalized_inst01_interval_n50_k8_d035_s1001_s42;ea_personalized;inst01_interval_n50_k8_d035_s1001;experiments\20260618_124336_best_configs\instances\inst01_interval_n50_k8_d035_s1001.txt;interval;50;8;223;0.35;1001;42;50000;103;2149;13;13;13083.05;17375.34063;generation
0003_ea_personalized_inst01_interval_n50_k8_d035_s1001_s42;ea_personalized;inst01_interval_n50_k8_d035_s1001;experiments\20260618_124336_best_configs\instances\inst01_interval_n50_k8_d035_s1001.txt;interval;50;8;223;0.35;1001;42;50000;104;2181;13;13;12678.12;15738.76695;generation
0003_ea_personalized_inst01_interval_n50_k8_d035_s1001_s42;ea_personalized;inst01_interval_n50_k8_d035_s1001;experiments\20260618_124336_best_configs\instances\inst01_interval_n50_k8_d035_s1001.txt;interval;50;8;223;0.35;1001;42;50000;105;2213;13;13;11676.41;15870.20052;generation
0003_ea_personalized_inst01_interval_n50_k8_d035_s1001_s42;ea_personalized;inst01_interval_n50_k8_d035_s1001;experiments\20260618_124336_best_configs\instances\inst01_interval_n50_k8_d035_s1001.txt;interval;50;8;223;0.35;1001;42;50000;106;2244;13;13;11277.92;16155.46298;generation
0003_ea_personalized_inst01_interval_n50_k8_d035_s1001_s42;ea_personalized;inst01_interval_n50_k8_d035_s1001;experiments\20260618_124336_best_configs\instances\inst01_interval_n50_k8_d035_s1001.txt;interval;50;8;223;0.35;1001;42;50000;107;2270;13;13;10475.36;14898.13402;generation
0003_ea_personalized_inst01_interval_n50_k8_d035_s1001_s42;ea_personalized;inst01_interval_n50_k8_d035_s1001;experiments\20260618_124336_best_configs\instances\inst01_interval_n50_k8_d035_s1001.txt;interval;50;8;223;0.35;1001;42;50000;108;2299;13;13;13487.43;17532.26686;generation
0003_ea_personalized_inst01_interval_n50_k8_d035_s1001_s42;ea_personalized;inst01_interval_n50_k8_d035_s1001;experiments\20260618_124336_best_configs\instances\inst01_interval_n50_k8_d035_s1001.txt;interval;50;8;223;0.35;1001;42;50000;109;2329;13;13;11878.89;16835.32178;generation
0003_ea_personalized_inst01_interval_n50_k8_d035_s1001_s42;ea_personalized;inst01_interval_n50_k8_d035_s1001;experiments\20260618_124336_best_configs\instances\inst01_interval_n50_k8_d035_s1001.txt;interval;50;8;223;0.35;1001;42;50000;110;2370;13;13;12081.66;17052.15318;generation
0003_ea_personalized_inst01_interval_n50_k8_d035_s1001_s42;ea_personalized;inst01_interval_n50_k8_d035_s1001;experiments\20260618_124336_best_configs\instances\inst01_interval_n50_k8_d035_s1001.txt;interval;50;8;223;0.35;1001;42;50000;111;2408;13;13;9265.11;16436.7186;generation
0003_ea_personalized_inst01_interval_n50_k8_d035_s1001_s42;ea_personalized;inst01_interval_n50_k8_d035_s1001;experiments\20260618_124336_best_configs\instances\inst01_interval_n50_k8_d035_s1001.txt;interval;50;8;223;0.35;1001;42;50000;112;2443;13;13;10669.38;15161.43888;generation
0003_ea_personalized_inst01_interval_n50_k8_d035_s1001_s42;ea_personalized;inst01_interval_n50_k8_d035_s1001;experiments\20260618_124336_best_configs\instances\inst01_interval_n50_k8_d035_s1001.txt;interval;50;8;223;0.35;1001;42;50000;113;2470;13;13;12282.05;16048.88963;generation
0003_ea_personalized_inst01_interval_n50_k8_d035_s1001_s42;ea_personalized;inst01_interval_n50_k8_d035_s1001;experiments\20260618_124336_best_configs\instances\inst01_interval_n50_k8_d035_s1001.txt;interval;50;8;223;0.35;1001;42;50000;114;2498;13;13;8259.76;13055.96032;generation
0003_ea_personalized_inst01_interval_n50_k8_d035_s1001_s42;ea_personalized;inst01_interval_n50_k8_d035_s1001;experiments\20260618_124336_best_configs\instances\inst01_interval_n50_k8_d035_s1001.txt;interval;50;8;223;0.35;1001;42;50000;115;2528;13;13;9265.88;12841.1805;generation
0003_ea_personalized_inst01_interval_n50_k8_d035_s1001_s42;ea_personalized;inst01_interval_n50_k8_d035_s1001;experiments\20260618_124336_best_configs\instances\inst01_interval_n50_k8_d035_s1001.txt;interval;50;8;223;0.35;1001;42;50000;116;2554;13;13;11876.27;14796.5854;generation
0003_ea_personalized_inst01_interval_n50_k8_d035_s1001_s42;ea_personalized;inst01_interval_n50_k8_d035_s1001;experiments\20260618_124336_best_configs\instances\inst01_interval_n50_k8_d035_s1001.txt;interval;50;8;223;0.35;1001;42;50000;117;2587;13;13;11271.49;16893.59054;generation
0003_ea_personalized_inst01_interval_n50_k8_d035_s1001_s42;ea_personalized;inst01_interval_n50_k8_d035_s1001;experiments\20260618_124336_best_configs\instances\inst01_interval_n50_k8_d035_s1001.txt;interval;50;8;223;0.35;1001;42;50000;118;2604;13;13;11276.14;16650.89203;generation
0003_ea_personalized_inst01_interval_n50_k8_d035_s1001_s42;ea_personalized;inst01_interval_n50_k8_d035_s1001;experiments\20260618_124336_best_configs\instances\inst01_interval_n50_k8_d035_s1001.txt;interval;50;8;223;0.35;1001;42;50000;119;2627;13;13;12479.48;17473.2306;generation
0003_ea_personalized_inst01_interval_n50_k8_d035_s1001_s42;ea_personalized;inst01_interval_n50_k8_d035_s1001;experiments\20260618_124336_best_configs\instances\inst01_interval_n50_k8_d035_s1001.txt;interval;50;8;223;0.35;1001;42;50000;120;2646;13;13;11273.78;14856.35082;generation
0003_ea_personalized_inst01_interval_n50_k8_d035_s1001_s42;ea_personalized;inst01_interval_n50_k8_d035_s1001;experiments\20260618_124336_best_configs\instances\inst01_interval_n50_k8_d035_s1001.txt;interval;50;8;223;0.35;1001;42;50000;121;2662;13;13;11674.92;16860.2137;generation
0003_ea_personalized_inst01_interval_n50_k8_d035_s1001_s42;ea_personalized;inst01_interval_n50_k8_d035_s1001;experiments\20260618_124336_best_configs\instances\inst01_interval_n50_k8_d035_s1001.txt;interval;50;8;223;0.35;1001;42;50000;122;2678;13;13;13084.19;15918.61903;generation
0003_ea_personalized_inst01_interval_n50_k8_d035_s1001_s42;ea_personalized;inst01_interval_n50_k8_d035_s1001;experiments\20260618_124336_best_configs\instances\inst01_interval_n50_k8_d035_s1001.txt;interval;50;8;223;0.35;1001;42;50000;123;2695;13;13;11876.35;14797.24123;generation
0003_ea_personalized_inst01_interval_n50_k8_d035_s1001_s42;ea_personalized;inst01_interval_n50_k8_d035_s1001;experiments\20260618_124336_best_configs\instances\inst01_interval_n50_k8_d035_s1001.txt;interval;50;8;223;0.35;1001;42;50000;124;2711;13;13;9468.65;14618.08442;generation
0003_ea_personalized_inst01_interval_n50_k8_d035_s1001_s42;ea_personalized;inst01_interval_n50_k8_d035_s1001;experiments\20260618_124336_best_configs\instances\inst01_interval_n50_k8_d035_s1001.txt;interval;50;8;223;0.35;1001;42;50000;125;2725;13;13;13287.87;17568.42528;generation
0003_ea_personalized_inst01_interval_n50_k8_d035_s1001_s42;ea_personalized;inst01_interval_n50_k8_d035_s1001;experiments\20260618_124336_best_configs\instances\inst01_interval_n50_k8_d035_s1001.txt;interval;50;8;223;0.35;1001;42;50000;126;2744;13;13;10875.29;15676.22691;generation
0003_ea_personalized_inst01_interval_n50_k8_d035_s1001_s42;ea_personalized;inst01_interval_n50_k8_d035_s1001;experiments\20260618_124336_best_configs\instances\inst01_interval_n50_k8_d035_s1001.txt;interval;50;8;223;0.35;1001;42;50000;127;2760;13;13;12084.91;16078.01056;generation
0003_ea_personalized_inst01_interval_n50_k8_d035_s1001_s42;ea_personalized;inst01_interval_n50_k8_d035_s1001;experiments\20260618_124336_best_configs\instances\inst01_interval_n50_k8_d035_s1001.txt;interval;50;8;223;0.35;1001;42;50000;128;2776;13;13;9268.49;15152.44603;generation
0003_ea_personalized_inst01_interval_n50_k8_d035_s1001_s42;ea_personalized;inst01_interval_n50_k8_d035_s1001;experiments\20260618_124336_best_configs\instances\inst01_interval_n50_k8_d035_s1001.txt;interval;50;8;223;0.35;1001;42;50000;129;2793;13;13;10871.65;14607.89235;generation
0003_ea_personalized_inst01_interval_n50_k8_d035_s1001_s42;ea_personalized;inst01_interval_n50_k8_d035_s1001;experiments\20260618_124336_best_configs\instances\inst01_interval_n50_k8_d035_s1001.txt;interval;50;8;223;0.35;1001;42;50000;130;2810;13;13;10879.18;15147.44536;generation
0003_ea_personalized_inst01_interval_n50_k8_d035_s1001_s42;ea_personalized;inst01_interval_n50_k8_d035_s1001;experiments\20260618_124336_best_configs\instances\inst01_interval_n50_k8_d035_s1001.txt;interval;50;8;223;0.35;1001;42;50000;131;2828;13;13;10471.82;14347.82526;generation
0003_ea_personalized_inst01_interval_n50_k8_d035_s1001_s42;ea_personalized;inst01_interval_n50_k8_d035_s1001;experiments\20260618_124336_best_configs\instances\inst01_interval_n50_k8_d035_s1001.txt;interval;50;8;223;0.35;1001;42;50000;132;2842;13;13;12081.21;16572.48245;generation
0003_ea_personalized_inst01_interval_n50_k8_d035_s1001_s42;ea_personalized;inst01_interval_n50_k8_d035_s1001;experiments\20260618_124336_best_configs\instances\inst01_interval_n50_k8_d035_s1001.txt;interval;50;8;223;0.35;1001;42;50000;133;2857;13;13;10673.55;12534.63388;generation
0003_ea_personalized_inst01_interval_n50_k8_d035_s1001_s42;ea_personalized;inst01_interval_n50_k8_d035_s1001;experiments\20260618_124336_best_configs\instances\inst01_interval_n50_k8_d035_s1001.txt;interval;50;8;223;0.35;1001;42;50000;134;2878;13;13;11274.7;15648.63857;generation
0003_ea_personalized_inst01_interval_n50_k8_d035_s1001_s42;ea_personalized;inst01_interval_n50_k8_d035_s1001;experiments\20260618_124336_best_configs\instances\inst01_interval_n50_k8_d035_s1001.txt;interval;50;8;223;0.35;1001;42;50000;135;2902;13;13;15897.35;18482.58396;generation
0003_ea_personalized_inst01_interval_n50_k8_d035_s1001_s42;ea_personalized;inst01_interval_n50_k8_d035_s1001;experiments\20260618_124336_best_configs\instances\inst01_interval_n50_k8_d035_s1001.txt;interval;50;8;223;0.35;1001;42;50000;136;2914;13;13;11075.04;15919.14217;generation
0003_ea_personalized_inst01_interval_n50_k8_d035_s1001_s42;ea_personalized;inst01_interval_n50_k8_d035_s1001;experiments\20260618_124336_best_configs\instances\inst01_interval_n50_k8_d035_s1001.txt;interval;50;8;223;0.35;1001;42;50000;137;2928;13;13;10876.28;14606.87842;generation
0003_ea_personalized_inst01_interval_n50_k8_d035_s1001_s42;ea_personalized;inst01_interval_n50_k8_d035_s1001;experiments\20260618_124336_best_configs\instances\inst01_interval_n50_k8_d035_s1001.txt;interval;50;8;223;0.35;1001;42;50000;138;2941;13;13;11085.43;14588.80928;generation
0003_ea_personalized_inst01_interval_n50_k8_d035_s1001_s42;ea_personalized;inst01_interval_n50_k8_d035_s1001;experiments\20260618_124336_best_configs\instances\inst01_interval_n50_k8_d035_s1001.txt;interval;50;8;223;0.35;1001;42;50000;139;2954;13;13;12891.42;15176.41749;generation
0003_ea_personalized_inst01_interval_n50_k8_d035_s1001_s42;ea_personalized;inst01_interval_n50_k8_d035_s1001;experiments\20260618_124336_best_configs\instances\inst01_interval_n50_k8_d035_s1001.txt;interval;50;8;223;0.35;1001;42;50000;140;2969;13;13;9467.17;13475.74934;generation
0003_ea_personalized_inst01_interval_n50_k8_d035_s1001_s42;ea_personalized;inst01_interval_n50_k8_d035_s1001;experiments\20260618_124336_best_configs\instances\inst01_interval_n50_k8_d035_s1001.txt;interval;50;8;223;0.35;1001;42;50000;141;2983;13;13;11073.25;14316.88803;generation
0003_ea_personalized_inst01_interval_n50_k8_d035_s1001_s42;ea_personalized;inst01_interval_n50_k8_d035_s1001;experiments\20260618_124336_best_configs\instances\inst01_interval_n50_k8_d035_s1001.txt;interval;50;8;223;0.35;1001;42;50000;142;2999;13;13;9262.64;12844.88001;generation
0003_ea_personalized_inst01_interval_n50_k8_d035_s1001_s42;ea_personalized;inst01_interval_n50_k8_d035_s1001;experiments\20260618_124336_best_configs\instances\inst01_interval_n50_k8_d035_s1001.txt;interval;50;8;223;0.35;1001;42;50000;143;3015;13;13;11078.75;15398.90155;generation
0003_ea_personalized_inst01_interval_n50_k8_d035_s1001_s42;ea_personalized;inst01_interval_n50_k8_d035_s1001;experiments\20260618_124336_best_configs\instances\inst01_interval_n50_k8_d035_s1001.txt;interval;50;8;223;0.35;1001;42;50000;144;3034;13;13;9880.38;14065.32226;generation
0003_ea_personalized_inst01_interval_n50_k8_d035_s1001_s42;ea_personalized;inst01_interval_n50_k8_d035_s1001;experiments\20260618_124336_best_configs\instances\inst01_interval_n50_k8_d035_s1001.txt;interval;50;8;223;0.35;1001;42;50000;145;3047;13;13;13490.57;18868.90856;generation
0003_ea_personalized_inst01_interval_n50_k8_d035_s1001_s42;ea_personalized;inst01_interval_n50_k8_d035_s1001;experiments\20260618_124336_best_configs\instances\inst01_interval_n50_k8_d035_s1001.txt;interval;50;8;223;0.35;1001;42;50000;146;3061;13;13;13489.15;17984.21695;generation
0003_ea_personalized_inst01_interval_n50_k8_d035_s1001_s42;ea_personalized;inst01_interval_n50_k8_d035_s1001;experiments\20260618_124336_best_configs\instances\inst01_interval_n50_k8_d035_s1001.txt;interval;50;8;223;0.35;1001;42;50000;147;3080;13;13;11279.25;14577.39975;generation
0003_ea_personalized_inst01_interval_n50_k8_d035_s1001_s42;ea_personalized;inst01_interval_n50_k8_d035_s1001;experiments\20260618_124336_best_configs\instances\inst01_interval_n50_k8_d035_s1001.txt;interval;50;8;223;0.35;1001;42;50000;148;3097;13;13;12280.4;15010.84654;generation
0003_ea_personalized_inst01_interval_n50_k8_d035_s1001_s42;ea_personalized;inst01_interval_n50_k8_d035_s1001;experiments\20260618_124336_best_configs\instances\inst01_interval_n50_k8_d035_s1001.txt;interval;50;8;223;0.35;1001;42;50000;149;3111;13;13;10073.04;14069.91628;generation
0003_ea_personalized_inst01_interval_n50_k8_d035_s1001_s42;ea_personalized;inst01_interval_n50_k8_d035_s1001;experiments\20260618_124336_best_configs\instances\inst01_interval_n50_k8_d035_s1001.txt;interval;50;8;223;0.35;1001;42;50000;150;3126;13;13;11280.14;15124.18618;generation
0003_ea_personalized_inst01_interval_n50_k8_d035_s1001_s42;ea_personalized;inst01_interval_n50_k8_d035_s1001;experiments\20260618_124336_best_configs\instances\inst01_interval_n50_k8_d035_s1001.txt;interval;50;8;223;0.35;1001;42;50000;151;3140;13;13;10675.25;14615.32254;generation
0003_ea_personalized_inst01_interval_n50_k8_d035_s1001_s42;ea_personalized;inst01_interval_n50_k8_d035_s1001;experiments\20260618_124336_best_configs\instances\inst01_interval_n50_k8_d035_s1001.txt;interval;50;8;223;0.35;1001;42;50000;152;3156;13;13;10876.95;15933.02667;generation
0003_ea_personalized_inst01_interval_n50_k8_d035_s1001_s42;ea_personalized;inst01_interval_n50_k8_d035_s1001;experiments\20260618_124336_best_configs\instances\inst01_interval_n50_k8_d035_s1001.txt;interval;50;8;223;0.35;1001;42;50000;153;3174;13;13;10071.22;15439.74618;generation
0003_ea_personalized_inst01_interval_n50_k8_d035_s1001_s42;ea_personalized;inst01_interval_n50_k8_d035_s1001;experiments\20260618_124336_best_configs\instances\inst01_interval_n50_k8_d035_s1001.txt;interval;50;8;223;0.35;1001;42;50000;154;3192;13;13;11674.75;17790.89536;generation
0003_ea_personalized_inst01_interval_n50_k8_d035_s1001_s42;ea_personalized;inst01_interval_n50_k8_d035_s1001;experiments\20260618_124336_best_configs\instances\inst01_interval_n50_k8_d035_s1001.txt;interval;50;8;223;0.35;1001;42;50000;155;3204;13;13;11471.33;15635.69565;generation
0003_ea_personalized_inst01_interval_n50_k8_d035_s1001_s42;ea_personalized;inst01_interval_n50_k8_d035_s1001;experiments\20260618_124336_best_configs\instances\inst01_interval_n50_k8_d035_s1001.txt;interval;50;8;223;0.35;1001;42;50000;156;3226;13;13;9069.98;15135.64239;generation
0003_ea_personalized_inst01_interval_n50_k8_d035_s1001_s42;ea_personalized;inst01_interval_n50_k8_d035_s1001;experiments\20260618_124336_best_configs\instances\inst01_interval_n50_k8_d035_s1001.txt;interval;50;8;223;0.35;1001;42;50000;157;3246;13;13;10671.91;14890.9971;generation
0003_ea_personalized_inst01_interval_n50_k8_d035_s1001_s42;ea_personalized;inst01_interval_n50_k8_d035_s1001;experiments\20260618_124336_best_configs\instances\inst01_interval_n50_k8_d035_s1001.txt;interval;50;8;223;0.35;1001;42;50000;158;3265;13;13;10071.5;14349.98216;generation
0003_ea_personalized_inst01_interval_n50_k8_d035_s1001_s42;ea_personalized;inst01_interval_n50_k8_d035_s1001;experiments\20260618_124336_best_configs\instances\inst01_interval_n50_k8_d035_s1001.txt;interval;50;8;223;0.35;1001;42;50000;159;3282;13;13;10878.42;16427.79418;generation
0003_ea_personalized_inst01_interval_n50_k8_d035_s1001_s42;ea_personalized;inst01_interval_n50_k8_d035_s1001;experiments\20260618_124336_best_configs\instances\inst01_interval_n50_k8_d035_s1001.txt;interval;50;8;223;0.35;1001;42;50000;160;3295;13;13;9470.59;15169.33352;generation
0003_ea_personalized_inst01_interval_n50_k8_d035_s1001_s42;ea_personalized;inst01_interval_n50_k8_d035_s1001;experiments\20260618_124336_best_configs\instances\inst01_interval_n50_k8_d035_s1001.txt;interval;50;8;223;0.35;1001;42;50000;161;3308;13;13;14292.11;18038.82587;generation
0003_ea_personalized_inst01_interval_n50_k8_d035_s1001_s42;ea_personalized;inst01_interval_n50_k8_d035_s1001;experiments\20260618_124336_best_configs\instances\inst01_interval_n50_k8_d035_s1001.txt;interval;50;8;223;0.35;1001;42;50000;162;3319;13;13;14897.32;18110.5382;generation
0003_ea_personalized_inst01_interval_n50_k8_d035_s1001_s42;ea_personalized;inst01_interval_n50_k8_d035_s1001;experiments\20260618_124336_best_configs\instances\inst01_interval_n50_k8_d035_s1001.txt;interval;50;8;223;0.35;1001;42;50000;163;3331;13;13;12084.47;14769.35989;generation
0003_ea_personalized_inst01_interval_n50_k8_d035_s1001_s42;ea_personalized;inst01_interval_n50_k8_d035_s1001;experiments\20260618_124336_best_configs\instances\inst01_interval_n50_k8_d035_s1001.txt;interval;50;8;223;0.35;1001;42;50000;164;3346;13;13;11479.14;14559.77812;generation
0003_ea_personalized_inst01_interval_n50_k8_d035_s1001_s42;ea_personalized;inst01_interval_n50_k8_d035_s1001;experiments\20260618_124336_best_configs\instances\inst01_interval_n50_k8_d035_s1001.txt;interval;50;8;223;0.35;1001;42;50000;165;3362;13;13;12281.45;16791.28528;generation
0003_ea_personalized_inst01_interval_n50_k8_d035_s1001_s42;ea_personalized;inst01_interval_n50_k8_d035_s1001;experiments\20260618_124336_best_configs\instances\inst01_interval_n50_k8_d035_s1001.txt;interval;50;8;223;0.35;1001;42;50000;166;3374;13;13;7460.67;14109.58267;generation
0003_ea_personalized_inst01_interval_n50_k8_d035_s1001_s42;ea_personalized;inst01_interval_n50_k8_d035_s1001;experiments\20260618_124336_best_configs\instances\inst01_interval_n50_k8_d035_s1001.txt;interval;50;8;223;0.35;1001;42;50000;167;3391;13;13;13897.95;17213.7667;generation
0003_ea_personalized_inst01_interval_n50_k8_d035_s1001_s42;ea_personalized;inst01_interval_n50_k8_d035_s1001;experiments\20260618_124336_best_configs\instances\inst01_interval_n50_k8_d035_s1001.txt;interval;50;8;223;0.35;1001;42;50000;168;3403;13;13;13488.87;17988.23976;generation
0003_ea_personalized_inst01_interval_n50_k8_d035_s1001_s42;ea_personalized;inst01_interval_n50_k8_d035_s1001;experiments\20260618_124336_best_configs\instances\inst01_interval_n50_k8_d035_s1001.txt;interval;50;8;223;0.35;1001;42;50000;169;3418;13;13;11476.68;16640.27545;generation
0003_ea_personalized_inst01_interval_n50_k8_d035_s1001_s42;ea_personalized;inst01_interval_n50_k8_d035_s1001;experiments\20260618_124336_best_configs\instances\inst01_interval_n50_k8_d035_s1001.txt;interval;50;8;223;0.35;1001;42;50000;170;3431;13;13;13687.8;18393.23681;generation
0003_ea_personalized_inst01_interval_n50_k8_d035_s1001_s42;ea_personalized;inst01_interval_n50_k8_d035_s1001;experiments\20260618_124336_best_configs\instances\inst01_interval_n50_k8_d035_s1001.txt;interval;50;8;223;0.35;1001;42;50000;171;3442;13;13;10072.47;15434.06146;generation
0003_ea_personalized_inst01_interval_n50_k8_d035_s1001_s42;ea_personalized;inst01_interval_n50_k8_d035_s1001;experiments\20260618_124336_best_configs\instances\inst01_interval_n50_k8_d035_s1001.txt;interval;50;8;223;0.35;1001;42;50000;172;3453;13;13;11880.53;14792.31888;generation
0003_ea_personalized_inst01_interval_n50_k8_d035_s1001_s42;ea_personalized;inst01_interval_n50_k8_d035_s1001;experiments\20260618_124336_best_configs\instances\inst01_interval_n50_k8_d035_s1001.txt;interval;50;8;223;0.35;1001;42;50000;173;3464;13;13;12081.44;16076.95784;generation
0003_ea_personalized_inst01_interval_n50_k8_d035_s1001_s42;ea_personalized;inst01_interval_n50_k8_d035_s1001;experiments\20260618_124336_best_configs\instances\inst01_interval_n50_k8_d035_s1001.txt;interval;50;8;223;0.35;1001;42;50000;174;3478;13;13;9267.17;13752.277;generation
0003_ea_personalized_inst01_interval_n50_k8_d035_s1001_s42;ea_personalized;inst01_interval_n50_k8_d035_s1001;experiments\20260618_124336_best_configs\instances\inst01_interval_n50_k8_d035_s1001.txt;interval;50;8;223;0.35;1001;42;50000;175;3492;13;13;12486.65;16760.33302;generation
0003_ea_personalized_inst01_interval_n50_k8_d035_s1001_s42;ea_personalized;inst01_interval_n50_k8_d035_s1001;experiments\20260618_124336_best_configs\instances\inst01_interval_n50_k8_d035_s1001.txt;interval;50;8;223;0.35;1001;42;50000;176;3503;13;13;13284.93;15625.85734;generation
0003_ea_personalized_inst01_interval_n50_k8_d035_s1001_s42;ea_personalized;inst01_interval_n50_k8_d035_s1001;experiments\20260618_124336_best_configs\instances\inst01_interval_n50_k8_d035_s1001.txt;interval;50;8;223;0.35;1001;42;50000;177;3516;13;13;11878.03;16102.04473;generation
0003_ea_personalized_inst01_interval_n50_k8_d035_s1001_s42;ea_personalized;inst01_interval_n50_k8_d035_s1001;experiments\20260618_124336_best_configs\instances\inst01_interval_n50_k8_d035_s1001.txt;interval;50;8;223;0.35;1001;42;50000;178;3529;13;13;12880.77;15958.91012;generation
0003_ea_personalized_inst01_interval_n50_k8_d035_s1001_s42;ea_personalized;inst01_interval_n50_k8_d035_s1001;experiments\20260618_124336_best_configs\instances\inst01_interval_n50_k8_d035_s1001.txt;interval;50;8;223;0.35;1001;42;50000;179;3541;13;13;9865.49;15172.13494;generation
0003_ea_personalized_inst01_interval_n50_k8_d035_s1001_s42;ea_personalized;inst01_interval_n50_k8_d035_s1001;experiments\20260618_124336_best_configs\instances\inst01_interval_n50_k8_d035_s1001.txt;interval;50;8;223;0.35;1001;42;50000;180;3552;13;13;11476.5;15109.08553;generation
0003_ea_personalized_inst01_interval_n50_k8_d035_s1001_s42;ea_personalized;inst01_interval_n50_k8_d035_s1001;experiments\20260618_124336_best_configs\instances\inst01_interval_n50_k8_d035_s1001.txt;interval;50;8;223;0.35;1001;42;50000;181;3564;13;13;11672.66;18462.04104;generation
0003_ea_personalized_inst01_interval_n50_k8_d035_s1001_s42;ea_personalized;inst01_interval_n50_k8_d035_s1001;experiments\20260618_124336_best_configs\instances\inst01_interval_n50_k8_d035_s1001.txt;interval;50;8;223;0.35;1001;42;50000;182;3574;13;13;9864.8;13777.15133;generation
0003_ea_personalized_inst01_interval_n50_k8_d035_s1001_s42;ea_personalized;inst01_interval_n50_k8_d035_s1001;experiments\20260618_124336_best_configs\instances\inst01_interval_n50_k8_d035_s1001.txt;interval;50;8;223;0.35;1001;42;50000;183;3585;13;13;12480.51;14978.42536;generation
0003_ea_personalized_inst01_interval_n50_k8_d035_s1001_s42;ea_personalized;inst01_interval_n50_k8_d035_s1001;experiments\20260618_124336_best_configs\instances\inst01_interval_n50_k8_d035_s1001.txt;interval;50;8;223;0.35;1001;42;50000;184;3595;13;13;11472.82;15377.66384;generation
0003_ea_personalized_inst01_interval_n50_k8_d035_s1001_s42;ea_personalized;inst01_interval_n50_k8_d035_s1001;experiments\20260618_124336_best_configs\instances\inst01_interval_n50_k8_d035_s1001.txt;interval;50;8;223;0.35;1001;42;50000;185;3606;13;13;12078.89;15823.57641;generation
0003_ea_personalized_inst01_interval_n50_k8_d035_s1001_s42;ea_personalized;inst01_interval_n50_k8_d035_s1001;experiments\20260618_124336_best_configs\instances\inst01_interval_n50_k8_d035_s1001.txt;interval;50;8;223;0.35;1001;42;50000;186;3617;13;13;12280.39;16789.40252;generation
0003_ea_personalized_inst01_interval_n50_k8_d035_s1001_s42;ea_personalized;inst01_interval_n50_k8_d035_s1001;experiments\20260618_124336_best_configs\instances\inst01_interval_n50_k8_d035_s1001.txt;interval;50;8;223;0.35;1001;42;50000;187;3628;13;13;11680.31;16120.47952;generation
0003_ea_personalized_inst01_interval_n50_k8_d035_s1001_s42;ea_personalized;inst01_interval_n50_k8_d035_s1001;experiments\20260618_124336_best_configs\instances\inst01_interval_n50_k8_d035_s1001.txt;interval;50;8;223;0.35;1001;42;50000;188;3638;13;13;8068.97;13630.7728;generation
0003_ea_personalized_inst01_interval_n50_k8_d035_s1001_s42;ea_personalized;inst01_interval_n50_k8_d035_s1001;experiments\20260618_124336_best_configs\instances\inst01_interval_n50_k8_d035_s1001.txt;interval;50;8;223;0.35;1001;42;50000;189;3648;13;13;12895.41;17862.30581;generation
0003_ea_personalized_inst01_interval_n50_k8_d035_s1001_s42;ea_personalized;inst01_interval_n50_k8_d035_s1001;experiments\20260618_124336_best_configs\instances\inst01_interval_n50_k8_d035_s1001.txt;interval;50;8;223;0.35;1001;42;50000;190;3659;13;13;10278.76;14067.03369;generation
0003_ea_personalized_inst01_interval_n50_k8_d035_s1001_s42;ea_personalized;inst01_interval_n50_k8_d035_s1001;experiments\20260618_124336_best_configs\instances\inst01_interval_n50_k8_d035_s1001.txt;interval;50;8;223;0.35;1001;42;50000;191;3668;13;13;10672.72;14890.47916;generation
0003_ea_personalized_inst01_interval_n50_k8_d035_s1001_s42;ea_personalized;inst01_interval_n50_k8_d035_s1001;experiments\20260618_124336_best_configs\instances\inst01_interval_n50_k8_d035_s1001.txt;interval;50;8;223;0.35;1001;42;50000;192;3679;13;13;12077.62;15566.73054;generation
0003_ea_personalized_inst01_interval_n50_k8_d035_s1001_s42;ea_personalized;inst01_interval_n50_k8_d035_s1001;experiments\20260618_124336_best_configs\instances\inst01_interval_n50_k8_d035_s1001.txt;interval;50;8;223;0.35;1001;42;50000;193;3689;13;13;11881.41;15062.86668;generation
0003_ea_personalized_inst01_interval_n50_k8_d035_s1001_s42;ea_personalized;inst01_interval_n50_k8_d035_s1001;experiments\20260618_124336_best_configs\instances\inst01_interval_n50_k8_d035_s1001.txt;interval;50;8;223;0.35;1001;42;50000;194;3700;13;13;11073.92;14596.37044;generation
0003_ea_personalized_inst01_interval_n50_k8_d035_s1001_s42;ea_personalized;inst01_interval_n50_k8_d035_s1001;experiments\20260618_124336_best_configs\instances\inst01_interval_n50_k8_d035_s1001.txt;interval;50;8;223;0.35;1001;42;50000;195;3710;13;13;10674.77;14336.85957;generation
0003_ea_personalized_inst01_interval_n50_k8_d035_s1001_s42;ea_personalized;inst01_interval_n50_k8_d035_s1001;experiments\20260618_124336_best_configs\instances\inst01_interval_n50_k8_d035_s1001.txt;interval;50;8;223;0.35;1001;42;50000;196;3720;13;13;9272.46;15153.63995;generation
0003_ea_personalized_inst01_interval_n50_k8_d035_s1001_s42;ea_personalized;inst01_interval_n50_k8_d035_s1001;experiments\20260618_124336_best_configs\instances\inst01_interval_n50_k8_d035_s1001.txt;interval;50;8;223;0.35;1001;42;50000;197;3730;13;13;11675.18;17331.81458;generation
0003_ea_personalized_inst01_interval_n50_k8_d035_s1001_s42;ea_personalized;inst01_interval_n50_k8_d035_s1001;experiments\20260618_124336_best_configs\instances\inst01_interval_n50_k8_d035_s1001.txt;interval;50;8;223;0.35;1001;42;50000;198;3741;13;13;11680.65;16854.87553;generation
0003_ea_personalized_inst01_interval_n50_k8_d035_s1001_s42;ea_personalized;inst01_interval_n50_k8_d035_s1001;experiments\20260618_124336_best_configs\instances\inst01_interval_n50_k8_d035_s1001.txt;interval;50;8;223;0.35;1001;42;50000;199;3750;13;13;9063.97;13144.88602;generation
0003_ea_personalized_inst01_interval_n50_k8_d035_s1001_s42;ea_personalized;inst01_interval_n50_k8_d035_s1001;experiments\20260618_124336_best_configs\instances\inst01_interval_n50_k8_d035_s1001.txt;interval;50;8;223;0.35;1001;42;50000;200;3760;13;13;10876.24;14044.23168;generation
0003_ea_personalized_inst01_interval_n50_k8_d035_s1001_s42;ea_personalized;inst01_interval_n50_k8_d035_s1001;experiments\20260618_124336_best_configs\instances\inst01_interval_n50_k8_d035_s1001.txt;interval;50;8;223;0.35;1001;42;50000;201;3769;13;13;12483.12;16518.33093;generation
0003_ea_personalized_inst01_interval_n50_k8_d035_s1001_s42;ea_personalized;inst01_interval_n50_k8_d035_s1001;experiments\20260618_124336_best_configs\instances\inst01_interval_n50_k8_d035_s1001.txt;interval;50;8;223;0.35;1001;42;50000;202;3779;13;13;10069.42;14351.07129;generation
0003_ea_personalized_inst01_interval_n50_k8_d035_s1001_s42;ea_personalized;inst01_interval_n50_k8_d035_s1001;experiments\20260618_124336_best_configs\instances\inst01_interval_n50_k8_d035_s1001.txt;interval;50;8;223;0.35;1001;42;50000;203;3789;13;13;11281.03;16400.5354;generation
0003_ea_personalized_inst01_interval_n50_k8_d035_s1001_s42;ea_personalized;inst01_interval_n50_k8_d035_s1001;experiments\20260618_124336_best_configs\instances\inst01_interval_n50_k8_d035_s1001.txt;interval;50;8;223;0.35;1001;42;50000;204;3799;13;13;11275.61;15905.10576;generation
0003_ea_personalized_inst01_interval_n50_k8_d035_s1001_s42;ea_personalized;inst01_interval_n50_k8_d035_s1001;experiments\20260618_124336_best_configs\instances\inst01_interval_n50_k8_d035_s1001.txt;interval;50;8;223;0.35;1001;42;50000;205;3809;13;13;10882.86;15411.16652;generation
0003_ea_personalized_inst01_interval_n50_k8_d035_s1001_s42;ea_personalized;inst01_interval_n50_k8_d035_s1001;experiments\20260618_124336_best_configs\instances\inst01_interval_n50_k8_d035_s1001.txt;interval;50;8;223;0.35;1001;42;50000;206;3819;13;13;11482.85;17116.09981;generation
0003_ea_personalized_inst01_interval_n50_k8_d035_s1001_s42;ea_personalized;inst01_interval_n50_k8_d035_s1001;experiments\20260618_124336_best_configs\instances\inst01_interval_n50_k8_d035_s1001.txt;interval;50;8;223;0.35;1001;42;50000;207;3828;13;13;9868.31;13477.82565;generation
0003_ea_personalized_inst01_interval_n50_k8_d035_s1001_s42;ea_personalized;inst01_interval_n50_k8_d035_s1001;experiments\20260618_124336_best_configs\instances\inst01_interval_n50_k8_d035_s1001.txt;interval;50;8;223;0.35;1001;42;50000;208;3838;13;13;13685.45;16787.94127;generation
0003_ea_personalized_inst01_interval_n50_k8_d035_s1001_s42;ea_personalized;inst01_interval_n50_k8_d035_s1001;experiments\20260618_124336_best_configs\instances\inst01_interval_n50_k8_d035_s1001.txt;interval;50;8;223;0.35;1001;42;50000;209;3848;13;13;12481.47;17001.1281;generation
0003_ea_personalized_inst01_interval_n50_k8_d035_s1001_s42;ea_personalized;inst01_interval_n50_k8_d035_s1001;experiments\20260618_124336_best_configs\instances\inst01_interval_n50_k8_d035_s1001.txt;interval;50;8;223;0.35;1001;42;50000;210;3857;13;13;10473.63;14625.32486;generation
0003_ea_personalized_inst01_interval_n50_k8_d035_s1001_s42;ea_personalized;inst01_interval_n50_k8_d035_s1001;experiments\20260618_124336_best_configs\instances\inst01_interval_n50_k8_d035_s1001.txt;interval;50;8;223;0.35;1001;42;50000;211;3867;13;13;10472.15;15692.45983;generation
0003_ea_personalized_inst01_interval_n50_k8_d035_s1001_s42;ea_personalized;inst01_interval_n50_k8_d035_s1001;experiments\20260618_124336_best_configs\instances\inst01_interval_n50_k8_d035_s1001.txt;interval;50;8;223;0.35;1001;42;50000;212;3877;13;13;9062.91;12182.72355;generation
0003_ea_personalized_inst01_interval_n50_k8_d035_s1001_s42;ea_personalized;inst01_interval_n50_k8_d035_s1001;experiments\20260618_124336_best_configs\instances\inst01_interval_n50_k8_d035_s1001.txt;interval;50;8;223;0.35;1001;42;50000;213;3886;13;13;10673.41;16191.33069;generation
0003_ea_personalized_inst01_interval_n50_k8_d035_s1001_s42;ea_personalized;inst01_interval_n50_k8_d035_s1001;experiments\20260618_124336_best_configs\instances\inst01_interval_n50_k8_d035_s1001.txt;interval;50;8;223;0.35;1001;42;50000;214;3899;13;13;8463.09;13384.76305;generation
0003_ea_personalized_inst01_interval_n50_k8_d035_s1001_s42;ea_personalized;inst01_interval_n50_k8_d035_s1001;experiments\20260618_124336_best_configs\instances\inst01_interval_n50_k8_d035_s1001.txt;interval;50;8;223;0.35;1001;42;50000;215;3910;13;13;9665.78;15691.28402;generation
0003_ea_personalized_inst01_interval_n50_k8_d035_s1001_s42;ea_personalized;inst01_interval_n50_k8_d035_s1001;experiments\20260618_124336_best_configs\instances\inst01_interval_n50_k8_d035_s1001.txt;interval;50;8;223;0.35;1001;42;50000;216;3921;13;13;13086.42;18283.77813;generation
0003_ea_personalized_inst01_interval_n50_k8_d035_s1001_s42;ea_personalized;inst01_interval_n50_k8_d035_s1001;experiments\20260618_124336_best_configs\instances\inst01_interval_n50_k8_d035_s1001.txt;interval;50;8;223;0.35;1001;42;50000;217;3933;13;13;12682.83;17440.47883;generation
0003_ea_personalized_inst01_interval_n50_k8_d035_s1001_s42;ea_personalized;inst01_interval_n50_k8_d035_s1001;experiments\20260618_124336_best_configs\instances\inst01_interval_n50_k8_d035_s1001.txt;interval;50;8;223;0.35;1001;42;50000;218;3944;13;13;9265.55;13455.79453;generation
0003_ea_personalized_inst01_interval_n50_k8_d035_s1001_s42;ea_personalized;inst01_interval_n50_k8_d035_s1001;experiments\20260618_124336_best_configs\instances\inst01_interval_n50_k8_d035_s1001.txt;interval;50;8;223;0.35;1001;42;50000;219;3957;13;13;11679.83;15611.65752;generation
0003_ea_personalized_inst01_interval_n50_k8_d035_s1001_s42;ea_personalized;inst01_interval_n50_k8_d035_s1001;experiments\20260618_124336_best_configs\instances\inst01_interval_n50_k8_d035_s1001.txt;interval;50;8;223;0.35;1001;42;50000;220;3975;13;13;9868.85;14631.01787;generation
0003_ea_personalized_inst01_interval_n50_k8_d035_s1001_s42;ea_personalized;inst01_interval_n50_k8_d035_s1001;experiments\20260618_124336_best_configs\instances\inst01_interval_n50_k8_d035_s1001.txt;interval;50;8;223;0.35;1001;42;50000;221;3991;13;13;10273.17;15433.82858;generation
0003_ea_personalized_inst01_interval_n50_k8_d035_s1001_s42;ea_personalized;inst01_interval_n50_k8_d035_s1001;experiments\20260618_124336_best_configs\instances\inst01_interval_n50_k8_d035_s1001.txt;interval;50;8;223;0.35;1001;42;50000;222;4002;13;13;11676.27;14541.47116;generation
0003_ea_personalized_inst01_interval_n50_k8_d035_s1001_s42;ea_personalized;inst01_interval_n50_k8_d035_s1001;experiments\20260618_124336_best_configs\instances\inst01_interval_n50_k8_d035_s1001.txt;interval;50;8;223;0.35;1001;42;50000;223;4013;13;13;12084.92;17285.94392;generation
0003_ea_personalized_inst01_interval_n50_k8_d035_s1001_s42;ea_personalized;inst01_interval_n50_k8_d035_s1001;experiments\20260618_124336_best_configs\instances\inst01_interval_n50_k8_d035_s1001.txt;interval;50;8;223;0.35;1001;42;50000;224;4024;13;13;11479.99;16632.55811;generation
0003_ea_personalized_inst01_interval_n50_k8_d035_s1001_s42;ea_personalized;inst01_interval_n50_k8_d035_s1001;experiments\20260618_124336_best_configs\instances\inst01_interval_n50_k8_d035_s1001.txt;interval;50;8;223;0.35;1001;42;50000;225;4034;13;13;12079.14;16815.47482;generation
0003_ea_personalized_inst01_interval_n50_k8_d035_s1001_s42;ea_personalized;inst01_interval_n50_k8_d035_s1001;experiments\20260618_124336_best_configs\instances\inst01_interval_n50_k8_d035_s1001.txt;interval;50;8;223;0.35;1001;42;50000;226;4047;13;13;12485.38;16516.68511;generation
0003_ea_personalized_inst01_interval_n50_k8_d035_s1001_s42;ea_personalized;inst01_interval_n50_k8_d035_s1001;experiments\20260618_124336_best_configs\instances\inst01_interval_n50_k8_d035_s1001.txt;interval;50;8;223;0.35;1001;42;50000;227;4059;13;13;12686.44;18340.53676;generation
0003_ea_personalized_inst01_interval_n50_k8_d035_s1001_s42;ea_personalized;inst01_interval_n50_k8_d035_s1001;experiments\20260618_124336_best_configs\instances\inst01_interval_n50_k8_d035_s1001.txt;interval;50;8;223;0.35;1001;42;50000;228;4069;13;13;13891.65;17215.2915;generation
0003_ea_personalized_inst01_interval_n50_k8_d035_s1001_s42;ea_personalized;inst01_interval_n50_k8_d035_s1001;experiments\20260618_124336_best_configs\instances\inst01_interval_n50_k8_d035_s1001.txt;interval;50;8;223;0.35;1001;42;50000;229;4082;13;13;12886.79;16944.51788;generation
0003_ea_personalized_inst01_interval_n50_k8_d035_s1001_s42;ea_personalized;inst01_interval_n50_k8_d035_s1001;experiments\20260618_124336_best_configs\instances\inst01_interval_n50_k8_d035_s1001.txt;interval;50;8;223;0.35;1001;42;50000;230;4094;13;13;12083.04;17526.74153;generation
0003_ea_personalized_inst01_interval_n50_k8_d035_s1001_s42;ea_personalized;inst01_interval_n50_k8_d035_s1001;experiments\20260618_124336_best_configs\instances\inst01_interval_n50_k8_d035_s1001.txt;interval;50;8;223;0.35;1001;42;50000;231;4105;13;13;12076.45;15306.00177;generation
0003_ea_personalized_inst01_interval_n50_k8_d035_s1001_s42;ea_personalized;inst01_interval_n50_k8_d035_s1001;experiments\20260618_124336_best_configs\instances\inst01_interval_n50_k8_d035_s1001.txt;interval;50;8;223;0.35;1001;42;50000;232;4115;13;13;10472.61;16196.07882;generation
0003_ea_personalized_inst01_interval_n50_k8_d035_s1001_s42;ea_personalized;inst01_interval_n50_k8_d035_s1001;experiments\20260618_124336_best_configs\instances\inst01_interval_n50_k8_d035_s1001.txt;interval;50;8;223;0.35;1001;42;50000;233;4125;13;13;12280.27;17266.85943;generation
0003_ea_personalized_inst01_interval_n50_k8_d035_s1001_s42;ea_personalized;inst01_interval_n50_k8_d035_s1001;experiments\20260618_124336_best_configs\instances\inst01_interval_n50_k8_d035_s1001.txt;interval;50;8;223;0.35;1001;42;50000;234;4136;13;13;8060.23;13923.57124;generation
0003_ea_personalized_inst01_interval_n50_k8_d035_s1001_s42;ea_personalized;inst01_interval_n50_k8_d035_s1001;experiments\20260618_124336_best_configs\instances\inst01_interval_n50_k8_d035_s1001.txt;interval;50;8;223;0.35;1001;42;50000;235;4146;13;13;10873.68;14881.16284;generation
0003_ea_personalized_inst01_interval_n50_k8_d035_s1001_s42;ea_personalized;inst01_interval_n50_k8_d035_s1001;experiments\20260618_124336_best_configs\instances\inst01_interval_n50_k8_d035_s1001.txt;interval;50;8;223;0.35;1001;42;50000;236;4159;13;13;8054.87;12712.06321;generation
0003_ea_personalized_inst01_interval_n50_k8_d035_s1001_s42;ea_personalized;inst01_interval_n50_k8_d035_s1001;experiments\20260618_124336_best_configs\instances\inst01_interval_n50_k8_d035_s1001.txt;interval;50;8;223;0.35;1001;42;50000;237;4173;13;13;11675.13;14542.26523;generation
0003_ea_personalized_inst01_interval_n50_k8_d035_s1001_s42;ea_personalized;inst01_interval_n50_k8_d035_s1001;experiments\20260618_124336_best_configs\instances\inst01_interval_n50_k8_d035_s1001.txt;interval;50;8;223;0.35;1001;42;50000;238;4188;13;13;11272.08;17135.03909;generation
0003_ea_personalized_inst01_interval_n50_k8_d035_s1001_s42;ea_personalized;inst01_interval_n50_k8_d035_s1001;experiments\20260618_124336_best_configs\instances\inst01_interval_n50_k8_d035_s1001.txt;interval;50;8;223;0.35;1001;42;50000;239;4200;13;13;13085.55;15662.75162;generation
0003_ea_personalized_inst01_interval_n50_k8_d035_s1001_s42;ea_personalized;inst01_interval_n50_k8_d035_s1001;experiments\20260618_124336_best_configs\instances\inst01_interval_n50_k8_d035_s1001.txt;interval;50;8;223;0.35;1001;42;50000;240;4211;13;13;11884.47;15332.34558;generation
0003_ea_personalized_inst01_interval_n50_k8_d035_s1001_s42;ea_personalized;inst01_interval_n50_k8_d035_s1001;experiments\20260618_124336_best_configs\instances\inst01_interval_n50_k8_d035_s1001.txt;interval;50;8;223;0.35;1001;42;50000;241;4221;13;13;10071.25;15172.51976;generation
0003_ea_personalized_inst01_interval_n50_k8_d035_s1001_s42;ea_personalized;inst01_interval_n50_k8_d035_s1001;experiments\20260618_124336_best_configs\instances\inst01_interval_n50_k8_d035_s1001.txt;interval;50;8;223;0.35;1001;42;50000;242;4232;13;13;10469.19;14064.5402;generation
0003_ea_personalized_inst01_interval_n50_k8_d035_s1001_s42;ea_personalized;inst01_interval_n50_k8_d035_s1001;experiments\20260618_124336_best_configs\instances\inst01_interval_n50_k8_d035_s1001.txt;interval;50;8;223;0.35;1001;42;50000;243;4242;13;13;13285.02;17339.01047;generation
0003_ea_personalized_inst01_interval_n50_k8_d035_s1001_s42;ea_personalized;inst01_interval_n50_k8_d035_s1001;experiments\20260618_124336_best_configs\instances\inst01_interval_n50_k8_d035_s1001.txt;interval;50;8;223;0.35;1001;42;50000;244;4253;13;13;9469.73;13761.52607;generation
0003_ea_personalized_inst01_interval_n50_k8_d035_s1001_s42;ea_personalized;inst01_interval_n50_k8_d035_s1001;experiments\20260618_124336_best_configs\instances\inst01_interval_n50_k8_d035_s1001.txt;interval;50;8;223;0.35;1001;42;50000;245;4265;13;13;11675.58;17331.33604;generation
0003_ea_personalized_inst01_interval_n50_k8_d035_s1001_s42;ea_personalized;inst01_interval_n50_k8_d035_s1001;experiments\20260618_124336_best_configs\instances\inst01_interval_n50_k8_d035_s1001.txt;interval;50;8;223;0.35;1001;42;50000;246;4276;13;13;10068.31;14353.00208;generation
0003_ea_personalized_inst01_interval_n50_k8_d035_s1001_s42;ea_personalized;inst01_interval_n50_k8_d035_s1001;experiments\20260618_124336_best_configs\instances\inst01_interval_n50_k8_d035_s1001.txt;interval;50;8;223;0.35;1001;42;50000;247;4288;13;13;11471.13;16144.75874;generation
0003_ea_personalized_inst01_interval_n50_k8_d035_s1001_s42;ea_personalized;inst01_interval_n50_k8_d035_s1001;experiments\20260618_124336_best_configs\instances\inst01_interval_n50_k8_d035_s1001.txt;interval;50;8;223;0.35;1001;42;50000;248;4302;13;13;11072.88;14870.00079;generation
0003_ea_personalized_inst01_interval_n50_k8_d035_s1001_s42;ea_personalized;inst01_interval_n50_k8_d035_s1001;experiments\20260618_124336_best_configs\instances\inst01_interval_n50_k8_d035_s1001.txt;interval;50;8;223;0.35;1001;42;50000;249;4316;13;13;10674.64;14895.84028;generation
0003_ea_personalized_inst01_interval_n50_k8_d035_s1001_s42;ea_personalized;inst01_interval_n50_k8_d035_s1001;experiments\20260618_124336_best_configs\instances\inst01_interval_n50_k8_d035_s1001.txt;interval;50;8;223;0.35;1001;42;50000;250;4330;13;13;11073.14;16171.94474;generation
0003_ea_personalized_inst01_interval_n50_k8_d035_s1001_s42;ea_personalized;inst01_interval_n50_k8_d035_s1001;experiments\20260618_124336_best_configs\instances\inst01_interval_n50_k8_d035_s1001.txt;interval;50;8;223;0.35;1001;42;50000;251;4344;13;13;12681.54;17440.73381;generation
0003_ea_personalized_inst01_interval_n50_k8_d035_s1001_s42;ea_personalized;inst01_interval_n50_k8_d035_s1001;experiments\20260618_124336_best_configs\instances\inst01_interval_n50_k8_d035_s1001.txt;interval;50;8;223;0.35;1001;42;50000;252;4359;13;13;11078.68;16170.27833;generation
0003_ea_personalized_inst01_interval_n50_k8_d035_s1001_s42;ea_personalized;inst01_interval_n50_k8_d035_s1001;experiments\20260618_124336_best_configs\instances\inst01_interval_n50_k8_d035_s1001.txt;interval;50;8;223;0.35;1001;42;50000;253;4371;13;13;9663.96;16446.06322;generation
0003_ea_personalized_inst01_interval_n50_k8_d035_s1001_s42;ea_personalized;inst01_interval_n50_k8_d035_s1001;experiments\20260618_124336_best_configs\instances\inst01_interval_n50_k8_d035_s1001.txt;interval;50;8;223;0.35;1001;42;50000;254;4381;13;13;11476.97;14281.06054;generation
0003_ea_personalized_inst01_interval_n50_k8_d035_s1001_s42;ea_personalized;inst01_interval_n50_k8_d035_s1001;experiments\20260618_124336_best_configs\instances\inst01_interval_n50_k8_d035_s1001.txt;interval;50;8;223;0.35;1001;42;50000;255;4392;13;13;11679.36;15359.48625;generation
0003_ea_personalized_inst01_interval_n50_k8_d035_s1001_s42;ea_personalized;inst01_interval_n50_k8_d035_s1001;experiments\20260618_124336_best_configs\instances\inst01_interval_n50_k8_d035_s1001.txt;interval;50;8;223;0.35;1001;42;50000;256;4403;13;13;11272.97;15907.04789;generation
0003_ea_personalized_inst01_interval_n50_k8_d035_s1001_s42;ea_personalized;inst01_interval_n50_k8_d035_s1001;experiments\20260618_124336_best_configs\instances\inst01_interval_n50_k8_d035_s1001.txt;interval;50;8;223;0.35;1001;42;50000;257;4415;13;13;12074.83;16816.69075;generation
0003_ea_personalized_inst01_interval_n50_k8_d035_s1001_s42;ea_personalized;inst01_interval_n50_k8_d035_s1001;experiments\20260618_124336_best_configs\instances\inst01_interval_n50_k8_d035_s1001.txt;interval;50;8;223;0.35;1001;42;50000;258;4427;13;13;13085.8;16171.35961;generation
0003_ea_personalized_inst01_interval_n50_k8_d035_s1001_s42;ea_personalized;inst01_interval_n50_k8_d035_s1001;experiments\20260618_124336_best_configs\instances\inst01_interval_n50_k8_d035_s1001.txt;interval;50;8;223;0.35;1001;42;50000;259;4438;13;13;12885.25;17871.68087;generation
0003_ea_personalized_inst01_interval_n50_k8_d035_s1001_s42;ea_personalized;inst01_interval_n50_k8_d035_s1001;experiments\20260618_124336_best_configs\instances\inst01_interval_n50_k8_d035_s1001.txt;interval;50;8;223;0.35;1001;42;50000;260;4449;13;13;10272.18;15180.07153;generation
0003_ea_personalized_inst01_interval_n50_k8_d035_s1001_s42;ea_personalized;inst01_interval_n50_k8_d035_s1001;experiments\20260618_124336_best_configs\instances\inst01_interval_n50_k8_d035_s1001.txt;interval;50;8;223;0.35;1001;42;50000;261;4460;13;13;11276.29;16404.70099;generation
0003_ea_personalized_inst01_interval_n50_k8_d035_s1001_s42;ea_personalized;inst01_interval_n50_k8_d035_s1001;experiments\20260618_124336_best_configs\instances\inst01_interval_n50_k8_d035_s1001.txt;interval;50;8;223;0.35;1001;42;50000;262;4475;13;13;14292.38;15113.89343;generation
0003_ea_personalized_inst01_interval_n50_k8_d035_s1001_s42;ea_personalized;inst01_interval_n50_k8_d035_s1001;experiments\20260618_124336_best_configs\instances\inst01_interval_n50_k8_d035_s1001.txt;interval;50;8;223;0.35;1001;42;50000;263;4498;13;13;12688.52;16974.34604;generation
0003_ea_personalized_inst01_interval_n50_k8_d035_s1001_s42;ea_personalized;inst01_interval_n50_k8_d035_s1001;experiments\20260618_124336_best_configs\instances\inst01_interval_n50_k8_d035_s1001.txt;interval;50;8;223;0.35;1001;42;50000;264;4520;13;13;9467.32;13765.47007;generation
0003_ea_personalized_inst01_interval_n50_k8_d035_s1001_s42;ea_personalized;inst01_interval_n50_k8_d035_s1001;experiments\20260618_124336_best_configs\instances\inst01_interval_n50_k8_d035_s1001.txt;interval;50;8;223;0.35;1001;42;50000;265;4543;13;13;12076.83;14494.11867;generation
0003_ea_personalized_inst01_interval_n50_k8_d035_s1001_s42;ea_personalized;inst01_interval_n50_k8_d035_s1001;experiments\20260618_124336_best_configs\instances\inst01_interval_n50_k8_d035_s1001.txt;interval;50;8;223;0.35;1001;42;50000;266;4557;13;13;12280.64;16786.77873;generation
0003_ea_personalized_inst01_interval_n50_k8_d035_s1001_s42;ea_personalized;inst01_interval_n50_k8_d035_s1001;experiments\20260618_124336_best_configs\instances\inst01_interval_n50_k8_d035_s1001.txt;interval;50;8;223;0.35;1001;42;50000;267;4576;13;13;11272.24;13725.4765;generation
0003_ea_personalized_inst01_interval_n50_k8_d035_s1001_s42;ea_personalized;inst01_interval_n50_k8_d035_s1001;experiments\20260618_124336_best_configs\instances\inst01_interval_n50_k8_d035_s1001.txt;interval;50;8;223;0.35;1001;42;50000;268;4598;13;13;12878.9;17412.65743;generation
0003_ea_personalized_inst01_interval_n50_k8_d035_s1001_s42;ea_personalized;inst01_interval_n50_k8_d035_s1001;experiments\20260618_124336_best_configs\instances\inst01_interval_n50_k8_d035_s1001.txt;interval;50;8;223;0.35;1001;42;50000;269;4630;13;13;12881.51;14908.82067;generation
0003_ea_personalized_inst01_interval_n50_k8_d035_s1001_s42;ea_personalized;inst01_interval_n50_k8_d035_s1001;experiments\20260618_124336_best_configs\instances\inst01_interval_n50_k8_d035_s1001.txt;interval;50;8;223;0.35;1001;42;50000;270;4651;13;13;9467.94;13465.50663;generation
0003_ea_personalized_inst01_interval_n50_k8_d035_s1001_s42;ea_personalized;inst01_interval_n50_k8_d035_s1001;experiments\20260618_124336_best_configs\instances\inst01_interval_n50_k8_d035_s1001.txt;interval;50;8;223;0.35;1001;42;50000;271;4673;13;13;11481.69;14277.33784;generation
0003_ea_personalized_inst01_interval_n50_k8_d035_s1001_s42;ea_personalized;inst01_interval_n50_k8_d035_s1001;experiments\20260618_124336_best_configs\instances\inst01_interval_n50_k8_d035_s1001.txt;interval;50;8;223;0.35;1001;42;50000;272;4694;13;13;11486;16393.1855;generation
0003_ea_personalized_inst01_interval_n50_k8_d035_s1001_s42;ea_personalized;inst01_interval_n50_k8_d035_s1001;experiments\20260618_124336_best_configs\instances\inst01_interval_n50_k8_d035_s1001.txt;interval;50;8;223;0.35;1001;42;50000;273;4716;13;13;14291.96;15911.3985;generation
0003_ea_personalized_inst01_interval_n50_k8_d035_s1001_s42;ea_personalized;inst01_interval_n50_k8_d035_s1001;experiments\20260618_124336_best_configs\instances\inst01_interval_n50_k8_d035_s1001.txt;interval;50;8;223;0.35;1001;42;50000;274;4742;13;13;11674.7;15870.98455;generation
0003_ea_personalized_inst01_interval_n50_k8_d035_s1001_s42;ea_personalized;inst01_interval_n50_k8_d035_s1001;experiments\20260618_124336_best_configs\instances\inst01_interval_n50_k8_d035_s1001.txt;interval;50;8;223;0.35;1001;42;50000;275;4766;13;13;9264.73;14329.47953;generation
0003_ea_personalized_inst01_interval_n50_k8_d035_s1001_s42;ea_personalized;inst01_interval_n50_k8_d035_s1001;experiments\20260618_124336_best_configs\instances\inst01_interval_n50_k8_d035_s1001.txt;interval;50;8;223;0.35;1001;42;50000;276;4786;13;13;9467.22;15939.3019;generation
0003_ea_personalized_inst01_interval_n50_k8_d035_s1001_s42;ea_personalized;inst01_interval_n50_k8_d035_s1001;experiments\20260618_124336_best_configs\instances\inst01_interval_n50_k8_d035_s1001.txt;interval;50;8;223;0.35;1001;42;50000;277;4810;13;13;7659.93;14709.04062;generation
0003_ea_personalized_inst01_interval_n50_k8_d035_s1001_s42;ea_personalized;inst01_interval_n50_k8_d035_s1001;experiments\20260618_124336_best_configs\instances\inst01_interval_n50_k8_d035_s1001.txt;interval;50;8;223;0.35;1001;42;50000;278;4833;13;13;11075.94;14037.65617;generation
0003_ea_personalized_inst01_interval_n50_k8_d035_s1001_s42;ea_personalized;inst01_interval_n50_k8_d035_s1001;experiments\20260618_124336_best_configs\instances\inst01_interval_n50_k8_d035_s1001.txt;interval;50;8;223;0.35;1001;42;50000;279;4855;13;13;10672.24;14892.40621;generation
0003_ea_personalized_inst01_interval_n50_k8_d035_s1001_s42;ea_personalized;inst01_interval_n50_k8_d035_s1001;experiments\20260618_124336_best_configs\instances\inst01_interval_n50_k8_d035_s1001.txt;interval;50;8;223;0.35;1001;42;50000;280;4882;13;13;9266.27;13455.5009;generation
0003_ea_personalized_inst01_interval_n50_k8_d035_s1001_s42;ea_personalized;inst01_interval_n50_k8_d035_s1001;experiments\20260618_124336_best_configs\instances\inst01_interval_n50_k8_d035_s1001.txt;interval;50;8;223;0.35;1001;42;50000;281;4911;13;13;12281.17;17028.90891;generation
0003_ea_personalized_inst01_interval_n50_k8_d035_s1001_s42;ea_personalized;inst01_interval_n50_k8_d035_s1001;experiments\20260618_124336_best_configs\instances\inst01_interval_n50_k8_d035_s1001.txt;interval;50;8;223;0.35;1001;42;50000;282;4938;13;13;11477.95;16144.65098;generation
0003_ea_personalized_inst01_interval_n50_k8_d035_s1001_s42;ea_personalized;inst01_interval_n50_k8_d035_s1001;experiments\20260618_124336_best_configs\instances\inst01_interval_n50_k8_d035_s1001.txt;interval;50;8;223;0.35;1001;42;50000;283;4963;13;13;11476.97;16874.00497;generation
0003_ea_personalized_inst01_interval_n50_k8_d035_s1001_s42;ea_personalized;inst01_interval_n50_k8_d035_s1001;experiments\20260618_124336_best_configs\instances\inst01_interval_n50_k8_d035_s1001.txt;interval;50;8;223;0.35;1001;42;50000;284;4987;13;13;11682.66;15353.34822;generation
0003_ea_personalized_inst01_interval_n50_k8_d035_s1001_s42;ea_personalized;inst01_interval_n50_k8_d035_s1001;experiments\20260618_124336_best_configs\instances\inst01_interval_n50_k8_d035_s1001.txt;interval;50;8;223;0.35;1001;42;50000;285;5014;13;13;11276.13;15122.74743;generation
0003_ea_personalized_inst01_interval_n50_k8_d035_s1001_s42;ea_personalized;inst01_interval_n50_k8_d035_s1001;experiments\20260618_124336_best_configs\instances\inst01_interval_n50_k8_d035_s1001.txt;interval;50;8;223;0.35;1001;42;50000;286;5042;13;13;9269.98;12838.52048;generation
0003_ea_personalized_inst01_interval_n50_k8_d035_s1001_s42;ea_personalized;inst01_interval_n50_k8_d035_s1001;experiments\20260618_124336_best_configs\instances\inst01_interval_n50_k8_d035_s1001.txt;interval;50;8;223;0.35;1001;42;50000;287;5061;13;13;11276.02;16408.16901;generation
0003_ea_personalized_inst01_interval_n50_k8_d035_s1001_s42;ea_personalized;inst01_interval_n50_k8_d035_s1001;experiments\20260618_124336_best_configs\instances\inst01_interval_n50_k8_d035_s1001.txt;interval;50;8;223;0.35;1001;42;50000;288;5089;13;13;10476.26;14345.97219;generation
0003_ea_personalized_inst01_interval_n50_k8_d035_s1001_s42;ea_personalized;inst01_interval_n50_k8_d035_s1001;experiments\20260618_124336_best_configs\instances\inst01_interval_n50_k8_d035_s1001.txt;interval;50;8;223;0.35;1001;42;50000;289;5116;13;13;12886.86;15439.55977;generation
0003_ea_personalized_inst01_interval_n50_k8_d035_s1001_s42;ea_personalized;inst01_interval_n50_k8_d035_s1001;experiments\20260618_124336_best_configs\instances\inst01_interval_n50_k8_d035_s1001.txt;interval;50;8;223;0.35;1001;42;50000;290;5142;13;13;13290.18;14831.58309;generation
0003_ea_personalized_inst01_interval_n50_k8_d035_s1001_s42;ea_personalized;inst01_interval_n50_k8_d035_s1001;experiments\20260618_124336_best_configs\instances\inst01_interval_n50_k8_d035_s1001.txt;interval;50;8;223;0.35;1001;42;50000;291;5196;13;13;13290.67;16379.82109;generation
0003_ea_personalized_inst01_interval_n50_k8_d035_s1001_s42;ea_personalized;inst01_interval_n50_k8_d035_s1001;experiments\20260618_124336_best_configs\instances\inst01_interval_n50_k8_d035_s1001.txt;interval;50;8;223;0.35;1001;42;50000;292;5223;13;13;11076.91;15403.46538;generation
0003_ea_personalized_inst01_interval_n50_k8_d035_s1001_s42;ea_personalized;inst01_interval_n50_k8_d035_s1001;experiments\20260618_124336_best_configs\instances\inst01_interval_n50_k8_d035_s1001.txt;interval;50;8;223;0.35;1001;42;50000;293;5251;13;13;10876.6;14332.47862;generation
0003_ea_personalized_inst01_interval_n50_k8_d035_s1001_s42;ea_personalized;inst01_interval_n50_k8_d035_s1001;experiments\20260618_124336_best_configs\instances\inst01_interval_n50_k8_d035_s1001.txt;interval;50;8;223;0.35;1001;42;50000;294;5291;13;13;8473.07;13677.68887;generation
0003_ea_personalized_inst01_interval_n50_k8_d035_s1001_s42;ea_personalized;inst01_interval_n50_k8_d035_s1001;experiments\20260618_124336_best_configs\instances\inst01_interval_n50_k8_d035_s1001.txt;interval;50;8;223;0.35;1001;42;50000;295;5328;13;13;9670.16;13774.39107;generation
0003_ea_personalized_inst01_interval_n50_k8_d035_s1001_s42;ea_personalized;inst01_interval_n50_k8_d035_s1001;experiments\20260618_124336_best_configs\instances\inst01_interval_n50_k8_d035_s1001.txt;interval;50;8;223;0.35;1001;42;50000;296;5364;13;13;10473.29;16929.79549;generation
0003_ea_personalized_inst01_interval_n50_k8_d035_s1001_s42;ea_personalized;inst01_interval_n50_k8_d035_s1001;experiments\20260618_124336_best_configs\instances\inst01_interval_n50_k8_d035_s1001.txt;interval;50;8;223;0.35;1001;42;50000;297;5389;13;13;11274.57;14854.6802;generation
0003_ea_personalized_inst01_interval_n50_k8_d035_s1001_s42;ea_personalized;inst01_interval_n50_k8_d035_s1001;experiments\20260618_124336_best_configs\instances\inst01_interval_n50_k8_d035_s1001.txt;interval;50;8;223;0.35;1001;42;50000;298;5418;13;13;9062.8;14032.46263;generation
0003_ea_personalized_inst01_interval_n50_k8_d035_s1001_s42;ea_personalized;inst01_interval_n50_k8_d035_s1001;experiments\20260618_124336_best_configs\instances\inst01_interval_n50_k8_d035_s1001.txt;interval;50;8;223;0.35;1001;42;50000;299;5450;13;13;13287.53;18022.22686;generation
0003_ea_personalized_inst01_interval_n50_k8_d035_s1001_s42;ea_personalized;inst01_interval_n50_k8_d035_s1001;experiments\20260618_124336_best_configs\instances\inst01_interval_n50_k8_d035_s1001.txt;interval;50;8;223;0.35;1001;42;50000;300;5483;13;13;12078.48;17055.39804;generation
0003_ea_personalized_inst01_interval_n50_k8_d035_s1001_s42;ea_personalized;inst01_interval_n50_k8_d035_s1001;experiments\20260618_124336_best_configs\instances\inst01_interval_n50_k8_d035_s1001.txt;interval;50;8;223;0.35;1001;42;50000;301;5512;13;13;13084.2;17606.11313;generation
0003_ea_personalized_inst01_interval_n50_k8_d035_s1001_s42;ea_personalized;inst01_interval_n50_k8_d035_s1001;experiments\20260618_124336_best_configs\instances\inst01_interval_n50_k8_d035_s1001.txt;interval;50;8;223;0.35;1001;42;50000;302;5540;13;13;9470.25;13762.64538;generation
0003_ea_personalized_inst01_interval_n50_k8_d035_s1001_s42;ea_personalized;inst01_interval_n50_k8_d035_s1001;experiments\20260618_124336_best_configs\instances\inst01_interval_n50_k8_d035_s1001.txt;interval;50;8;223;0.35;1001;42;50000;303;5572;13;13;9868.22;14630.21597;generation
0003_ea_personalized_inst01_interval_n50_k8_d035_s1001_s42;ea_personalized;inst01_interval_n50_k8_d035_s1001;experiments\20260618_124336_best_configs\instances\inst01_interval_n50_k8_d035_s1001.txt;interval;50;8;223;0.35;1001;42;50000;304;5601;13;13;13887.33;17215.94199;generation
0003_ea_personalized_inst01_interval_n50_k8_d035_s1001_s42;ea_personalized;inst01_interval_n50_k8_d035_s1001;experiments\20260618_124336_best_configs\instances\inst01_interval_n50_k8_d035_s1001.txt;interval;50;8;223;0.35;1001;42;50000;305;5630;13;13;14488.27;16838.09109;generation
0003_ea_personalized_inst01_interval_n50_k8_d035_s1001_s42;ea_personalized;inst01_interval_n50_k8_d035_s1001;experiments\20260618_124336_best_configs\instances\inst01_interval_n50_k8_d035_s1001.txt;interval;50;8;223;0.35;1001;42;50000;306;5656;13;13;12682.66;16240.62927;generation
0003_ea_personalized_inst01_interval_n50_k8_d035_s1001_s42;ea_personalized;inst01_interval_n50_k8_d035_s1001;experiments\20260618_124336_best_configs\instances\inst01_interval_n50_k8_d035_s1001.txt;interval;50;8;223;0.35;1001;42;50000;307;5682;13;13;11077.26;14596.09367;generation
0003_ea_personalized_inst01_interval_n50_k8_d035_s1001_s42;ea_personalized;inst01_interval_n50_k8_d035_s1001;experiments\20260618_124336_best_configs\instances\inst01_interval_n50_k8_d035_s1001.txt;interval;50;8;223;0.35;1001;42;50000;308;5705;13;13;13287.16;17108.05906;generation
0003_ea_personalized_inst01_interval_n50_k8_d035_s1001_s42;ea_personalized;inst01_interval_n50_k8_d035_s1001;experiments\20260618_124336_best_configs\instances\inst01_interval_n50_k8_d035_s1001.txt;interval;50;8;223;0.35;1001;42;50000;309;5728;13;13;13483.2;16828.53328;generation
0003_ea_personalized_inst01_interval_n50_k8_d035_s1001_s42;ea_personalized;inst01_interval_n50_k8_d035_s1001;experiments\20260618_124336_best_configs\instances\inst01_interval_n50_k8_d035_s1001.txt;interval;50;8;223;0.35;1001;42;50000;310;5746;13;13;11275.08;13724.91708;generation
0003_ea_personalized_inst01_interval_n50_k8_d035_s1001_s42;ea_personalized;inst01_interval_n50_k8_d035_s1001;experiments\20260618_124336_best_configs\instances\inst01_interval_n50_k8_d035_s1001.txt;interval;50;8;223;0.35;1001;42;50000;311;5774;13;13;14692.17;18388.988;generation
0003_ea_personalized_inst01_interval_n50_k8_d035_s1001_s42;ea_personalized;inst01_interval_n50_k8_d035_s1001;experiments\20260618_124336_best_configs\instances\inst01_interval_n50_k8_d035_s1001.txt;interval;50;8;223;0.35;1001;42;50000;312;5796;13;13;9667.5;13770.89545;generation
0003_ea_personalized_inst01_interval_n50_k8_d035_s1001_s42;ea_personalized;inst01_interval_n50_k8_d035_s1001;experiments\20260618_124336_best_configs\instances\inst01_interval_n50_k8_d035_s1001.txt;interval;50;8;223;0.35;1001;42;50000;313;5813;13;13;13284.48;16625.39374;generation
0003_ea_personalized_inst01_interval_n50_k8_d035_s1001_s42;ea_personalized;inst01_interval_n50_k8_d035_s1001;experiments\20260618_124336_best_configs\instances\inst01_interval_n50_k8_d035_s1001.txt;interval;50;8;223;0.35;1001;42;50000;314;5840;13;13;12881.97;15442.8317;generation
0003_ea_personalized_inst01_interval_n50_k8_d035_s1001_s42;ea_personalized;inst01_interval_n50_k8_d035_s1001;experiments\20260618_124336_best_configs\instances\inst01_interval_n50_k8_d035_s1001.txt;interval;50;8;223;0.35;1001;42;50000;315;5860;13;13;13483.03;15056.75603;generation
0003_ea_personalized_inst01_interval_n50_k8_d035_s1001_s42;ea_personalized;inst01_interval_n50_k8_d035_s1001;experiments\20260618_124336_best_configs\instances\inst01_interval_n50_k8_d035_s1001.txt;interval;50;8;223;0.35;1001;42;50000;316;5883;13;13;9867.44;15695.71464;generation
0003_ea_personalized_inst01_interval_n50_k8_d035_s1001_s42;ea_personalized;inst01_interval_n50_k8_d035_s1001;experiments\20260618_124336_best_configs\instances\inst01_interval_n50_k8_d035_s1001.txt;interval;50;8;223;0.35;1001;42;50000;317;5909;13;13;11673.07;15089.78897;generation
0003_ea_personalized_inst01_interval_n50_k8_d035_s1001_s42;ea_personalized;inst01_interval_n50_k8_d035_s1001;experiments\20260618_124336_best_configs\instances\inst01_interval_n50_k8_d035_s1001.txt;interval;50;8;223;0.35;1001;42;50000;318;5930;13;13;9063.47;13139.30466;generation
0003_ea_personalized_inst01_interval_n50_k8_d035_s1001_s42;ea_personalized;inst01_interval_n50_k8_d035_s1001;experiments\20260618_124336_best_configs\instances\inst01_interval_n50_k8_d035_s1001.txt;interval;50;8;223;0.35;1001;42;50000;319;5954;13;13;10271.1;14064.19815;generation
0003_ea_personalized_inst01_interval_n50_k8_d035_s1001_s42;ea_personalized;inst01_interval_n50_k8_d035_s1001;experiments\20260618_124336_best_configs\instances\inst01_interval_n50_k8_d035_s1001.txt;interval;50;8;223;0.35;1001;42;50000;320;5977;13;13;12681.33;16488.90426;generation
0003_ea_personalized_inst01_interval_n50_k8_d035_s1001_s42;ea_personalized;inst01_interval_n50_k8_d035_s1001;experiments\20260618_124336_best_configs\instances\inst01_interval_n50_k8_d035_s1001.txt;interval;50;8;223;0.35;1001;42;50000;321;5997;13;13;12477.5;16274.72456;generation
0003_ea_personalized_inst01_interval_n50_k8_d035_s1001_s42;ea_personalized;inst01_interval_n50_k8_d035_s1001;experiments\20260618_124336_best_configs\instances\inst01_interval_n50_k8_d035_s1001.txt;interval;50;8;223;0.35;1001;42;50000;322;6017;13;13;9865.05;12549.37874;generation
0003_ea_personalized_inst01_interval_n50_k8_d035_s1001_s42;ea_personalized;inst01_interval_n50_k8_d035_s1001;experiments\20260618_124336_best_configs\instances\inst01_interval_n50_k8_d035_s1001.txt;interval;50;8;223;0.35;1001;42;50000;323;6036;13;13;12887.2;18961.37276;generation
0003_ea_personalized_inst01_interval_n50_k8_d035_s1001_s42;ea_personalized;inst01_interval_n50_k8_d035_s1001;experiments\20260618_124336_best_configs\instances\inst01_interval_n50_k8_d035_s1001.txt;interval;50;8;223;0.35;1001;42;50000;324;6056;13;13;11676.15;14261.61627;generation
0003_ea_personalized_inst01_interval_n50_k8_d035_s1001_s42;ea_personalized;inst01_interval_n50_k8_d035_s1001;experiments\20260618_124336_best_configs\instances\inst01_interval_n50_k8_d035_s1001.txt;interval;50;8;223;0.35;1001;42;50000;325;6080;13;13;9470.05;15688.74147;generation
0003_ea_personalized_inst01_interval_n50_k8_d035_s1001_s42;ea_personalized;inst01_interval_n50_k8_d035_s1001;experiments\20260618_124336_best_configs\instances\inst01_interval_n50_k8_d035_s1001.txt;interval;50;8;223;0.35;1001;42;50000;326;6096;13;13;11880.31;15062.11051;generation
0003_ea_personalized_inst01_interval_n50_k8_d035_s1001_s42;ea_personalized;inst01_interval_n50_k8_d035_s1001;experiments\20260618_124336_best_configs\instances\inst01_interval_n50_k8_d035_s1001.txt;interval;50;8;223;0.35;1001;42;50000;327;6115;13;13;12489.35;16756.32771;generation
0003_ea_personalized_inst01_interval_n50_k8_d035_s1001_s42;ea_personalized;inst01_interval_n50_k8_d035_s1001;experiments\20260618_124336_best_configs\instances\inst01_interval_n50_k8_d035_s1001.txt;interval;50;8;223;0.35;1001;42;50000;328;6134;13;13;10674.27;14058.37747;generation
0003_ea_personalized_inst01_interval_n50_k8_d035_s1001_s42;ea_personalized;inst01_interval_n50_k8_d035_s1001;experiments\20260618_124336_best_configs\instances\inst01_interval_n50_k8_d035_s1001.txt;interval;50;8;223;0.35;1001;42;50000;329;6150;13;13;11070.1;15142.36674;generation
0003_ea_personalized_inst01_interval_n50_k8_d035_s1001_s42;ea_personalized;inst01_interval_n50_k8_d035_s1001;experiments\20260618_124336_best_configs\instances\inst01_interval_n50_k8_d035_s1001.txt;interval;50;8;223;0.35;1001;42;50000;330;6170;13;13;11477.82;15886.97748;generation
0003_ea_personalized_inst01_interval_n50_k8_d035_s1001_s42;ea_personalized;inst01_interval_n50_k8_d035_s1001;experiments\20260618_124336_best_configs\instances\inst01_interval_n50_k8_d035_s1001.txt;interval;50;8;223;0.35;1001;42;50000;331;6191;13;13;12482.43;14979.94705;generation
0003_ea_personalized_inst01_interval_n50_k8_d035_s1001_s42;ea_personalized;inst01_interval_n50_k8_d035_s1001;experiments\20260618_124336_best_configs\instances\inst01_interval_n50_k8_d035_s1001.txt;interval;50;8;223;0.35;1001;42;50000;332;6211;13;13;12483.93;16019.10179;generation
0003_ea_personalized_inst01_interval_n50_k8_d035_s1001_s42;ea_personalized;inst01_interval_n50_k8_d035_s1001;experiments\20260618_124336_best_configs\instances\inst01_interval_n50_k8_d035_s1001.txt;interval;50;8;223;0.35;1001;42;50000;333;6232;13;13;9666.94;13771.31502;generation
0003_ea_personalized_inst01_interval_n50_k8_d035_s1001_s42;ea_personalized;inst01_interval_n50_k8_d035_s1001;experiments\20260618_124336_best_configs\instances\inst01_interval_n50_k8_d035_s1001.txt;interval;50;8;223;0.35;1001;42;50000;334;6259;13;13;11073.03;15404.47047;generation
0003_ea_personalized_inst01_interval_n50_k8_d035_s1001_s42;ea_personalized;inst01_interval_n50_k8_d035_s1001;experiments\20260618_124336_best_configs\instances\inst01_interval_n50_k8_d035_s1001.txt;interval;50;8;223;0.35;1001;42;50000;335;6281;13;13;11074.38;14035.61262;generation
0003_ea_personalized_inst01_interval_n50_k8_d035_s1001_s42;ea_personalized;inst01_interval_n50_k8_d035_s1001;experiments\20260618_124336_best_configs\instances\inst01_interval_n50_k8_d035_s1001.txt;interval;50;8;223;0.35;1001;42;50000;336;6309;13;13;8467.56;13387.25987;generation
0003_ea_personalized_inst01_interval_n50_k8_d035_s1001_s42;ea_personalized;inst01_interval_n50_k8_d035_s1001;experiments\20260618_124336_best_configs\instances\inst01_interval_n50_k8_d035_s1001.txt;interval;50;8;223;0.35;1001;42;50000;337;6328;13;13;11270.13;14858.58307;generation
0003_ea_personalized_inst01_interval_n50_k8_d035_s1001_s42;ea_personalized;inst01_interval_n50_k8_d035_s1001;experiments\20260618_124336_best_configs\instances\inst01_interval_n50_k8_d035_s1001.txt;interval;50;8;223;0.35;1001;42;50000;338;6348;13;13;12879.66;17410.53138;generation
0003_ea_personalized_inst01_interval_n50_k8_d035_s1001_s42;ea_personalized;inst01_interval_n50_k8_d035_s1001;experiments\20260618_124336_best_configs\instances\inst01_interval_n50_k8_d035_s1001.txt;interval;50;8;223;0.35;1001;42;50000;339;6365;13;13;8257.97;12422.3823;generation
0003_ea_personalized_inst01_interval_n50_k8_d035_s1001_s42;ea_personalized;inst01_interval_n50_k8_d035_s1001;experiments\20260618_124336_best_configs\instances\inst01_interval_n50_k8_d035_s1001.txt;interval;50;8;223;0.35;1001;42;50000;340;6380;13;13;9665.98;15691.32069;generation
0003_ea_personalized_inst01_interval_n50_k8_d035_s1001_s42;ea_personalized;inst01_interval_n50_k8_d035_s1001;experiments\20260618_124336_best_configs\instances\inst01_interval_n50_k8_d035_s1001.txt;interval;50;8;223;0.35;1001;42;50000;341;6404;13;13;10271.3;15169.70602;generation
0003_ea_personalized_inst01_interval_n50_k8_d035_s1001_s42;ea_personalized;inst01_interval_n50_k8_d035_s1001;experiments\20260618_124336_best_configs\instances\inst01_interval_n50_k8_d035_s1001.txt;interval;50;8;223;0.35;1001;42;50000;342;6426;13;13;10875.13;14882.14991;generation
0003_ea_personalized_inst01_interval_n50_k8_d035_s1001_s42;ea_personalized;inst01_interval_n50_k8_d035_s1001;experiments\20260618_124336_best_configs\instances\inst01_interval_n50_k8_d035_s1001.txt;interval;50;8;223;0.35;1001;42;50000;343;6440;13;13;10273.71;16198.59853;generation
0003_ea_personalized_inst01_interval_n50_k8_d035_s1001_s42;ea_personalized;inst01_interval_n50_k8_d035_s1001;experiments\20260618_124336_best_configs\instances\inst01_interval_n50_k8_d035_s1001.txt;interval;50;8;223;0.35;1001;42;50000;344;6459;13;13;10877.37;15149.53804;generation
0003_ea_personalized_inst01_interval_n50_k8_d035_s1001_s42;ea_personalized;inst01_interval_n50_k8_d035_s1001;experiments\20260618_124336_best_configs\instances\inst01_interval_n50_k8_d035_s1001.txt;interval;50;8;223;0.35;1001;42;50000;345;6479;13;13;12887.64;17867.15797;generation
0003_ea_personalized_inst01_interval_n50_k8_d035_s1001_s42;ea_personalized;inst01_interval_n50_k8_d035_s1001;experiments\20260618_124336_best_configs\instances\inst01_interval_n50_k8_d035_s1001.txt;interval;50;8;223;0.35;1001;42;50000;346;6498;13;13;12079.95;16816.50442;generation
0003_ea_personalized_inst01_interval_n50_k8_d035_s1001_s42;ea_personalized;inst01_interval_n50_k8_d035_s1001;experiments\20260618_124336_best_configs\instances\inst01_interval_n50_k8_d035_s1001.txt;interval;50;8;223;0.35;1001;42;50000;347;6514;13;13;9667.36;15167.67357;generation
0003_ea_personalized_inst01_interval_n50_k8_d035_s1001_s42;ea_personalized;inst01_interval_n50_k8_d035_s1001;experiments\20260618_124336_best_configs\instances\inst01_interval_n50_k8_d035_s1001.txt;interval;50;8;223;0.35;1001;42;50000;348;6531;13;13;13685.74;16785.49856;generation
0003_ea_personalized_inst01_interval_n50_k8_d035_s1001_s42;ea_personalized;inst01_interval_n50_k8_d035_s1001;experiments\20260618_124336_best_configs\instances\inst01_interval_n50_k8_d035_s1001.txt;interval;50;8;223;0.35;1001;42;50000;349;6548;13;13;14097.27;17402.62624;generation
0003_ea_personalized_inst01_interval_n50_k8_d035_s1001_s42;ea_personalized;inst01_interval_n50_k8_d035_s1001;experiments\20260618_124336_best_configs\instances\inst01_interval_n50_k8_d035_s1001.txt;interval;50;8;223;0.35;1001;42;50000;350;6563;13;13;9264.88;16181.93585;generation
0003_ea_personalized_inst01_interval_n50_k8_d035_s1001_s42;ea_personalized;inst01_interval_n50_k8_d035_s1001;experiments\20260618_124336_best_configs\instances\inst01_interval_n50_k8_d035_s1001.txt;interval;50;8;223;0.35;1001;42;50000;351;6580;13;13;7862.61;12350.97191;generation
0003_ea_personalized_inst01_interval_n50_k8_d035_s1001_s42;ea_personalized;inst01_interval_n50_k8_d035_s1001;experiments\20260618_124336_best_configs\instances\inst01_interval_n50_k8_d035_s1001.txt;interval;50;8;223;0.35;1001;42;50000;352;6600;13;13;10066.89;13483.44881;generation
0003_ea_personalized_inst01_interval_n50_k8_d035_s1001_s42;ea_personalized;inst01_interval_n50_k8_d035_s1001;experiments\20260618_124336_best_configs\instances\inst01_interval_n50_k8_d035_s1001.txt;interval;50;8;223;0.35;1001;42;50000;353;6617;13;13;12277.25;17029.19541;generation
0003_ea_personalized_inst01_interval_n50_k8_d035_s1001_s42;ea_personalized;inst01_interval_n50_k8_d035_s1001;experiments\20260618_124336_best_configs\instances\inst01_interval_n50_k8_d035_s1001.txt;interval;50;8;223;0.35;1001;42;50000;354;6642;13;13;10872.01;14328.53973;generation
0003_ea_personalized_inst01_interval_n50_k8_d035_s1001_s42;ea_personalized;inst01_interval_n50_k8_d035_s1001;experiments\20260618_124336_best_configs\instances\inst01_interval_n50_k8_d035_s1001.txt;interval;50;8;223;0.35;1001;42;50000;355;6659;13;13;11680.98;17563.28997;generation
0003_ea_personalized_inst01_interval_n50_k8_d035_s1001_s42;ea_personalized;inst01_interval_n50_k8_d035_s1001;experiments\20260618_124336_best_configs\instances\inst01_interval_n50_k8_d035_s1001.txt;interval;50;8;223;0.35;1001;42;50000;356;6674;13;13;12888.11;16941.31173;generation
0003_ea_personalized_inst01_interval_n50_k8_d035_s1001_s42;ea_personalized;inst01_interval_n50_k8_d035_s1001;experiments\20260618_124336_best_configs\instances\inst01_interval_n50_k8_d035_s1001.txt;interval;50;8;223;0.35;1001;42;50000;357;6694;13;13;11277.55;17595.49327;generation
0003_ea_personalized_inst01_interval_n50_k8_d035_s1001_s42;ea_personalized;inst01_interval_n50_k8_d035_s1001;experiments\20260618_124336_best_configs\instances\inst01_interval_n50_k8_d035_s1001.txt;interval;50;8;223;0.35;1001;42;50000;358;6717;13;13;10269.22;13775.39209;generation
0003_ea_personalized_inst01_interval_n50_k8_d035_s1001_s42;ea_personalized;inst01_interval_n50_k8_d035_s1001;experiments\20260618_124336_best_configs\instances\inst01_interval_n50_k8_d035_s1001.txt;interval;50;8;223;0.35;1001;42;50000;359;6740;13;13;11877.62;15592.15553;generation
0003_ea_personalized_inst01_interval_n50_k8_d035_s1001_s42;ea_personalized;inst01_interval_n50_k8_d035_s1001;experiments\20260618_124336_best_configs\instances\inst01_interval_n50_k8_d035_s1001.txt;interval;50;8;223;0.35;1001;42;50000;360;6756;13;13;13891.6;18784.06825;generation
0003_ea_personalized_inst01_interval_n50_k8_d035_s1001_s42;ea_personalized;inst01_interval_n50_k8_d035_s1001;experiments\20260618_124336_best_configs\instances\inst01_interval_n50_k8_d035_s1001.txt;interval;50;8;223;0.35;1001;42;50000;361;6769;13;13;11475.91;15632.30167;generation
0003_ea_personalized_inst01_interval_n50_k8_d035_s1001_s42;ea_personalized;inst01_interval_n50_k8_d035_s1001;experiments\20260618_124336_best_configs\instances\inst01_interval_n50_k8_d035_s1001.txt;interval;50;8;223;0.35;1001;42;50000;362;6785;13;13;7656.16;12316.18994;generation
0003_ea_personalized_inst01_interval_n50_k8_d035_s1001_s42;ea_personalized;inst01_interval_n50_k8_d035_s1001;experiments\20260618_124336_best_configs\instances\inst01_interval_n50_k8_d035_s1001.txt;interval;50;8;223;0.35;1001;42;50000;363;6804;13;13;10068.28;13178.61838;generation
0003_ea_personalized_inst01_interval_n50_k8_d035_s1001_s42;ea_personalized;inst01_interval_n50_k8_d035_s1001;experiments\20260618_124336_best_configs\instances\inst01_interval_n50_k8_d035_s1001.txt;interval;50;8;223;0.35;1001;42;50000;364;6815;13;13;13489.43;17987.59804;generation
0003_ea_personalized_inst01_interval_n50_k8_d035_s1001_s42;ea_personalized;inst01_interval_n50_k8_d035_s1001;experiments\20260618_124336_best_configs\instances\inst01_interval_n50_k8_d035_s1001.txt;interval;50;8;223;0.35;1001;42;50000;365;6827;13;13;7665.25;14145.83975;generation
0003_ea_personalized_inst01_interval_n50_k8_d035_s1001_s42;ea_personalized;inst01_interval_n50_k8_d035_s1001;experiments\20260618_124336_best_configs\instances\inst01_interval_n50_k8_d035_s1001.txt;interval;50;8;223;0.35;1001;42;50000;366;6840;13;13;9265.45;14046.53999;generation
0003_ea_personalized_inst01_interval_n50_k8_d035_s1001_s42;ea_personalized;inst01_interval_n50_k8_d035_s1001;experiments\20260618_124336_best_configs\instances\inst01_interval_n50_k8_d035_s1001.txt;interval;50;8;223;0.35;1001;42;50000;367;6856;13;13;12077.44;15304.76833;generation
0003_ea_personalized_inst01_interval_n50_k8_d035_s1001_s42;ea_personalized;inst01_interval_n50_k8_d035_s1001;experiments\20260618_124336_best_configs\instances\inst01_interval_n50_k8_d035_s1001.txt;interval;50;8;223;0.35;1001;42;50000;368;6875;13;13;9866.07;14066.76577;generation
0003_ea_personalized_inst01_interval_n50_k8_d035_s1001_s42;ea_personalized;inst01_interval_n50_k8_d035_s1001;experiments\20260618_124336_best_configs\instances\inst01_interval_n50_k8_d035_s1001.txt;interval;50;8;223;0.35;1001;42;50000;369;6888;13;13;10268.33;13776.2238;generation
0003_ea_personalized_inst01_interval_n50_k8_d035_s1001_s42;ea_personalized;inst01_interval_n50_k8_d035_s1001;experiments\20260618_124336_best_configs\instances\inst01_interval_n50_k8_d035_s1001.txt;interval;50;8;223;0.35;1001;42;50000;370;6899;13;13;13283.04;17573.45771;generation
0003_ea_personalized_inst01_interval_n50_k8_d035_s1001_s42;ea_personalized;inst01_interval_n50_k8_d035_s1001;experiments\20260618_124336_best_configs\instances\inst01_interval_n50_k8_d035_s1001.txt;interval;50;8;223;0.35;1001;42;50000;371;6914;13;13;14693.49;17020.7509;generation
0003_ea_personalized_inst01_interval_n50_k8_d035_s1001_s42;ea_personalized;inst01_interval_n50_k8_d035_s1001;experiments\20260618_124336_best_configs\instances\inst01_interval_n50_k8_d035_s1001.txt;interval;50;8;223;0.35;1001;42;50000;372;6934;13;13;9261.5;12844.64706;generation
0003_ea_personalized_inst01_interval_n50_k8_d035_s1001_s42;ea_personalized;inst01_interval_n50_k8_d035_s1001;experiments\20260618_124336_best_configs\instances\inst01_interval_n50_k8_d035_s1001.txt;interval;50;8;223;0.35;1001;42;50000;373;6946;13;13;11270.27;14857.89536;generation
0003_ea_personalized_inst01_interval_n50_k8_d035_s1001_s42;ea_personalized;inst01_interval_n50_k8_d035_s1001;experiments\20260618_124336_best_configs\instances\inst01_interval_n50_k8_d035_s1001.txt;interval;50;8;223;0.35;1001;42;50000;374;6965;13;13;9665.1;15432.21226;generation
0003_ea_personalized_inst01_interval_n50_k8_d035_s1001_s42;ea_personalized;inst01_interval_n50_k8_d035_s1001;experiments\20260618_124336_best_configs\instances\inst01_interval_n50_k8_d035_s1001.txt;interval;50;8;223;0.35;1001;42;50000;375;6980;13;13;11879.11;16595.17735;generation
0003_ea_personalized_inst01_interval_n50_k8_d035_s1001_s42;ea_personalized;inst01_interval_n50_k8_d035_s1001;experiments\20260618_124336_best_configs\instances\inst01_interval_n50_k8_d035_s1001.txt;interval;50;8;223;0.35;1001;42;50000;376;7000;13;13;11071.01;16666.92897;generation
0003_ea_personalized_inst01_interval_n50_k8_d035_s1001_s42;ea_personalized;inst01_interval_n50_k8_d035_s1001;experiments\20260618_124336_best_configs\instances\inst01_interval_n50_k8_d035_s1001.txt;interval;50;8;223;0.35;1001;42;50000;377;7017;13;13;11475.31;15631.74519;generation
0003_ea_personalized_inst01_interval_n50_k8_d035_s1001_s42;ea_personalized;inst01_interval_n50_k8_d035_s1001;experiments\20260618_124336_best_configs\instances\inst01_interval_n50_k8_d035_s1001.txt;interval;50;8;223;0.35;1001;42;50000;378;7035;13;13;11882.08;17305.58857;generation
0003_ea_personalized_inst01_interval_n50_k8_d035_s1001_s42;ea_personalized;inst01_interval_n50_k8_d035_s1001;experiments\20260618_124336_best_configs\instances\inst01_interval_n50_k8_d035_s1001.txt;interval;50;8;223;0.35;1001;42;50000;379;7051;13;13;10672.83;15684.23043;generation
0003_ea_personalized_inst01_interval_n50_k8_d035_s1001_s42;ea_personalized;inst01_interval_n50_k8_d035_s1001;experiments\20260618_124336_best_configs\instances\inst01_interval_n50_k8_d035_s1001.txt;interval;50;8;223;0.35;1001;42;50000;380;7071;13;13;11282.3;16645.52901;generation
0003_ea_personalized_inst01_interval_n50_k8_d035_s1001_s42;ea_personalized;inst01_interval_n50_k8_d035_s1001;experiments\20260618_124336_best_configs\instances\inst01_interval_n50_k8_d035_s1001.txt;interval;50;8;223;0.35;1001;42;50000;381;7092;13;13;10282.32;14348.2607;generation
0003_ea_personalized_inst01_interval_n50_k8_d035_s1001_s42;ea_personalized;inst01_interval_n50_k8_d035_s1001;experiments\20260618_124336_best_configs\instances\inst01_interval_n50_k8_d035_s1001.txt;interval;50;8;223;0.35;1001;42;50000;382;7110;13;13;11280.63;16159.14231;generation
0003_ea_personalized_inst01_interval_n50_k8_d035_s1001_s42;ea_personalized;inst01_interval_n50_k8_d035_s1001;experiments\20260618_124336_best_configs\instances\inst01_interval_n50_k8_d035_s1001.txt;interval;50;8;223;0.35;1001;42;50000;383;7126;13;13;10076.21;14626.01117;generation
0003_ea_personalized_inst01_interval_n50_k8_d035_s1001_s42;ea_personalized;inst01_interval_n50_k8_d035_s1001;experiments\20260618_124336_best_configs\instances\inst01_interval_n50_k8_d035_s1001.txt;interval;50;8;223;0.35;1001;42;50000;384;7148;13;13;9871;14627.20353;generation
0003_ea_personalized_inst01_interval_n50_k8_d035_s1001_s42;ea_personalized;inst01_interval_n50_k8_d035_s1001;experiments\20260618_124336_best_configs\instances\inst01_interval_n50_k8_d035_s1001.txt;interval;50;8;223;0.35;1001;42;50000;385;7173;13;13;11681.93;16853.79638;generation
0003_ea_personalized_inst01_interval_n50_k8_d035_s1001_s42;ea_personalized;inst01_interval_n50_k8_d035_s1001;experiments\20260618_124336_best_configs\instances\inst01_interval_n50_k8_d035_s1001.txt;interval;50;8;223;0.35;1001;42;50000;386;7194;13;13;13085.43;17140.99452;generation
0003_ea_personalized_inst01_interval_n50_k8_d035_s1001_s42;ea_personalized;inst01_interval_n50_k8_d035_s1001;experiments\20260618_124336_best_configs\instances\inst01_interval_n50_k8_d035_s1001.txt;interval;50;8;223;0.35;1001;42;50000;387;7214;13;13;12080.81;15303.93001;generation
0003_ea_personalized_inst01_interval_n50_k8_d035_s1001_s42;ea_personalized;inst01_interval_n50_k8_d035_s1001;experiments\20260618_124336_best_configs\instances\inst01_interval_n50_k8_d035_s1001.txt;interval;50;8;223;0.35;1001;42;50000;388;7231;13;13;11478.25;15888.43003;generation
0003_ea_personalized_inst01_interval_n50_k8_d035_s1001_s42;ea_personalized;inst01_interval_n50_k8_d035_s1001;experiments\20260618_124336_best_configs\instances\inst01_interval_n50_k8_d035_s1001.txt;interval;50;8;223;0.35;1001;42;50000;389;7246;13;13;12284.49;15538.97988;generation
0003_ea_personalized_inst01_interval_n50_k8_d035_s1001_s42;ea_personalized;inst01_interval_n50_k8_d035_s1001;experiments\20260618_124336_best_configs\instances\inst01_interval_n50_k8_d035_s1001.txt;interval;50;8;223;0.35;1001;42;50000;390;7262;13;13;10468.21;14063.44819;generation
0003_ea_personalized_inst01_interval_n50_k8_d035_s1001_s42;ea_personalized;inst01_interval_n50_k8_d035_s1001;experiments\20260618_124336_best_configs\instances\inst01_interval_n50_k8_d035_s1001.txt;interval;50;8;223;0.35;1001;42;50000;391;7279;13;13;11477.04;16635.00028;generation
0003_ea_personalized_inst01_interval_n50_k8_d035_s1001_s42;ea_personalized;inst01_interval_n50_k8_d035_s1001;experiments\20260618_124336_best_configs\instances\inst01_interval_n50_k8_d035_s1001.txt;interval;50;8;223;0.35;1001;42;50000;392;7292;13;13;11878.24;15063.11755;generation
0003_ea_personalized_inst01_interval_n50_k8_d035_s1001_s42;ea_personalized;inst01_interval_n50_k8_d035_s1001;experiments\20260618_124336_best_configs\instances\inst01_interval_n50_k8_d035_s1001.txt;interval;50;8;223;0.35;1001;42;50000;393;7306;13;13;11876.24;15592.05539;generation
0003_ea_personalized_inst01_interval_n50_k8_d035_s1001_s42;ea_personalized;inst01_interval_n50_k8_d035_s1001;experiments\20260618_124336_best_configs\instances\inst01_interval_n50_k8_d035_s1001.txt;interval;50;8;223;0.35;1001;42;50000;394;7325;13;13;10874;15150.3915;generation
0003_ea_personalized_inst01_interval_n50_k8_d035_s1001_s42;ea_personalized;inst01_interval_n50_k8_d035_s1001;experiments\20260618_124336_best_configs\instances\inst01_interval_n50_k8_d035_s1001.txt;interval;50;8;223;0.35;1001;42;50000;395;7337;13;13;11276.47;15906.93959;generation
0003_ea_personalized_inst01_interval_n50_k8_d035_s1001_s42;ea_personalized;inst01_interval_n50_k8_d035_s1001;experiments\20260618_124336_best_configs\instances\inst01_interval_n50_k8_d035_s1001.txt;interval;50;8;223;0.35;1001;42;50000;396;7349;13;13;11077.93;14592.70139;generation
0003_ea_personalized_inst01_interval_n50_k8_d035_s1001_s42;ea_personalized;inst01_interval_n50_k8_d035_s1001;experiments\20260618_124336_best_configs\instances\inst01_interval_n50_k8_d035_s1001.txt;interval;50;8;223;0.35;1001;42;50000;397;7361;13;13;10677.02;16437.71646;generation
0003_ea_personalized_inst01_interval_n50_k8_d035_s1001_s42;ea_personalized;inst01_interval_n50_k8_d035_s1001;experiments\20260618_124336_best_configs\instances\inst01_interval_n50_k8_d035_s1001.txt;interval;50;8;223;0.35;1001;42;50000;398;7377;13;13;12881.87;16939.96831;generation
0003_ea_personalized_inst01_interval_n50_k8_d035_s1001_s42;ea_personalized;inst01_interval_n50_k8_d035_s1001;experiments\20260618_124336_best_configs\instances\inst01_interval_n50_k8_d035_s1001.txt;interval;50;8;223;0.35;1001;42;50000;399;7395;13;13;10077.92;13770.32927;generation
0003_ea_personalized_inst01_interval_n50_k8_d035_s1001_s42;ea_personalized;inst01_interval_n50_k8_d035_s1001;experiments\20260618_124336_best_configs\instances\inst01_interval_n50_k8_d035_s1001.txt;interval;50;8;223;0.35;1001;42;50000;400;7425;13;13;8071.23;12385.63159;generation
0003_ea_personalized_inst01_interval_n50_k8_d035_s1001_s42;ea_personalized;inst01_interval_n50_k8_d035_s1001;experiments\20260618_124336_best_configs\instances\inst01_interval_n50_k8_d035_s1001.txt;interval;50;8;223;0.35;1001;42;50000;401;7456;13;13;10668.06;16441.56743;generation
0003_ea_personalized_inst01_interval_n50_k8_d035_s1001_s42;ea_personalized;inst01_interval_n50_k8_d035_s1001;experiments\20260618_124336_best_configs\instances\inst01_interval_n50_k8_d035_s1001.txt;interval;50;8;223;0.35;1001;42;50000;402;7483;13;13;9871.15;15168.17416;generation
0003_ea_personalized_inst01_interval_n50_k8_d035_s1001_s42;ea_personalized;inst01_interval_n50_k8_d035_s1001;experiments\20260618_124336_best_configs\instances\inst01_interval_n50_k8_d035_s1001.txt;interval;50;8;223;0.35;1001;42;50000;403;7507;13;13;11673.87;17096.22713;generation
0003_ea_personalized_inst01_interval_n50_k8_d035_s1001_s42;ea_personalized;inst01_interval_n50_k8_d035_s1001;experiments\20260618_124336_best_configs\instances\inst01_interval_n50_k8_d035_s1001.txt;interval;50;8;223;0.35;1001;42;50000;404;7529;13;13;10673.15;13764.11474;generation
0003_ea_personalized_inst01_interval_n50_k8_d035_s1001_s42;ea_personalized;inst01_interval_n50_k8_d035_s1001;experiments\20260618_124336_best_configs\instances\inst01_interval_n50_k8_d035_s1001.txt;interval;50;8;223;0.35;1001;42;50000;405;7550;13;13;10680.48;15936.77899;generation
0003_ea_personalized_inst01_interval_n50_k8_d035_s1001_s42;ea_personalized;inst01_interval_n50_k8_d035_s1001;experiments\20260618_124336_best_configs\instances\inst01_interval_n50_k8_d035_s1001.txt;interval;50;8;223;0.35;1001;42;50000;406;7573;13;13;11475.3;16635.29246;generation
0003_ea_personalized_inst01_interval_n50_k8_d035_s1001_s42;ea_personalized;inst01_interval_n50_k8_d035_s1001;experiments\20260618_124336_best_configs\instances\inst01_interval_n50_k8_d035_s1001.txt;interval;50;8;223;0.35;1001;42;50000;407;7589;13;13;12686.09;17675.25154;generation
0003_ea_personalized_inst01_interval_n50_k8_d035_s1001_s42;ea_personalized;inst01_interval_n50_k8_d035_s1001;experiments\20260618_124336_best_configs\instances\inst01_interval_n50_k8_d035_s1001.txt;interval;50;8;223;0.35;1001;42;50000;408;7609;13;13;11473.94;14284.40503;generation
0003_ea_personalized_inst01_interval_n50_k8_d035_s1001_s42;ea_personalized;inst01_interval_n50_k8_d035_s1001;experiments\20260618_124336_best_configs\instances\inst01_interval_n50_k8_d035_s1001.txt;interval;50;8;223;0.35;1001;42;50000;409;7632;13;13;10272.48;14903.26508;generation
0003_ea_personalized_inst01_interval_n50_k8_d035_s1001_s42;ea_personalized;inst01_interval_n50_k8_d035_s1001;experiments\20260618_124336_best_configs\instances\inst01_interval_n50_k8_d035_s1001.txt;interval;50;8;223;0.35;1001;42;50000;410;7652;13;13;10671.97;16190.99429;generation
0003_ea_personalized_inst01_interval_n50_k8_d035_s1001_s42;ea_personalized;inst01_interval_n50_k8_d035_s1001;experiments\20260618_124336_best_configs\instances\inst01_interval_n50_k8_d035_s1001.txt;interval;50;8;223;0.35;1001;42;50000;411;7675;13;13;10271.53;14349.14956;generation
0003_ea_personalized_inst01_interval_n50_k8_d035_s1001_s42;ea_personalized;inst01_interval_n50_k8_d035_s1001;experiments\20260618_124336_best_configs\instances\inst01_interval_n50_k8_d035_s1001.txt;interval;50;8;223;0.35;1001;42;50000;412;7697;13;13;11877.7;15064.33935;generation
0003_ea_personalized_inst01_interval_n50_k8_d035_s1001_s42;ea_personalized;inst01_interval_n50_k8_d035_s1001;experiments\20260618_124336_best_configs\instances\inst01_interval_n50_k8_d035_s1001.txt;interval;50;8;223;0.35;1001;42;50000;413;7722;13;13;12085.9;15300.16893;generation
0003_ea_personalized_inst01_interval_n50_k8_d035_s1001_s42;ea_personalized;inst01_interval_n50_k8_d035_s1001;experiments\20260618_124336_best_configs\instances\inst01_interval_n50_k8_d035_s1001.txt;interval;50;8;223;0.35;1001;42;50000;414;7745;13;13;11681.09;14820.38645;generation
0003_ea_personalized_inst01_interval_n50_k8_d035_s1001_s42;ea_personalized;inst01_interval_n50_k8_d035_s1001;experiments\20260618_124336_best_configs\instances\inst01_interval_n50_k8_d035_s1001.txt;interval;50;8;223;0.35;1001;42;50000;415;7765;13;13;13085.42;16172.7793;generation
0003_ea_personalized_inst01_interval_n50_k8_d035_s1001_s42;ea_personalized;inst01_interval_n50_k8_d035_s1001;experiments\20260618_124336_best_configs\instances\inst01_interval_n50_k8_d035_s1001.txt;interval;50;8;223;0.35;1001;42;50000;416;7793;13;13;10669.82;15685.96715;generation
0003_ea_personalized_inst01_interval_n50_k8_d035_s1001_s42;ea_personalized;inst01_interval_n50_k8_d035_s1001;experiments\20260618_124336_best_configs\instances\inst01_interval_n50_k8_d035_s1001.txt;interval;50;8;223;0.35;1001;42;50000;417;7814;13;13;11477.01;14281.4101;generation
0003_ea_personalized_inst01_interval_n50_k8_d035_s1001_s42;ea_personalized;inst01_interval_n50_k8_d035_s1001;experiments\20260618_124336_best_configs\instances\inst01_interval_n50_k8_d035_s1001.txt;interval;50;8;223;0.35;1001;42;50000;418;7839;13;13;9672.71;13772.34051;generation
0003_ea_personalized_inst01_interval_n50_k8_d035_s1001_s42;ea_personalized;inst01_interval_n50_k8_d035_s1001;experiments\20260618_124336_best_configs\instances\inst01_interval_n50_k8_d035_s1001.txt;interval;50;8;223;0.35;1001;42;50000;419;7869;13;13;10476.66;15163.82809;generation
0003_ea_personalized_inst01_interval_n50_k8_d035_s1001_s42;ea_personalized;inst01_interval_n50_k8_d035_s1001;experiments\20260618_124336_best_configs\instances\inst01_interval_n50_k8_d035_s1001.txt;interval;50;8;223;0.35;1001;42;50000;420;7895;13;13;10873.49;15413.73364;generation
0003_ea_personalized_inst01_interval_n50_k8_d035_s1001_s42;ea_personalized;inst01_interval_n50_k8_d035_s1001;experiments\20260618_124336_best_configs\instances\inst01_interval_n50_k8_d035_s1001.txt;interval;50;8;223;0.35;1001;42;50000;421;7923;13;13;12483.53;16518.53034;generation
0003_ea_personalized_inst01_interval_n50_k8_d035_s1001_s42;ea_personalized;inst01_interval_n50_k8_d035_s1001;experiments\20260618_124336_best_configs\instances\inst01_interval_n50_k8_d035_s1001.txt;interval;50;8;223;0.35;1001;42;50000;422;7963;13;13;9677.32;14624.02024;generation
0003_ea_personalized_inst01_interval_n50_k8_d035_s1001_s42;ea_personalized;inst01_interval_n50_k8_d035_s1001;experiments\20260618_124336_best_configs\instances\inst01_interval_n50_k8_d035_s1001.txt;interval;50;8;223;0.35;1001;42;50000;423;8004;13;13;11880.49;15592.21724;generation
0003_ea_personalized_inst01_interval_n50_k8_d035_s1001_s42;ea_personalized;inst01_interval_n50_k8_d035_s1001;experiments\20260618_124336_best_configs\instances\inst01_interval_n50_k8_d035_s1001.txt;interval;50;8;223;0.35;1001;42;50000;424;8046;13;13;11071.7;14317.51641;generation
0003_ea_personalized_inst01_interval_n50_k8_d035_s1001_s42;ea_personalized;inst01_interval_n50_k8_d035_s1001;experiments\20260618_124336_best_configs\instances\inst01_interval_n50_k8_d035_s1001.txt;interval;50;8;223;0.35;1001;42;50000;425;8091;13;13;13483.88;18651.04276;generation
0003_ea_personalized_inst01_interval_n50_k8_d035_s1001_s42;ea_personalized;inst01_interval_n50_k8_d035_s1001;experiments\20260618_124336_best_configs\instances\inst01_interval_n50_k8_d035_s1001.txt;interval;50;8;223;0.35;1001;42;50000;426;8116;13;13;12882.08;16457.35256;generation
0003_ea_personalized_inst01_interval_n50_k8_d035_s1001_s42;ea_personalized;inst01_interval_n50_k8_d035_s1001;experiments\20260618_124336_best_configs\instances\inst01_interval_n50_k8_d035_s1001.txt;interval;50;8;223;0.35;1001;42;50000;427;8143;13;13;9666.87;14062.36903;generation
0003_ea_personalized_inst01_interval_n50_k8_d035_s1001_s42;ea_personalized;inst01_interval_n50_k8_d035_s1001;experiments\20260618_124336_best_configs\instances\inst01_interval_n50_k8_d035_s1001.txt;interval;50;8;223;0.35;1001;42;50000;428;8169;13;13;9872.75;16689.92368;generation
0003_ea_personalized_inst01_interval_n50_k8_d035_s1001_s42;ea_personalized;inst01_interval_n50_k8_d035_s1001;experiments\20260618_124336_best_configs\instances\inst01_interval_n50_k8_d035_s1001.txt;interval;50;8;223;0.35;1001;42;50000;429;8194;13;13;11678.73;16371.88985;generation
0003_ea_personalized_inst01_interval_n50_k8_d035_s1001_s42;ea_personalized;inst01_interval_n50_k8_d035_s1001;experiments\20260618_124336_best_configs\instances\inst01_interval_n50_k8_d035_s1001.txt;interval;50;8;223;0.35;1001;42;50000;430;8217;13;13;11473.61;14563.8766;generation
0003_ea_personalized_inst01_interval_n50_k8_d035_s1001_s42;ea_personalized;inst01_interval_n50_k8_d035_s1001;experiments\20260618_124336_best_configs\instances\inst01_interval_n50_k8_d035_s1001.txt;interval;50;8;223;0.35;1001;42;50000;431;8234;13;13;10874.38;15673.86965;generation
0003_ea_personalized_inst01_interval_n50_k8_d035_s1001_s42;ea_personalized;inst01_interval_n50_k8_d035_s1001;experiments\20260618_124336_best_configs\instances\inst01_interval_n50_k8_d035_s1001.txt;interval;50;8;223;0.35;1001;42;50000;432;8255;13;13;11674.92;15353.54333;generation
0003_ea_personalized_inst01_interval_n50_k8_d035_s1001_s42;ea_personalized;inst01_interval_n50_k8_d035_s1001;experiments\20260618_124336_best_configs\instances\inst01_interval_n50_k8_d035_s1001.txt;interval;50;8;223;0.35;1001;42;50000;433;8271;13;13;10273.14;13477.09113;generation
0003_ea_personalized_inst01_interval_n50_k8_d035_s1001_s42;ea_personalized;inst01_interval_n50_k8_d035_s1001;experiments\20260618_124336_best_configs\instances\inst01_interval_n50_k8_d035_s1001.txt;interval;50;8;223;0.35;1001;42;50000;434;8297;13;13;11277.13;15906.27892;generation
0003_ea_personalized_inst01_interval_n50_k8_d035_s1001_s42;ea_personalized;inst01_interval_n50_k8_d035_s1001;experiments\20260618_124336_best_configs\instances\inst01_interval_n50_k8_d035_s1001.txt;interval;50;8;223;0.35;1001;42;50000;435;8324;13;13;9468.86;13761.67541;generation
0003_ea_personalized_inst01_interval_n50_k8_d035_s1001_s42;ea_personalized;inst01_interval_n50_k8_d035_s1001;experiments\20260618_124336_best_configs\instances\inst01_interval_n50_k8_d035_s1001.txt;interval;50;8;223;0.35;1001;42;50000;436;8347;13;13;9665.36;12545.32828;generation
0003_ea_personalized_inst01_interval_n50_k8_d035_s1001_s42;ea_personalized;inst01_interval_n50_k8_d035_s1001;experiments\20260618_124336_best_configs\instances\inst01_interval_n50_k8_d035_s1001.txt;interval;50;8;223;0.35;1001;42;50000;437;8368;13;13;13082.6;16663.96336;generation
0003_ea_personalized_inst01_interval_n50_k8_d035_s1001_s42;ea_personalized;inst01_interval_n50_k8_d035_s1001;experiments\20260618_124336_best_configs\instances\inst01_interval_n50_k8_d035_s1001.txt;interval;50;8;223;0.35;1001;42;50000;438;8392;13;13;7660.84;11640.35195;generation
0003_ea_personalized_inst01_interval_n50_k8_d035_s1001_s42;ea_personalized;inst01_interval_n50_k8_d035_s1001;experiments\20260618_124336_best_configs\instances\inst01_interval_n50_k8_d035_s1001.txt;interval;50;8;223;0.35;1001;42;50000;439;8416;13;13;8864.52;14301.42434;generation
0003_ea_personalized_inst01_interval_n50_k8_d035_s1001_s42;ea_personalized;inst01_interval_n50_k8_d035_s1001;experiments\20260618_124336_best_configs\instances\inst01_interval_n50_k8_d035_s1001.txt;interval;50;8;223;0.35;1001;42;50000;440;8444;13;13;12277.96;17955.70811;generation
0003_ea_personalized_inst01_interval_n50_k8_d035_s1001_s42;ea_personalized;inst01_interval_n50_k8_d035_s1001;experiments\20260618_124336_best_configs\instances\inst01_interval_n50_k8_d035_s1001.txt;interval;50;8;223;0.35;1001;42;50000;441;8472;13;13;10675.99;14889.84211;generation
0003_ea_personalized_inst01_interval_n50_k8_d035_s1001_s42;ea_personalized;inst01_interval_n50_k8_d035_s1001;experiments\20260618_124336_best_configs\instances\inst01_interval_n50_k8_d035_s1001.txt;interval;50;8;223;0.35;1001;42;50000;442;8507;13;13;8861.69;13724.96231;generation
0003_ea_personalized_inst01_interval_n50_k8_d035_s1001_s42;ea_personalized;inst01_interval_n50_k8_d035_s1001;experiments\20260618_124336_best_configs\instances\inst01_interval_n50_k8_d035_s1001.txt;interval;50;8;223;0.35;1001;42;50000;443;8568;13;13;12680.33;16241.66887;generation
0003_ea_personalized_inst01_interval_n50_k8_d035_s1001_s42;ea_personalized;inst01_interval_n50_k8_d035_s1001;experiments\20260618_124336_best_configs\instances\inst01_interval_n50_k8_d035_s1001.txt;interval;50;8;223;0.35;1001;42;50000;444;8599;13;13;16102.66;16810.53248;generation
0003_ea_personalized_inst01_interval_n50_k8_d035_s1001_s42;ea_personalized;inst01_interval_n50_k8_d035_s1001;experiments\20260618_124336_best_configs\instances\inst01_interval_n50_k8_d035_s1001.txt;interval;50;8;223;0.35;1001;42;50000;445;8632;13;13;11689.75;15350.19895;generation
0003_ea_personalized_inst01_interval_n50_k8_d035_s1001_s42;ea_personalized;inst01_interval_n50_k8_d035_s1001;experiments\20260618_124336_best_configs\instances\inst01_interval_n50_k8_d035_s1001.txt;interval;50;8;223;0.35;1001;42;50000;446;8664;13;13;11282.38;16161.24859;generation
0003_ea_personalized_inst01_interval_n50_k8_d035_s1001_s42;ea_personalized;inst01_interval_n50_k8_d035_s1001;experiments\20260618_124336_best_configs\instances\inst01_interval_n50_k8_d035_s1001.txt;interval;50;8;223;0.35;1001;42;50000;447;8700;13;13;10873.16;15418.08895;generation
0003_ea_personalized_inst01_interval_n50_k8_d035_s1001_s42;ea_personalized;inst01_interval_n50_k8_d035_s1001;experiments\20260618_124336_best_configs\instances\inst01_interval_n50_k8_d035_s1001.txt;interval;50;8;223;0.35;1001;42;50000;448;8728;13;13;10474.79;15164.19043;generation
0003_ea_personalized_inst01_interval_n50_k8_d035_s1001_s42;ea_personalized;inst01_interval_n50_k8_d035_s1001;experiments\20260618_124336_best_configs\instances\inst01_interval_n50_k8_d035_s1001.txt;interval;50;8;223;0.35;1001;42;50000;449;8791;13;13;11076.27;15137.29026;generation
0003_ea_personalized_inst01_interval_n50_k8_d035_s1001_s42;ea_personalized;inst01_interval_n50_k8_d035_s1001;experiments\20260618_124336_best_configs\instances\inst01_interval_n50_k8_d035_s1001.txt;interval;50;8;223;0.35;1001;42;50000;450;8826;13;13;12078.73;17053.86537;generation
0003_ea_personalized_inst01_interval_n50_k8_d035_s1001_s42;ea_personalized;inst01_interval_n50_k8_d035_s1001;experiments\20260618_124336_best_configs\instances\inst01_interval_n50_k8_d035_s1001.txt;interval;50;8;223;0.35;1001;42;50000;451;8859;13;13;11473.5;16876.87468;generation
0003_ea_personalized_inst01_interval_n50_k8_d035_s1001_s42;ea_personalized;inst01_interval_n50_k8_d035_s1001;experiments\20260618_124336_best_configs\instances\inst01_interval_n50_k8_d035_s1001.txt;interval;50;8;223;0.35;1001;42;50000;452;8886;13;13;10270.9;14902.96529;generation
0003_ea_personalized_inst01_interval_n50_k8_d035_s1001_s42;ea_personalized;inst01_interval_n50_k8_d035_s1001;experiments\20260618_124336_best_configs\instances\inst01_interval_n50_k8_d035_s1001.txt;interval;50;8;223;0.35;1001;42;50000;453;8916;13;13;11677.41;14260.1177;generation
0003_ea_personalized_inst01_interval_n50_k8_d035_s1001_s42;ea_personalized;inst01_interval_n50_k8_d035_s1001;experiments\20260618_124336_best_configs\instances\inst01_interval_n50_k8_d035_s1001.txt;interval;50;8;223;0.35;1001;42;50000;454;8951;13;13;9469.01;14335.72553;generation
0003_ea_personalized_inst01_interval_n50_k8_d035_s1001_s42;ea_personalized;inst01_interval_n50_k8_d035_s1001;experiments\20260618_124336_best_configs\instances\inst01_interval_n50_k8_d035_s1001.txt;interval;50;8;223;0.35;1001;42;50000;455;8981;13;13;10268.47;13479.88903;generation
0003_ea_personalized_inst01_interval_n50_k8_d035_s1001_s42;ea_personalized;inst01_interval_n50_k8_d035_s1001;experiments\20260618_124336_best_configs\instances\inst01_interval_n50_k8_d035_s1001.txt;interval;50;8;223;0.35;1001;42;50000;456;9023;13;13;11675.22;16618.18265;generation
0003_ea_personalized_inst01_interval_n50_k8_d035_s1001_s42;ea_personalized;inst01_interval_n50_k8_d035_s1001;experiments\20260618_124336_best_configs\instances\inst01_interval_n50_k8_d035_s1001.txt;interval;50;8;223;0.35;1001;42;50000;457;9057;13;13;10269.52;13774.99643;generation
0003_ea_personalized_inst01_interval_n50_k8_d035_s1001_s42;ea_personalized;inst01_interval_n50_k8_d035_s1001;experiments\20260618_124336_best_configs\instances\inst01_interval_n50_k8_d035_s1001.txt;interval;50;8;223;0.35;1001;42;50000;458;9099;13;13;10269.29;14349.9976;generation
0003_ea_personalized_inst01_interval_n50_k8_d035_s1001_s42;ea_personalized;inst01_interval_n50_k8_d035_s1001;experiments\20260618_124336_best_configs\instances\inst01_interval_n50_k8_d035_s1001.txt;interval;50;8;223;0.35;1001;42;50000;459;9132;13;13;10675.49;15937.39212;generation
0003_ea_personalized_inst01_interval_n50_k8_d035_s1001_s42;ea_personalized;inst01_interval_n50_k8_d035_s1001;experiments\20260618_124336_best_configs\instances\inst01_interval_n50_k8_d035_s1001.txt;interval;50;8;223;0.35;1001;42;50000;460;9167;13;13;9668.8;14346.0432;generation
0003_ea_personalized_inst01_interval_n50_k8_d035_s1001_s42;ea_personalized;inst01_interval_n50_k8_d035_s1001;experiments\20260618_124336_best_configs\instances\inst01_interval_n50_k8_d035_s1001.txt;interval;50;8;223;0.35;1001;42;50000;461;9205;13;13;9665.75;15167.52117;generation
0003_ea_personalized_inst01_interval_n50_k8_d035_s1001_s42;ea_personalized;inst01_interval_n50_k8_d035_s1001;experiments\20260618_124336_best_configs\instances\inst01_interval_n50_k8_d035_s1001.txt;interval;50;8;223;0.35;1001;42;50000;462;9242;13;13;12278.77;17498.17662;generation
0003_ea_personalized_inst01_interval_n50_k8_d035_s1001_s42;ea_personalized;inst01_interval_n50_k8_d035_s1001;experiments\20260618_124336_best_configs\instances\inst01_interval_n50_k8_d035_s1001.txt;interval;50;8;223;0.35;1001;42;50000;463;9270;13;13;11880.96;17308.75422;generation
0003_ea_personalized_inst01_interval_n50_k8_d035_s1001_s42;ea_personalized;inst01_interval_n50_k8_d035_s1001;experiments\20260618_124336_best_configs\instances\inst01_interval_n50_k8_d035_s1001.txt;interval;50;8;223;0.35;1001;42;50000;464;9295;13;13;8867.05;13423.39104;generation
0003_ea_personalized_inst01_interval_n50_k8_d035_s1001_s42;ea_personalized;inst01_interval_n50_k8_d035_s1001;experiments\20260618_124336_best_configs\instances\inst01_interval_n50_k8_d035_s1001.txt;interval;50;8;223;0.35;1001;42;50000;465;9328;13;13;11881.99;15846.0552;generation
0003_ea_personalized_inst01_interval_n50_k8_d035_s1001_s42;ea_personalized;inst01_interval_n50_k8_d035_s1001;experiments\20260618_124336_best_configs\instances\inst01_interval_n50_k8_d035_s1001.txt;interval;50;8;223;0.35;1001;42;50000;466;9369;13;13;8664.11;13995.80948;generation
0003_ea_personalized_inst01_interval_n50_k8_d035_s1001_s42;ea_personalized;inst01_interval_n50_k8_d035_s1001;experiments\20260618_124336_best_configs\instances\inst01_interval_n50_k8_d035_s1001.txt;interval;50;8;223;0.35;1001;42;50000;467;9399;13;13;12281.25;16300.33555;generation
0003_ea_personalized_inst01_interval_n50_k8_d035_s1001_s42;ea_personalized;inst01_interval_n50_k8_d035_s1001;experiments\20260618_124336_best_configs\instances\inst01_interval_n50_k8_d035_s1001.txt;interval;50;8;223;0.35;1001;42;50000;468;9428;13;13;11880.34;16593.26153;generation
0003_ea_personalized_inst01_interval_n50_k8_d035_s1001_s42;ea_personalized;inst01_interval_n50_k8_d035_s1001;experiments\20260618_124336_best_configs\instances\inst01_interval_n50_k8_d035_s1001.txt;interval;50;8;223;0.35;1001;42;50000;469;9460;13;13;12281.78;15538.00678;generation
0003_ea_personalized_inst01_interval_n50_k8_d035_s1001_s42;ea_personalized;inst01_interval_n50_k8_d035_s1001;experiments\20260618_124336_best_configs\instances\inst01_interval_n50_k8_d035_s1001.txt;interval;50;8;223;0.35;1001;42;50000;470;9489;13;13;13889.24;17216.34771;generation
0003_ea_personalized_inst01_interval_n50_k8_d035_s1001_s42;ea_personalized;inst01_interval_n50_k8_d035_s1001;experiments\20260618_124336_best_configs\instances\inst01_interval_n50_k8_d035_s1001.txt;interval;50;8;223;0.35;1001;42;50000;471;9525;13;13;11687.27;14538.73727;generation
0003_ea_personalized_inst01_interval_n50_k8_d035_s1001_s42;ea_personalized;inst01_interval_n50_k8_d035_s1001;experiments\20260618_124336_best_configs\instances\inst01_interval_n50_k8_d035_s1001.txt;interval;50;8;223;0.35;1001;42;50000;472;9557;13;13;11079.27;14319.46613;generation
0003_ea_personalized_inst01_interval_n50_k8_d035_s1001_s42;ea_personalized;inst01_interval_n50_k8_d035_s1001;experiments\20260618_124336_best_configs\instances\inst01_interval_n50_k8_d035_s1001.txt;interval;50;8;223;0.35;1001;42;50000;473;9589;13;13;11674.49;14818.38399;generation
0003_ea_personalized_inst01_interval_n50_k8_d035_s1001_s42;ea_personalized;inst01_interval_n50_k8_d035_s1001;experiments\20260618_124336_best_configs\instances\inst01_interval_n50_k8_d035_s1001.txt;interval;50;8;223;0.35;1001;42;50000;474;9614;13;13;11677.96;16373.05256;generation
0003_ea_personalized_inst01_interval_n50_k8_d035_s1001_s42;ea_personalized;inst01_interval_n50_k8_d035_s1001;experiments\20260618_124336_best_configs\instances\inst01_interval_n50_k8_d035_s1001.txt;interval;50;8;223;0.35;1001;42;50000;475;9643;13;13;11677.41;15354.39456;generation
0003_ea_personalized_inst01_interval_n50_k8_d035_s1001_s42;ea_personalized;inst01_interval_n50_k8_d035_s1001;experiments\20260618_124336_best_configs\instances\inst01_interval_n50_k8_d035_s1001.txt;interval;50;8;223;0.35;1001;42;50000;476;9673;13;13;11879.22;17309.05008;generation
0003_ea_personalized_inst01_interval_n50_k8_d035_s1001_s42;ea_personalized;inst01_interval_n50_k8_d035_s1001;experiments\20260618_124336_best_configs\instances\inst01_interval_n50_k8_d035_s1001.txt;interval;50;8;223;0.35;1001;42;50000;477;9725;13;13;8666.6;13099.18642;generation
0003_ea_personalized_inst01_interval_n50_k8_d035_s1001_s42;ea_personalized;inst01_interval_n50_k8_d035_s1001;experiments\20260618_124336_best_configs\instances\inst01_interval_n50_k8_d035_s1001.txt;interval;50;8;223;0.35;1001;42;50000;478;9756;13;13;9071.25;14313.08786;generation
0003_ea_personalized_inst01_interval_n50_k8_d035_s1001_s42;ea_personalized;inst01_interval_n50_k8_d035_s1001;experiments\20260618_124336_best_configs\instances\inst01_interval_n50_k8_d035_s1001.txt;interval;50;8;223;0.35;1001;42;50000;479;9784;13;13;10877.97;15147.95717;generation
0003_ea_personalized_inst01_interval_n50_k8_d035_s1001_s42;ea_personalized;inst01_interval_n50_k8_d035_s1001;experiments\20260618_124336_best_configs\instances\inst01_interval_n50_k8_d035_s1001.txt;interval;50;8;223;0.35;1001;42;50000;480;9812;13;13;8866.39;13724.17513;generation
0003_ea_personalized_inst01_interval_n50_k8_d035_s1001_s42;ea_personalized;inst01_interval_n50_k8_d035_s1001;experiments\20260618_124336_best_configs\instances\inst01_interval_n50_k8_d035_s1001.txt;interval;50;8;223;0.35;1001;42;50000;481;9839;13;13;11075.22;17141.77443;generation
0003_ea_personalized_inst01_interval_n50_k8_d035_s1001_s42;ea_personalized;inst01_interval_n50_k8_d035_s1001;experiments\20260618_124336_best_configs\instances\inst01_interval_n50_k8_d035_s1001.txt;interval;50;8;223;0.35;1001;42;50000;482;9869;13;13;11475.07;14285.15612;generation
0003_ea_personalized_inst01_interval_n50_k8_d035_s1001_s42;ea_personalized;inst01_interval_n50_k8_d035_s1001;experiments\20260618_124336_best_configs\instances\inst01_interval_n50_k8_d035_s1001.txt;interval;50;8;223;0.35;1001;42;50000;483;9905;13;13;11677.27;16616.80318;generation
0003_ea_personalized_inst01_interval_n50_k8_d035_s1001_s42;ea_personalized;inst01_interval_n50_k8_d035_s1001;experiments\20260618_124336_best_configs\instances\inst01_interval_n50_k8_d035_s1001.txt;interval;50;8;223;0.35;1001;42;50000;484;9945;13;13;11476.65;14281.1616;generation
0003_ea_personalized_inst01_interval_n50_k8_d035_s1001_s42;ea_personalized;inst01_interval_n50_k8_d035_s1001;experiments\20260618_124336_best_configs\instances\inst01_interval_n50_k8_d035_s1001.txt;interval;50;8;223;0.35;1001;42;50000;485;9979;13;13;8863.77;14581.06583;generation
0003_ea_personalized_inst01_interval_n50_k8_d035_s1001_s42;ea_personalized;inst01_interval_n50_k8_d035_s1001;experiments\20260618_124336_best_configs\instances\inst01_interval_n50_k8_d035_s1001.txt;interval;50;8;223;0.35;1001;42;50000;486;10013;13;13;11472.72;15890.44262;generation
0003_ea_personalized_inst01_interval_n50_k8_d035_s1001_s42;ea_personalized;inst01_interval_n50_k8_d035_s1001;experiments\20260618_124336_best_configs\instances\inst01_interval_n50_k8_d035_s1001.txt;interval;50;8;223;0.35;1001;42;50000;487;10045;13;13;14693.1;20268.27618;generation
0003_ea_personalized_inst01_interval_n50_k8_d035_s1001_s42;ea_personalized;inst01_interval_n50_k8_d035_s1001;experiments\20260618_124336_best_configs\instances\inst01_interval_n50_k8_d035_s1001.txt;interval;50;8;223;0.35;1001;42;50000;488;10076;13;13;8868.63;14022.15922;generation
0003_ea_personalized_inst01_interval_n50_k8_d035_s1001_s42;ea_personalized;inst01_interval_n50_k8_d035_s1001;experiments\20260618_124336_best_configs\instances\inst01_interval_n50_k8_d035_s1001.txt;interval;50;8;223;0.35;1001;42;50000;489;10107;13;13;9673.07;14057.71203;generation
0003_ea_personalized_inst01_interval_n50_k8_d035_s1001_s42;ea_personalized;inst01_interval_n50_k8_d035_s1001;experiments\20260618_124336_best_configs\instances\inst01_interval_n50_k8_d035_s1001.txt;interval;50;8;223;0.35;1001;42;50000;490;10141;13;13;10272.49;15172.33494;generation
0003_ea_personalized_inst01_interval_n50_k8_d035_s1001_s42;ea_personalized;inst01_interval_n50_k8_d035_s1001;experiments\20260618_124336_best_configs\instances\inst01_interval_n50_k8_d035_s1001.txt;interval;50;8;223;0.35;1001;42;50000;491;10173;13;13;10271.39;15434.02831;generation
0003_ea_personalized_inst01_interval_n50_k8_d035_s1001_s42;ea_personalized;inst01_interval_n50_k8_d035_s1001;experiments\20260618_124336_best_configs\instances\inst01_interval_n50_k8_d035_s1001.txt;interval;50;8;223;0.35;1001;42;50000;492;10222;13;13;9869.35;15694.92765;generation
0003_ea_personalized_inst01_interval_n50_k8_d035_s1001_s42;ea_personalized;inst01_interval_n50_k8_d035_s1001;experiments\20260618_124336_best_configs\instances\inst01_interval_n50_k8_d035_s1001.txt;interval;50;8;223;0.35;1001;42;50000;493;10257;13;13;13891.54;17447.40107;generation
0003_ea_personalized_inst01_interval_n50_k8_d035_s1001_s42;ea_personalized;inst01_interval_n50_k8_d035_s1001;experiments\20260618_124336_best_configs\instances\inst01_interval_n50_k8_d035_s1001.txt;interval;50;8;223;0.35;1001;42;50000;494;10293;13;13;10472.06;12864.20066;generation
0003_ea_personalized_inst01_interval_n50_k8_d035_s1001_s42;ea_personalized;inst01_interval_n50_k8_d035_s1001;experiments\20260618_124336_best_configs\instances\inst01_interval_n50_k8_d035_s1001.txt;interval;50;8;223;0.35;1001;42;50000;495;10320;13;13;8065.03;13326.60419;generation
0003_ea_personalized_inst01_interval_n50_k8_d035_s1001_s42;ea_personalized;inst01_interval_n50_k8_d035_s1001;experiments\20260618_124336_best_configs\instances\inst01_interval_n50_k8_d035_s1001.txt;interval;50;8;223;0.35;1001;42;50000;496;10347;13;13;10280.9;13173.18768;generation
0003_ea_personalized_inst01_interval_n50_k8_d035_s1001_s42;ea_personalized;inst01_interval_n50_k8_d035_s1001;experiments\20260618_124336_best_configs\instances\inst01_interval_n50_k8_d035_s1001.txt;interval;50;8;223;0.35;1001;42;50000;497;10376;13;13;9871.9;14074.27547;generation
0003_ea_personalized_inst01_interval_n50_k8_d035_s1001_s42;ea_personalized;inst01_interval_n50_k8_d035_s1001;experiments\20260618_124336_best_configs\instances\inst01_interval_n50_k8_d035_s1001.txt;interval;50;8;223;0.35;1001;42;50000;498;10402;13;13;10674.75;13760.67763;generation
0003_ea_personalized_inst01_interval_n50_k8_d035_s1001_s42;ea_personalized;inst01_interval_n50_k8_d035_s1001;experiments\20260618_124336_best_configs\instances\inst01_interval_n50_k8_d035_s1001.txt;interval;50;8;223;0.35;1001;42;50000;499;10428;13;13;10272.66;13785.42304;generation
0003_ea_personalized_inst01_interval_n50_k8_d035_s1001_s42;ea_personalized;inst01_interval_n50_k8_d035_s1001;experiments\20260618_124336_best_configs\instances\inst01_interval_n50_k8_d035_s1001.txt;interval;50;8;223;0.35;1001;42;50000;500;10452;13;13;10473.81;13172.26189;generation
0003_ea_personalized_inst01_interval_n50_k8_d035_s1001_s42;ea_personalized;inst01_interval_n50_k8_d035_s1001;experiments\20260618_124336_best_configs\instances\inst01_interval_n50_k8_d035_s1001.txt;interval;50;8;223;0.35;1001;42;50000;501;10478;13;13;8058.88;11716.44091;generation
0003_ea_personalized_inst01_interval_n50_k8_d035_s1001_s42;ea_personalized;inst01_interval_n50_k8_d035_s1001;experiments\20260618_124336_best_configs\instances\inst01_interval_n50_k8_d035_s1001.txt;interval;50;8;223;0.35;1001;42;50000;502;10505;13;13;10673.25;14616.48272;generation
0003_ea_personalized_inst01_interval_n50_k8_d035_s1001_s42;ea_personalized;inst01_interval_n50_k8_d035_s1001;experiments\20260618_124336_best_configs\instances\inst01_interval_n50_k8_d035_s1001.txt;interval;50;8;223;0.35;1001;42;50000;503;10535;13;13;10473.59;16444.02933;generation
0003_ea_personalized_inst01_interval_n50_k8_d035_s1001_s42;ea_personalized;inst01_interval_n50_k8_d035_s1001;experiments\20260618_124336_best_configs\instances\inst01_interval_n50_k8_d035_s1001.txt;interval;50;8;223;0.35;1001;42;50000;504;10564;13;13;10072.25;16450.51828;generation
0003_ea_personalized_inst01_interval_n50_k8_d035_s1001_s42;ea_personalized;inst01_interval_n50_k8_d035_s1001;experiments\20260618_124336_best_configs\instances\inst01_interval_n50_k8_d035_s1001.txt;interval;50;8;223;0.35;1001;42;50000;505;10602;13;13;12078.63;15825.65435;generation
0003_ea_personalized_inst01_interval_n50_k8_d035_s1001_s42;ea_personalized;inst01_interval_n50_k8_d035_s1001;experiments\20260618_124336_best_configs\instances\inst01_interval_n50_k8_d035_s1001.txt;interval;50;8;223;0.35;1001;42;50000;506;10637;13;13;10670.22;15686.01254;generation
0003_ea_personalized_inst01_interval_n50_k8_d035_s1001_s42;ea_personalized;inst01_interval_n50_k8_d035_s1001;experiments\20260618_124336_best_configs\instances\inst01_interval_n50_k8_d035_s1001.txt;interval;50;8;223;0.35;1001;42;50000;507;10682;13;13;10468.39;15692.3301;generation
0003_ea_personalized_inst01_interval_n50_k8_d035_s1001_s42;ea_personalized;inst01_interval_n50_k8_d035_s1001;experiments\20260618_124336_best_configs\instances\inst01_interval_n50_k8_d035_s1001.txt;interval;50;8;223;0.35;1001;42;50000;508;10714;13;13;11478.04;16139.55638;generation
0003_ea_personalized_inst01_interval_n50_k8_d035_s1001_s42;ea_personalized;inst01_interval_n50_k8_d035_s1001;experiments\20260618_124336_best_configs\instances\inst01_interval_n50_k8_d035_s1001.txt;interval;50;8;223;0.35;1001;42;50000;509;10749;13;13;10267.33;14350.90192;generation
0003_ea_personalized_inst01_interval_n50_k8_d035_s1001_s42;ea_personalized;inst01_interval_n50_k8_d035_s1001;experiments\20260618_124336_best_configs\instances\inst01_interval_n50_k8_d035_s1001.txt;interval;50;8;223;0.35;1001;42;50000;510;10757;13;13;2626.16;7865.185003;generation
