run_id;algorithm;instance_id;instance_path;graph;n;k;m;density;instance_seed;algorithm_seed;budget;iteration;time_ms;current_cost;best_cost;avg_cost;std_cost;note
0005_ea_personalized_inst01_interval_n50_k8_d035_s1001_s1042;ea_personalized;inst01_interval_n50_k8_d035_s1001;experiments\20260618_124336_best_configs\instances\inst01_interval_n50_k8_d035_s1001.txt;interval;50;8;223;0.35;1001;1042;50000;0;9;60329;60329;359686.03;155780.027;init
0005_ea_personalized_inst01_interval_n50_k8_d035_s1001_s1042;ea_personalized;inst01_interval_n50_k8_d035_s1001;experiments\20260618_124336_best_configs\instances\inst01_interval_n50_k8_d035_s1001.txt;interval;50;8;223;0.35;1001;1042;50000;1;33;13;13;11341.17;16891.59872;generation
0005_ea_personalized_inst01_interval_n50_k8_d035_s1001_s1042;ea_personalized;inst01_interval_n50_k8_d035_s1001;experiments\20260618_124336_best_configs\instances\inst01_interval_n50_k8_d035_s1001.txt;interval;50;8;223;0.35;1001;1042;50000;2;57;13;13;9878.46;14616.79387;generation
0005_ea_personalized_inst01_interval_n50_k8_d035_s1001_s1042;ea_personalized;inst01_interval_n50_k8_d035_s1001;experiments\20260618_124336_best_configs\instances\inst01_interval_n50_k8_d035_s1001.txt;interval;50;8;223;0.35;1001;1042;50000;3;86;13;13;8386.17;12731.42762;generation
0005_ea_personalized_inst01_interval_n50_k8_d035_s1001_s1042;ea_personalized;inst01_interval_n50_k8_d035_s1001;experiments\20260618_124336_best_configs\instances\inst01_interval_n50_k8_d035_s1001.txt;interval;50;8;223;0.35;1001;1042;50000;4;108;13;13;11762.98;18011.73658;generation
0005_ea_personalized_inst01_interval_n50_k8_d035_s1001_s1042;ea_personalized;inst01_interval_n50_k8_d035_s1001;experiments\20260618_124336_best_configs\instances\inst01_interval_n50_k8_d035_s1001.txt;interval;50;8;223;0.35;1001;1042;50000;5;132;13;13;12321.72;15282.78461;generation
0005_ea_personalized_inst01_interval_n50_k8_d035_s1001_s1042;ea_personalized;inst01_interval_n50_k8_d035_s1001;experiments\20260618_124336_best_configs\instances\inst01_interval_n50_k8_d035_s1001.txt;interval;50;8;223;0.35;1001;1042;50000;6;157;13;13;12912.22;16204.11276;generation
0005_ea_personalized_inst01_interval_n50_k8_d035_s1001_s1042;ea_personalized;inst01_interval_n50_k8_d035_s1001;experiments\20260618_124336_best_configs\instances\inst01_interval_n50_k8_d035_s1001.txt;interval;50;8;223;0.35;1001;1042;50000;7;178;13;13;11302.39;16410.50649;generation
0005_ea_personalized_inst01_interval_n50_k8_d035_s1001_s1042;ea_personalized;inst01_interval_n50_k8_d035_s1001;experiments\20260618_124336_best_configs\instances\inst01_interval_n50_k8_d035_s1001.txt;interval;50;8;223;0.35;1001;1042;50000;8;203;13;13;12094.99;17046.65908;generation
0005_ea_personalized_inst01_interval_n50_k8_d035_s1001_s1042;ea_personalized;inst01_interval_n50_k8_d035_s1001;experiments\20260618_124336_best_configs\instances\inst01_interval_n50_k8_d035_s1001.txt;interval;50;8;223;0.35;1001;1042;50000;9;226;13;13;8675.98;15372.40752;generation
0005_ea_personalized_inst01_interval_n50_k8_d035_s1001_s1042;ea_personalized;inst01_interval_n50_k8_d035_s1001;experiments\20260618_124336_best_configs\instances\inst01_interval_n50_k8_d035_s1001.txt;interval;50;8;223;0.35;1001;1042;50000;10;244;13;13;9071.51;14593.88826;generation
0005_ea_personalized_inst01_interval_n50_k8_d035_s1001_s1042;ea_personalized;inst01_interval_n50_k8_d035_s1001;experiments\20260618_124336_best_configs\instances\inst01_interval_n50_k8_d035_s1001.txt;interval;50;8;223;0.35;1001;1042;50000;11;270;13;13;10475.06;14059.4166;generation
0005_ea_personalized_inst01_interval_n50_k8_d035_s1001_s1042;ea_personalized;inst01_interval_n50_k8_d035_s1001;experiments\20260618_124336_best_configs\instances\inst01_interval_n50_k8_d035_s1001.txt;interval;50;8;223;0.35;1001;1042;50000;12;298;13;13;12690.91;14675.30595;generation
0005_ea_personalized_inst01_interval_n50_k8_d035_s1001_s1042;ea_personalized;inst01_interval_n50_k8_d035_s1001;experiments\20260618_124336_best_configs\instances\inst01_interval_n50_k8_d035_s1001.txt;interval;50;8;223;0.35;1001;1042;50000;13;316;13;13;10680.08;16678.93854;generation
0005_ea_personalized_inst01_interval_n50_k8_d035_s1001_s1042;ea_personalized;inst01_interval_n50_k8_d035_s1001;experiments\20260618_124336_best_configs\instances\inst01_interval_n50_k8_d035_s1001.txt;interval;50;8;223;0.35;1001;1042;50000;14;337;13;13;10680.94;16440.27888;generation
0005_ea_personalized_inst01_interval_n50_k8_d035_s1001_s1042;ea_personalized;inst01_interval_n50_k8_d035_s1001;experiments\20260618_124336_best_configs\instances\inst01_interval_n50_k8_d035_s1001.txt;interval;50;8;223;0.35;1001;1042;50000;15;358;13;13;12889.72;16456.82144;generation
0005_ea_personalized_inst01_interval_n50_k8_d035_s1001_s1042;ea_personalized;inst01_interval_n50_k8_d035_s1001;experiments\20260618_124336_best_configs\instances\inst01_interval_n50_k8_d035_s1001.txt;interval;50;8;223;0.35;1001;1042;50000;16;372;13;13;12487.55;15519.67128;generation
0005_ea_personalized_inst01_interval_n50_k8_d035_s1001_s1042;ea_personalized;inst01_interval_n50_k8_d035_s1001;experiments\20260618_124336_best_configs\instances\inst01_interval_n50_k8_d035_s1001.txt;interval;50;8;223;0.35;1001;1042;50000;17;386;13;13;8463.17;12118.14854;generation
0005_ea_personalized_inst01_interval_n50_k8_d035_s1001_s1042;ea_personalized;inst01_interval_n50_k8_d035_s1001;experiments\20260618_124336_best_configs\instances\inst01_interval_n50_k8_d035_s1001.txt;interval;50;8;223;0.35;1001;1042;50000;18;400;13;13;11486.57;14557.99544;generation
0005_ea_personalized_inst01_interval_n50_k8_d035_s1001_s1042;ea_personalized;inst01_interval_n50_k8_d035_s1001;experiments\20260618_124336_best_configs\instances\inst01_interval_n50_k8_d035_s1001.txt;interval;50;8;223;0.35;1001;1042;50000;19;414;13;13;11276.92;15127.65119;generation
0005_ea_personalized_inst01_interval_n50_k8_d035_s1001_s1042;ea_personalized;inst01_interval_n50_k8_d035_s1001;experiments\20260618_124336_best_configs\instances\inst01_interval_n50_k8_d035_s1001.txt;interval;50;8;223;0.35;1001;1042;50000;20;428;13;13;10673.54;16194.28552;generation
0005_ea_personalized_inst01_interval_n50_k8_d035_s1001_s1042;ea_personalized;inst01_interval_n50_k8_d035_s1001;experiments\20260618_124336_best_configs\instances\inst01_interval_n50_k8_d035_s1001.txt;interval;50;8;223;0.35;1001;1042;50000;21;441;13;13;11479.24;15892.09666;generation
0005_ea_personalized_inst01_interval_n50_k8_d035_s1001_s1042;ea_personalized;inst01_interval_n50_k8_d035_s1001;experiments\20260618_124336_best_configs\instances\inst01_interval_n50_k8_d035_s1001.txt;interval;50;8;223;0.35;1001;1042;50000;22;455;13;13;11473.57;15110.96952;generation
0005_ea_personalized_inst01_interval_n50_k8_d035_s1001_s1042;ea_personalized;inst01_interval_n50_k8_d035_s1001;experiments\20260618_124336_best_configs\instances\inst01_interval_n50_k8_d035_s1001.txt;interval;50;8;223;0.35;1001;1042;50000;23;469;13;13;11071.26;15921.6647;generation
0005_ea_personalized_inst01_interval_n50_k8_d035_s1001_s1042;ea_personalized;inst01_interval_n50_k8_d035_s1001;experiments\20260618_124336_best_configs\instances\inst01_interval_n50_k8_d035_s1001.txt;interval;50;8;223;0.35;1001;1042;50000;24;483;13;13;12078.71;16326.21063;generation
0005_ea_personalized_inst01_interval_n50_k8_d035_s1001_s1042;ea_personalized;inst01_interval_n50_k8_d035_s1001;experiments\20260618_124336_best_configs\instances\inst01_interval_n50_k8_d035_s1001.txt;interval;50;8;223;0.35;1001;1042;50000;25;499;13;13;10078.43;15433.2638;generation
0005_ea_personalized_inst01_interval_n50_k8_d035_s1001_s1042;ea_personalized;inst01_interval_n50_k8_d035_s1001;experiments\20260618_124336_best_configs\instances\inst01_interval_n50_k8_d035_s1001.txt;interval;50;8;223;0.35;1001;1042;50000;26;512;13;13;12087.31;14766.25448;generation
0005_ea_personalized_inst01_interval_n50_k8_d035_s1001_s1042;ea_personalized;inst01_interval_n50_k8_d035_s1001;experiments\20260618_124336_best_configs\instances\inst01_interval_n50_k8_d035_s1001.txt;interval;50;8;223;0.35;1001;1042;50000;27;526;13;13;11077.81;13741.60207;generation
0005_ea_personalized_inst01_interval_n50_k8_d035_s1001_s1042;ea_personalized;inst01_interval_n50_k8_d035_s1001;experiments\20260618_124336_best_configs\instances\inst01_interval_n50_k8_d035_s1001.txt;interval;50;8;223;0.35;1001;1042;50000;28;540;13;13;11272.56;14017.81678;generation
0005_ea_personalized_inst01_interval_n50_k8_d035_s1001_s1042;ea_personalized;inst01_interval_n50_k8_d035_s1001;experiments\20260618_124336_best_configs\instances\inst01_interval_n50_k8_d035_s1001.txt;interval;50;8;223;0.35;1001;1042;50000;29;554;13;13;8062.87;13024.42191;generation
0005_ea_personalized_inst01_interval_n50_k8_d035_s1001_s1042;ea_personalized;inst01_interval_n50_k8_d035_s1001;experiments\20260618_124336_best_configs\instances\inst01_interval_n50_k8_d035_s1001.txt;interval;50;8;223;0.35;1001;1042;50000;30;566;13;13;12076.79;16572.70095;generation
0005_ea_personalized_inst01_interval_n50_k8_d035_s1001_s1042;ea_personalized;inst01_interval_n50_k8_d035_s1001;experiments\20260618_124336_best_configs\instances\inst01_interval_n50_k8_d035_s1001.txt;interval;50;8;223;0.35;1001;1042;50000;31;585;13;13;11273.72;14016.51563;generation
0005_ea_personalized_inst01_interval_n50_k8_d035_s1001_s1042;ea_personalized;inst01_interval_n50_k8_d035_s1001;experiments\20260618_124336_best_configs\instances\inst01_interval_n50_k8_d035_s1001.txt;interval;50;8;223;0.35;1001;1042;50000;32;599;13;13;9671.53;14348.03148;generation
0005_ea_personalized_inst01_interval_n50_k8_d035_s1001_s1042;ea_personalized;inst01_interval_n50_k8_d035_s1001;experiments\20260618_124336_best_configs\instances\inst01_interval_n50_k8_d035_s1001.txt;interval;50;8;223;0.35;1001;1042;50000;33;617;13;13;11878.83;16101.31767;generation
0005_ea_personalized_inst01_interval_n50_k8_d035_s1001_s1042;ea_personalized;inst01_interval_n50_k8_d035_s1001;experiments\20260618_124336_best_configs\instances\inst01_interval_n50_k8_d035_s1001.txt;interval;50;8;223;0.35;1001;1042;50000;34;632;13;13;10877.43;15417.26471;generation
0005_ea_personalized_inst01_interval_n50_k8_d035_s1001_s1042;ea_personalized;inst01_interval_n50_k8_d035_s1001;experiments\20260618_124336_best_configs\instances\inst01_interval_n50_k8_d035_s1001.txt;interval;50;8;223;0.35;1001;1042;50000;35;649;13;13;11476.73;16635.81749;generation
0005_ea_personalized_inst01_interval_n50_k8_d035_s1001_s1042;ea_personalized;inst01_interval_n50_k8_d035_s1001;experiments\20260618_124336_best_configs\instances\inst01_interval_n50_k8_d035_s1001.txt;interval;50;8;223;0.35;1001;1042;50000;36;662;13;13;13486.13;17305.05529;generation
0005_ea_personalized_inst01_interval_n50_k8_d035_s1001_s1042;ea_personalized;inst01_interval_n50_k8_d035_s1001;experiments\20260618_124336_best_configs\instances\inst01_interval_n50_k8_d035_s1001.txt;interval;50;8;223;0.35;1001;1042;50000;37;674;13;13;7655.89;13267.16351;generation
0005_ea_personalized_inst01_interval_n50_k8_d035_s1001_s1042;ea_personalized;inst01_interval_n50_k8_d035_s1001;experiments\20260618_124336_best_configs\instances\inst01_interval_n50_k8_d035_s1001.txt;interval;50;8;223;0.35;1001;1042;50000;38;687;13;13;11273.06;15126.18721;generation
0005_ea_personalized_inst01_interval_n50_k8_d035_s1001_s1042;ea_personalized;inst01_interval_n50_k8_d035_s1001;experiments\20260618_124336_best_configs\instances\inst01_interval_n50_k8_d035_s1001.txt;interval;50;8;223;0.35;1001;1042;50000;39;699;13;13;14086.53;17865.3419;generation
0005_ea_personalized_inst01_interval_n50_k8_d035_s1001_s1042;ea_personalized;inst01_interval_n50_k8_d035_s1001;experiments\20260618_124336_best_configs\instances\inst01_interval_n50_k8_d035_s1001.txt;interval;50;8;223;0.35;1001;1042;50000;40;714;13;13;9870.58;14349.93484;generation
0005_ea_personalized_inst01_interval_n50_k8_d035_s1001_s1042;ea_personalized;inst01_interval_n50_k8_d035_s1001;experiments\20260618_124336_best_configs\instances\inst01_interval_n50_k8_d035_s1001.txt;interval;50;8;223;0.35;1001;1042;50000;41;727;13;13;10875.24;15415.19929;generation
0005_ea_personalized_inst01_interval_n50_k8_d035_s1001_s1042;ea_personalized;inst01_interval_n50_k8_d035_s1001;experiments\20260618_124336_best_configs\instances\inst01_interval_n50_k8_d035_s1001.txt;interval;50;8;223;0.35;1001;1042;50000;42;742;13;13;10877.21;15414.56504;generation
0005_ea_personalized_inst01_interval_n50_k8_d035_s1001_s1042;ea_personalized;inst01_interval_n50_k8_d035_s1001;experiments\20260618_124336_best_configs\instances\inst01_interval_n50_k8_d035_s1001.txt;interval;50;8;223;0.35;1001;1042;50000;43;756;13;13;13290.85;16866.9548;generation
0005_ea_personalized_inst01_interval_n50_k8_d035_s1001_s1042;ea_personalized;inst01_interval_n50_k8_d035_s1001;experiments\20260618_124336_best_configs\instances\inst01_interval_n50_k8_d035_s1001.txt;interval;50;8;223;0.35;1001;1042;50000;44;769;13;13;10875.75;14608.20388;generation
0005_ea_personalized_inst01_interval_n50_k8_d035_s1001_s1042;ea_personalized;inst01_interval_n50_k8_d035_s1001;experiments\20260618_124336_best_configs\instances\inst01_interval_n50_k8_d035_s1001.txt;interval;50;8;223;0.35;1001;1042;50000;45;781;13;13;13488.32;17299.1195;generation
0005_ea_personalized_inst01_interval_n50_k8_d035_s1001_s1042;ea_personalized;inst01_interval_n50_k8_d035_s1001;experiments\20260618_124336_best_configs\instances\inst01_interval_n50_k8_d035_s1001.txt;interval;50;8;223;0.35;1001;1042;50000;46;793;13;13;10476.8;14625.26904;generation
0005_ea_personalized_inst01_interval_n50_k8_d035_s1001_s1042;ea_personalized;inst01_interval_n50_k8_d035_s1001;experiments\20260618_124336_best_configs\instances\inst01_interval_n50_k8_d035_s1001.txt;interval;50;8;223;0.35;1001;1042;50000;47;809;13;13;9870.71;14902.26093;generation
0005_ea_personalized_inst01_interval_n50_k8_d035_s1001_s1042;ea_personalized;inst01_interval_n50_k8_d035_s1001;experiments\20260618_124336_best_configs\instances\inst01_interval_n50_k8_d035_s1001.txt;interval;50;8;223;0.35;1001;1042;50000;48;821;13;13;13293.3;16622.48511;generation
0005_ea_personalized_inst01_interval_n50_k8_d035_s1001_s1042;ea_personalized;inst01_interval_n50_k8_d035_s1001;experiments\20260618_124336_best_configs\instances\inst01_interval_n50_k8_d035_s1001.txt;interval;50;8;223;0.35;1001;1042;50000;49;841;13;13;10878.14;15150.3185;generation
0005_ea_personalized_inst01_interval_n50_k8_d035_s1001_s1042;ea_personalized;inst01_interval_n50_k8_d035_s1001;experiments\20260618_124336_best_configs\instances\inst01_interval_n50_k8_d035_s1001.txt;interval;50;8;223;0.35;1001;1042;50000;50;859;13;13;11684.71;16374.332;generation
0005_ea_personalized_inst01_interval_n50_k8_d035_s1001_s1042;ea_personalized;inst01_interval_n50_k8_d035_s1001;experiments\20260618_124336_best_configs\instances\inst01_interval_n50_k8_d035_s1001.txt;interval;50;8;223;0.35;1001;1042;50000;51;877;13;13;8471.62;12761.51214;generation
0005_ea_personalized_inst01_interval_n50_k8_d035_s1001_s1042;ea_personalized;inst01_interval_n50_k8_d035_s1001;experiments\20260618_124336_best_configs\instances\inst01_interval_n50_k8_d035_s1001.txt;interval;50;8;223;0.35;1001;1042;50000;52;893;13;13;12084.74;15304.19141;generation
0005_ea_personalized_inst01_interval_n50_k8_d035_s1001_s1042;ea_personalized;inst01_interval_n50_k8_d035_s1001;experiments\20260618_124336_best_configs\instances\inst01_interval_n50_k8_d035_s1001.txt;interval;50;8;223;0.35;1001;1042;50000;53;914;13;13;11080.61;15139.68756;generation
0005_ea_personalized_inst01_interval_n50_k8_d035_s1001_s1042;ea_personalized;inst01_interval_n50_k8_d035_s1001;experiments\20260618_124336_best_configs\instances\inst01_interval_n50_k8_d035_s1001.txt;interval;50;8;223;0.35;1001;1042;50000;54;932;13;13;11882.85;16101.34768;generation
0005_ea_personalized_inst01_interval_n50_k8_d035_s1001_s1042;ea_personalized;inst01_interval_n50_k8_d035_s1001;experiments\20260618_124336_best_configs\instances\inst01_interval_n50_k8_d035_s1001.txt;interval;50;8;223;0.35;1001;1042;50000;55;948;13;13;13888.9;15745.37918;generation
0005_ea_personalized_inst01_interval_n50_k8_d035_s1001_s1042;ea_personalized;inst01_interval_n50_k8_d035_s1001;experiments\20260618_124336_best_configs\instances\inst01_interval_n50_k8_d035_s1001.txt;interval;50;8;223;0.35;1001;1042;50000;56;969;13;13;10071.3;13180.75058;generation
0005_ea_personalized_inst01_interval_n50_k8_d035_s1001_s1042;ea_personalized;inst01_interval_n50_k8_d035_s1001;experiments\20260618_124336_best_configs\instances\inst01_interval_n50_k8_d035_s1001.txt;interval;50;8;223;0.35;1001;1042;50000;57;990;13;13;7659.19;12317.01303;generation
0005_ea_personalized_inst01_interval_n50_k8_d035_s1001_s1042;ea_personalized;inst01_interval_n50_k8_d035_s1001;experiments\20260618_124336_best_configs\instances\inst01_interval_n50_k8_d035_s1001.txt;interval;50;8;223;0.35;1001;1042;50000;58;1004;13;13;11073.15;14872.49481;generation
0005_ea_personalized_inst01_interval_n50_k8_d035_s1001_s1042;ea_personalized;inst01_interval_n50_k8_d035_s1001;experiments\20260618_124336_best_configs\instances\inst01_interval_n50_k8_d035_s1001.txt;interval;50;8;223;0.35;1001;1042;50000;59;1027;13;13;12886.84;16453.12795;generation
0005_ea_personalized_inst01_interval_n50_k8_d035_s1001_s1042;ea_personalized;inst01_interval_n50_k8_d035_s1001;experiments\20260618_124336_best_configs\instances\inst01_interval_n50_k8_d035_s1001.txt;interval;50;8;223;0.35;1001;1042;50000;60;1043;13;13;10071.94;16692.1257;generation
0005_ea_personalized_inst01_interval_n50_k8_d035_s1001_s1042;ea_personalized;inst01_interval_n50_k8_d035_s1001;experiments\20260618_124336_best_configs\instances\inst01_interval_n50_k8_d035_s1001.txt;interval;50;8;223;0.35;1001;1042;50000;61;1064;13;13;11278.81;15393.59336;generation
0005_ea_personalized_inst01_interval_n50_k8_d035_s1001_s1042;ea_personalized;inst01_interval_n50_k8_d035_s1001;experiments\20260618_124336_best_configs\instances\inst01_interval_n50_k8_d035_s1001.txt;interval;50;8;223;0.35;1001;1042;50000;62;1082;13;13;12885.19;14072.34239;generation
0005_ea_personalized_inst01_interval_n50_k8_d035_s1001_s1042;ea_personalized;inst01_interval_n50_k8_d035_s1001;experiments\20260618_124336_best_configs\instances\inst01_interval_n50_k8_d035_s1001.txt;interval;50;8;223;0.35;1001;1042;50000;63;1096;13;13;11478.15;14838.69874;generation
0005_ea_personalized_inst01_interval_n50_k8_d035_s1001_s1042;ea_personalized;inst01_interval_n50_k8_d035_s1001;experiments\20260618_124336_best_configs\instances\inst01_interval_n50_k8_d035_s1001.txt;interval;50;8;223;0.35;1001;1042;50000;64;1116;13;13;12080.73;17975.22267;generation
0005_ea_personalized_inst01_interval_n50_k8_d035_s1001_s1042;ea_personalized;inst01_interval_n50_k8_d035_s1001;experiments\20260618_124336_best_configs\instances\inst01_interval_n50_k8_d035_s1001.txt;interval;50;8;223;0.35;1001;1042;50000;65;1138;13;13;10274.21;14062.2624;generation
0005_ea_personalized_inst01_interval_n50_k8_d035_s1001_s1042;ea_personalized;inst01_interval_n50_k8_d035_s1001;experiments\20260618_124336_best_configs\instances\inst01_interval_n50_k8_d035_s1001.txt;interval;50;8;223;0.35;1001;1042;50000;66;1151;13;13;10071.19;15699.24401;generation
0005_ea_personalized_inst01_interval_n50_k8_d035_s1001_s1042;ea_personalized;inst01_interval_n50_k8_d035_s1001;experiments\20260618_124336_best_configs\instances\inst01_interval_n50_k8_d035_s1001.txt;interval;50;8;223;0.35;1001;1042;50000;67;1165;13;13;10271.55;16695.79925;generation
0005_ea_personalized_inst01_interval_n50_k8_d035_s1001_s1042;ea_personalized;inst01_interval_n50_k8_d035_s1001;experiments\20260618_124336_best_configs\instances\inst01_interval_n50_k8_d035_s1001.txt;interval;50;8;223;0.35;1001;1042;50000;68;1181;13;13;12281.03;16549.26299;generation
0005_ea_personalized_inst01_interval_n50_k8_d035_s1001_s1042;ea_personalized;inst01_interval_n50_k8_d035_s1001;experiments\20260618_124336_best_configs\instances\inst01_interval_n50_k8_d035_s1001.txt;interval;50;8;223;0.35;1001;1042;50000;69;1203;13;13;11881.18;16352.86125;generation
0005_ea_personalized_inst01_interval_n50_k8_d035_s1001_s1042;ea_personalized;inst01_interval_n50_k8_d035_s1001;experiments\20260618_124336_best_configs\instances\inst01_interval_n50_k8_d035_s1001.txt;interval;50;8;223;0.35;1001;1042;50000;70;1219;13;13;11476;15372.98701;generation
0005_ea_personalized_inst01_interval_n50_k8_d035_s1001_s1042;ea_personalized;inst01_interval_n50_k8_d035_s1001;experiments\20260618_124336_best_configs\instances\inst01_interval_n50_k8_d035_s1001.txt;interval;50;8;223;0.35;1001;1042;50000;71;1233;13;13;15298.28;16846.4899;generation
0005_ea_personalized_inst01_interval_n50_k8_d035_s1001_s1042;ea_personalized;inst01_interval_n50_k8_d035_s1001;experiments\20260618_124336_best_configs\instances\inst01_interval_n50_k8_d035_s1001.txt;interval;50;8;223;0.35;1001;1042;50000;72;1251;13;13;11079.52;15930.67442;generation
0005_ea_personalized_inst01_interval_n50_k8_d035_s1001_s1042;ea_personalized;inst01_interval_n50_k8_d035_s1001;experiments\20260618_124336_best_configs\instances\inst01_interval_n50_k8_d035_s1001.txt;interval;50;8;223;0.35;1001;1042;50000;73;1271;13;13;11880.03;16102.49361;generation
0005_ea_personalized_inst01_interval_n50_k8_d035_s1001_s1042;ea_personalized;inst01_interval_n50_k8_d035_s1001;experiments\20260618_124336_best_configs\instances\inst01_interval_n50_k8_d035_s1001.txt;interval;50;8;223;0.35;1001;1042;50000;74;1293;13;13;10272.18;13773.97882;generation
0005_ea_personalized_inst01_interval_n50_k8_d035_s1001_s1042;ea_personalized;inst01_interval_n50_k8_d035_s1001;experiments\20260618_124336_best_configs\instances\inst01_interval_n50_k8_d035_s1001.txt;interval;50;8;223;0.35;1001;1042;50000;75;1313;13;13;10279.74;16196.83052;generation
0005_ea_personalized_inst01_interval_n50_k8_d035_s1001_s1042;ea_personalized;inst01_interval_n50_k8_d035_s1001;experiments\20260618_124336_best_configs\instances\inst01_interval_n50_k8_d035_s1001.txt;interval;50;8;223;0.35;1001;1042;50000;76;1330;13;13;11074.95;14595.16714;generation
0005_ea_personalized_inst01_interval_n50_k8_d035_s1001_s1042;ea_personalized;inst01_interval_n50_k8_d035_s1001;experiments\20260618_124336_best_configs\instances\inst01_interval_n50_k8_d035_s1001.txt;interval;50;8;223;0.35;1001;1042;50000;77;1341;13;13;9668.41;16447.56687;generation
0005_ea_personalized_inst01_interval_n50_k8_d035_s1001_s1042;ea_personalized;inst01_interval_n50_k8_d035_s1001;experiments\20260618_124336_best_configs\instances\inst01_interval_n50_k8_d035_s1001.txt;interval;50;8;223;0.35;1001;1042;50000;78;1353;13;13;13484.43;16827.44455;generation
0005_ea_personalized_inst01_interval_n50_k8_d035_s1001_s1042;ea_personalized;inst01_interval_n50_k8_d035_s1001;experiments\20260618_124336_best_configs\instances\inst01_interval_n50_k8_d035_s1001.txt;interval;50;8;223;0.35;1001;1042;50000;79;1374;13;13;11076.27;15919.87543;generation
0005_ea_personalized_inst01_interval_n50_k8_d035_s1001_s1042;ea_personalized;inst01_interval_n50_k8_d035_s1001;experiments\20260618_124336_best_configs\instances\inst01_interval_n50_k8_d035_s1001.txt;interval;50;8;223;0.35;1001;1042;50000;80;1389;13;13;12279.44;16052.74057;generation
0005_ea_personalized_inst01_interval_n50_k8_d035_s1001_s1042;ea_personalized;inst01_interval_n50_k8_d035_s1001;experiments\20260618_124336_best_configs\instances\inst01_interval_n50_k8_d035_s1001.txt;interval;50;8;223;0.35;1001;1042;50000;81;1400;13;13;17908.19;17951.01313;generation
0005_ea_personalized_inst01_interval_n50_k8_d035_s1001_s1042;ea_personalized;inst01_interval_n50_k8_d035_s1001;experiments\20260618_124336_best_configs\instances\inst01_interval_n50_k8_d035_s1001.txt;interval;50;8;223;0.35;1001;1042;50000;82;1412;13;13;9267.32;13754.81763;generation
0005_ea_personalized_inst01_interval_n50_k8_d035_s1001_s1042;ea_personalized;inst01_interval_n50_k8_d035_s1001;experiments\20260618_124336_best_configs\instances\inst01_interval_n50_k8_d035_s1001.txt;interval;50;8;223;0.35;1001;1042;50000;83;1424;13;13;11475.5;15376.03254;generation
0005_ea_personalized_inst01_interval_n50_k8_d035_s1001_s1042;ea_personalized;inst01_interval_n50_k8_d035_s1001;experiments\20260618_124336_best_configs\instances\inst01_interval_n50_k8_d035_s1001.txt;interval;50;8;223;0.35;1001;1042;50000;84;1445;13;13;12281;16051.92072;generation
0005_ea_personalized_inst01_interval_n50_k8_d035_s1001_s1042;ea_personalized;inst01_interval_n50_k8_d035_s1001;experiments\20260618_124336_best_configs\instances\inst01_interval_n50_k8_d035_s1001.txt;interval;50;8;223;0.35;1001;1042;50000;85;1459;13;13;10468.4;13772.31859;generation
0005_ea_personalized_inst01_interval_n50_k8_d035_s1001_s1042;ea_personalized;inst01_interval_n50_k8_d035_s1001;experiments\20260618_124336_best_configs\instances\inst01_interval_n50_k8_d035_s1001.txt;interval;50;8;223;0.35;1001;1042;50000;86;1473;13;13;8258.74;13360.19302;generation
0005_ea_personalized_inst01_interval_n50_k8_d035_s1001_s1042;ea_personalized;inst01_interval_n50_k8_d035_s1001;experiments\20260618_124336_best_configs\instances\inst01_interval_n50_k8_d035_s1001.txt;interval;50;8;223;0.35;1001;1042;50000;87;1487;13;13;12479.03;15769.56166;generation
0005_ea_personalized_inst01_interval_n50_k8_d035_s1001_s1042;ea_personalized;inst01_interval_n50_k8_d035_s1001;experiments\20260618_124336_best_configs\instances\inst01_interval_n50_k8_d035_s1001.txt;interval;50;8;223;0.35;1001;1042;50000;88;1501;13;13;12278.76;17952.68706;generation
0005_ea_personalized_inst01_interval_n50_k8_d035_s1001_s1042;ea_personalized;inst01_interval_n50_k8_d035_s1001;experiments\20260618_124336_best_configs\instances\inst01_interval_n50_k8_d035_s1001.txt;interval;50;8;223;0.35;1001;1042;50000;89;1515;13;13;8663.28;13997.65174;generation
0005_ea_personalized_inst01_interval_n50_k8_d035_s1001_s1042;ea_personalized;inst01_interval_n50_k8_d035_s1001;experiments\20260618_124336_best_configs\instances\inst01_interval_n50_k8_d035_s1001.txt;interval;50;8;223;0.35;1001;1042;50000;90;1529;13;13;10269.6;14629.70754;generation
0005_ea_personalized_inst01_interval_n50_k8_d035_s1001_s1042;ea_personalized;inst01_interval_n50_k8_d035_s1001;experiments\20260618_124336_best_configs\instances\inst01_interval_n50_k8_d035_s1001.txt;interval;50;8;223;0.35;1001;1042;50000;91;1540;13;13;13285.45;15363.12835;generation
0005_ea_personalized_inst01_interval_n50_k8_d035_s1001_s1042;ea_personalized;inst01_interval_n50_k8_d035_s1001;experiments\20260618_124336_best_configs\instances\inst01_interval_n50_k8_d035_s1001.txt;interval;50;8;223;0.35;1001;1042;50000;92;1552;13;13;10681.82;16436.83009;generation
0005_ea_personalized_inst01_interval_n50_k8_d035_s1001_s1042;ea_personalized;inst01_interval_n50_k8_d035_s1001;experiments\20260618_124336_best_configs\instances\inst01_interval_n50_k8_d035_s1001.txt;interval;50;8;223;0.35;1001;1042;50000;93;1563;13;13;10470.26;14626.40914;generation
0005_ea_personalized_inst01_interval_n50_k8_d035_s1001_s1042;ea_personalized;inst01_interval_n50_k8_d035_s1001;experiments\20260618_124336_best_configs\instances\inst01_interval_n50_k8_d035_s1001.txt;interval;50;8;223;0.35;1001;1042;50000;94;1573;13;13;9868.52;15170.87902;generation
0005_ea_personalized_inst01_interval_n50_k8_d035_s1001_s1042;ea_personalized;inst01_interval_n50_k8_d035_s1001;experiments\20260618_124336_best_configs\instances\inst01_interval_n50_k8_d035_s1001.txt;interval;50;8;223;0.35;1001;1042;50000;95;1588;13;13;13280.87;16382.25762;generation
0005_ea_personalized_inst01_interval_n50_k8_d035_s1001_s1042;ea_personalized;inst01_interval_n50_k8_d035_s1001;experiments\20260618_124336_best_configs\instances\inst01_interval_n50_k8_d035_s1001.txt;interval;50;8;223;0.35;1001;1042;50000;96;1601;13;13;9469.12;14889.67594;generation
0005_ea_personalized_inst01_interval_n50_k8_d035_s1001_s1042;ea_personalized;inst01_interval_n50_k8_d035_s1001;experiments\20260618_124336_best_configs\instances\inst01_interval_n50_k8_d035_s1001.txt;interval;50;8;223;0.35;1001;1042;50000;97;1612;13;13;12881.8;15956.38835;generation
0005_ea_personalized_inst01_interval_n50_k8_d035_s1001_s1042;ea_personalized;inst01_interval_n50_k8_d035_s1001;experiments\20260618_124336_best_configs\instances\inst01_interval_n50_k8_d035_s1001.txt;interval;50;8;223;0.35;1001;1042;50000;98;1623;13;13;10272.66;15433.68493;generation
0005_ea_personalized_inst01_interval_n50_k8_d035_s1001_s1042;ea_personalized;inst01_interval_n50_k8_d035_s1001;experiments\20260618_124336_best_configs\instances\inst01_interval_n50_k8_d035_s1001.txt;interval;50;8;223;0.35;1001;1042;50000;99;1634;13;13;14493.7;15323.57961;generation
0005_ea_personalized_inst01_interval_n50_k8_d035_s1001_s1042;ea_personalized;inst01_interval_n50_k8_d035_s1001;experiments\20260618_124336_best_configs\instances\inst01_interval_n50_k8_d035_s1001.txt;interval;50;8;223;0.35;1001;1042;50000;100;1645;13;13;10874.95;14880.39405;generation
0005_ea_personalized_inst01_interval_n50_k8_d035_s1001_s1042;ea_personalized;inst01_interval_n50_k8_d035_s1001;experiments\20260618_124336_best_configs\instances\inst01_interval_n50_k8_d035_s1001.txt;interval;50;8;223;0.35;1001;1042;50000;101;1655;13;13;12482.86;14980.94227;generation
0005_ea_personalized_inst01_interval_n50_k8_d035_s1001_s1042;ea_personalized;inst01_interval_n50_k8_d035_s1001;experiments\20260618_124336_best_configs\instances\inst01_interval_n50_k8_d035_s1001.txt;interval;50;8;223;0.35;1001;1042;50000;102;1666;13;13;7859.43;12354.5904;generation
0005_ea_personalized_inst01_interval_n50_k8_d035_s1001_s1042;ea_personalized;inst01_interval_n50_k8_d035_s1001;experiments\20260618_124336_best_configs\instances\inst01_interval_n50_k8_d035_s1001.txt;interval;50;8;223;0.35;1001;1042;50000;103;1677;13;13;10467.93;14347.60475;generation
0005_ea_personalized_inst01_interval_n50_k8_d035_s1001_s1042;ea_personalized;inst01_interval_n50_k8_d035_s1001;experiments\20260618_124336_best_configs\instances\inst01_interval_n50_k8_d035_s1001.txt;interval;50;8;223;0.35;1001;1042;50000;104;1691;13;13;11072.92;15403.45878;generation
0005_ea_personalized_inst01_interval_n50_k8_d035_s1001_s1042;ea_personalized;inst01_interval_n50_k8_d035_s1001;experiments\20260618_124336_best_configs\instances\inst01_interval_n50_k8_d035_s1001.txt;interval;50;8;223;0.35;1001;1042;50000;105;1703;13;13;11875.37;15850.00554;generation
0005_ea_personalized_inst01_interval_n50_k8_d035_s1001_s1042;ea_personalized;inst01_interval_n50_k8_d035_s1001;experiments\20260618_124336_best_configs\instances\inst01_interval_n50_k8_d035_s1001.txt;interval;50;8;223;0.35;1001;1042;50000;106;1717;13;13;11271.28;15908.50556;generation
0005_ea_personalized_inst01_interval_n50_k8_d035_s1001_s1042;ea_personalized;inst01_interval_n50_k8_d035_s1001;experiments\20260618_124336_best_configs\instances\inst01_interval_n50_k8_d035_s1001.txt;interval;50;8;223;0.35;1001;1042;50000;107;1727;13;13;10274.53;15690.79215;generation
0005_ea_personalized_inst01_interval_n50_k8_d035_s1001_s1042;ea_personalized;inst01_interval_n50_k8_d035_s1001;experiments\20260618_124336_best_configs\instances\inst01_interval_n50_k8_d035_s1001.txt;interval;50;8;223;0.35;1001;1042;50000;108;1738;13;13;12279.59;14181.95547;generation
0005_ea_personalized_inst01_interval_n50_k8_d035_s1001_s1042;ea_personalized;inst01_interval_n50_k8_d035_s1001;experiments\20260618_124336_best_configs\instances\inst01_interval_n50_k8_d035_s1001.txt;interval;50;8;223;0.35;1001;1042;50000;109;1748;13;13;9872.58;16449.71107;generation
0005_ea_personalized_inst01_interval_n50_k8_d035_s1001_s1042;ea_personalized;inst01_interval_n50_k8_d035_s1001;experiments\20260618_124336_best_configs\instances\inst01_interval_n50_k8_d035_s1001.txt;interval;50;8;223;0.35;1001;1042;50000;110;1758;13;13;11478.28;14562.92473;generation
0005_ea_personalized_inst01_interval_n50_k8_d035_s1001_s1042;ea_personalized;inst01_interval_n50_k8_d035_s1001;experiments\20260618_124336_best_configs\instances\inst01_interval_n50_k8_d035_s1001.txt;interval;50;8;223;0.35;1001;1042;50000;111;1769;13;13;12085.04;14209.33285;generation
0005_ea_personalized_inst01_interval_n50_k8_d035_s1001_s1042;ea_personalized;inst01_interval_n50_k8_d035_s1001;experiments\20260618_124336_best_configs\instances\inst01_interval_n50_k8_d035_s1001.txt;interval;50;8;223;0.35;1001;1042;50000;112;1780;13;13;12685.5;16489.00605;generation
0005_ea_personalized_inst01_interval_n50_k8_d035_s1001_s1042;ea_personalized;inst01_interval_n50_k8_d035_s1001;experiments\20260618_124336_best_configs\instances\inst01_interval_n50_k8_d035_s1001.txt;interval;50;8;223;0.35;1001;1042;50000;113;1791;13;13;10078.45;14905.75771;generation
0005_ea_personalized_inst01_interval_n50_k8_d035_s1001_s1042;ea_personalized;inst01_interval_n50_k8_d035_s1001;experiments\20260618_124336_best_configs\instances\inst01_interval_n50_k8_d035_s1001.txt;interval;50;8;223;0.35;1001;1042;50000;114;1801;13;13;9467.79;13468.67044;generation
0005_ea_personalized_inst01_interval_n50_k8_d035_s1001_s1042;ea_personalized;inst01_interval_n50_k8_d035_s1001;experiments\20260618_124336_best_configs\instances\inst01_interval_n50_k8_d035_s1001.txt;interval;50;8;223;0.35;1001;1042;50000;115;1813;13;13;12482.81;14706.45892;generation
0005_ea_personalized_inst01_interval_n50_k8_d035_s1001_s1042;ea_personalized;inst01_interval_n50_k8_d035_s1001;experiments\20260618_124336_best_configs\instances\inst01_interval_n50_k8_d035_s1001.txt;interval;50;8;223;0.35;1001;1042;50000;116;1823;13;13;12086.17;17517.14776;generation
0005_ea_personalized_inst01_interval_n50_k8_d035_s1001_s1042;ea_personalized;inst01_interval_n50_k8_d035_s1001;experiments\20260618_124336_best_configs\instances\inst01_interval_n50_k8_d035_s1001.txt;interval;50;8;223;0.35;1001;1042;50000;117;1834;13;13;11485.47;17112.83251;generation
0005_ea_personalized_inst01_interval_n50_k8_d035_s1001_s1042;ea_personalized;inst01_interval_n50_k8_d035_s1001;experiments\20260618_124336_best_configs\instances\inst01_interval_n50_k8_d035_s1001.txt;interval;50;8;223;0.35;1001;1042;50000;118;1844;13;13;12082.34;15303.88508;generation
0005_ea_personalized_inst01_interval_n50_k8_d035_s1001_s1042;ea_personalized;inst01_interval_n50_k8_d035_s1001;experiments\20260618_124336_best_configs\instances\inst01_interval_n50_k8_d035_s1001.txt;interval;50;8;223;0.35;1001;1042;50000;119;1854;13;13;13688.88;16048.52677;generation
0005_ea_personalized_inst01_interval_n50_k8_d035_s1001_s1042;ea_personalized;inst01_interval_n50_k8_d035_s1001;experiments\20260618_124336_best_configs\instances\inst01_interval_n50_k8_d035_s1001.txt;interval;50;8;223;0.35;1001;1042;50000;120;1864;13;13;10682.25;15683.76153;generation
0005_ea_personalized_inst01_interval_n50_k8_d035_s1001_s1042;ea_personalized;inst01_interval_n50_k8_d035_s1001;experiments\20260618_124336_best_configs\instances\inst01_interval_n50_k8_d035_s1001.txt;interval;50;8;223;0.35;1001;1042;50000;121;1874;13;13;10274.47;15434.1636;generation
0005_ea_personalized_inst01_interval_n50_k8_d035_s1001_s1042;ea_personalized;inst01_interval_n50_k8_d035_s1001;experiments\20260618_124336_best_configs\instances\inst01_interval_n50_k8_d035_s1001.txt;interval;50;8;223;0.35;1001;1042;50000;122;1885;13;13;12292.97;15792.50752;generation
0005_ea_personalized_inst01_interval_n50_k8_d035_s1001_s1042;ea_personalized;inst01_interval_n50_k8_d035_s1001;experiments\20260618_124336_best_configs\instances\inst01_interval_n50_k8_d035_s1001.txt;interval;50;8;223;0.35;1001;1042;50000;123;1895;13;13;10280.64;14350.62409;generation
0005_ea_personalized_inst01_interval_n50_k8_d035_s1001_s1042;ea_personalized;inst01_interval_n50_k8_d035_s1001;experiments\20260618_124336_best_configs\instances\inst01_interval_n50_k8_d035_s1001.txt;interval;50;8;223;0.35;1001;1042;50000;124;1905;13;13;11077.54;16172.08575;generation
0005_ea_personalized_inst01_interval_n50_k8_d035_s1001_s1042;ea_personalized;inst01_interval_n50_k8_d035_s1001;experiments\20260618_124336_best_configs\instances\inst01_interval_n50_k8_d035_s1001.txt;interval;50;8;223;0.35;1001;1042;50000;125;1917;13;13;12287.91;14736.51342;generation
0005_ea_personalized_inst01_interval_n50_k8_d035_s1001_s1042;ea_personalized;inst01_interval_n50_k8_d035_s1001;experiments\20260618_124336_best_configs\instances\inst01_interval_n50_k8_d035_s1001.txt;interval;50;8;223;0.35;1001;1042;50000;126;1927;13;13;11477.34;15633.41805;generation
0005_ea_personalized_inst01_interval_n50_k8_d035_s1001_s1042;ea_personalized;inst01_interval_n50_k8_d035_s1001;experiments\20260618_124336_best_configs\instances\inst01_interval_n50_k8_d035_s1001.txt;interval;50;8;223;0.35;1001;1042;50000;127;1938;13;13;13694.72;16293.16161;generation
0005_ea_personalized_inst01_interval_n50_k8_d035_s1001_s1042;ea_personalized;inst01_interval_n50_k8_d035_s1001;experiments\20260618_124336_best_configs\instances\inst01_interval_n50_k8_d035_s1001.txt;interval;50;8;223;0.35;1001;1042;50000;128;1949;13;13;9478.24;13760.66582;generation
0005_ea_personalized_inst01_interval_n50_k8_d035_s1001_s1042;ea_personalized;inst01_interval_n50_k8_d035_s1001;experiments\20260618_124336_best_configs\instances\inst01_interval_n50_k8_d035_s1001.txt;interval;50;8;223;0.35;1001;1042;50000;129;1958;13;13;11078.79;15918.45612;generation
0005_ea_personalized_inst01_interval_n50_k8_d035_s1001_s1042;ea_personalized;inst01_interval_n50_k8_d035_s1001;experiments\20260618_124336_best_configs\instances\inst01_interval_n50_k8_d035_s1001.txt;interval;50;8;223;0.35;1001;1042;50000;130;1968;13;13;9078.65;14596.30123;generation
0005_ea_personalized_inst01_interval_n50_k8_d035_s1001_s1042;ea_personalized;inst01_interval_n50_k8_d035_s1001;experiments\20260618_124336_best_configs\instances\inst01_interval_n50_k8_d035_s1001.txt;interval;50;8;223;0.35;1001;1042;50000;131;1979;13;13;13093.71;16417.25965;generation
0005_ea_personalized_inst01_interval_n50_k8_d035_s1001_s1042;ea_personalized;inst01_interval_n50_k8_d035_s1001;experiments\20260618_124336_best_configs\instances\inst01_interval_n50_k8_d035_s1001.txt;interval;50;8;223;0.35;1001;1042;50000;132;1988;13;13;12887.9;16205.82511;generation
0005_ea_personalized_inst01_interval_n50_k8_d035_s1001_s1042;ea_personalized;inst01_interval_n50_k8_d035_s1001;experiments\20260618_124336_best_configs\instances\inst01_interval_n50_k8_d035_s1001.txt;interval;50;8;223;0.35;1001;1042;50000;133;1999;13;13;8264.87;14518.6704;generation
0005_ea_personalized_inst01_interval_n50_k8_d035_s1001_s1042;ea_personalized;inst01_interval_n50_k8_d035_s1001;experiments\20260618_124336_best_configs\instances\inst01_interval_n50_k8_d035_s1001.txt;interval;50;8;223;0.35;1001;1042;50000;134;2008;13;13;11474.56;15376.06996;generation
0005_ea_personalized_inst01_interval_n50_k8_d035_s1001_s1042;ea_personalized;inst01_interval_n50_k8_d035_s1001;experiments\20260618_124336_best_configs\instances\inst01_interval_n50_k8_d035_s1001.txt;interval;50;8;223;0.35;1001;1042;50000;135;2019;13;13;9865.81;14068.24175;generation
0005_ea_personalized_inst01_interval_n50_k8_d035_s1001_s1042;ea_personalized;inst01_interval_n50_k8_d035_s1001;experiments\20260618_124336_best_configs\instances\inst01_interval_n50_k8_d035_s1001.txt;interval;50;8;223;0.35;1001;1042;50000;136;2029;13;13;11475.47;14565.18483;generation
0005_ea_personalized_inst01_interval_n50_k8_d035_s1001_s1042;ea_personalized;inst01_interval_n50_k8_d035_s1001;experiments\20260618_124336_best_configs\instances\inst01_interval_n50_k8_d035_s1001.txt;interval;50;8;223;0.35;1001;1042;50000;137;2038;13;13;10473.66;16444.25769;generation
0005_ea_personalized_inst01_interval_n50_k8_d035_s1001_s1042;ea_personalized;inst01_interval_n50_k8_d035_s1001;experiments\20260618_124336_best_configs\instances\inst01_interval_n50_k8_d035_s1001.txt;interval;50;8;223;0.35;1001;1042;50000;138;2048;13;13;10277.35;15433.25889;generation
0005_ea_personalized_inst01_interval_n50_k8_d035_s1001_s1042;ea_personalized;inst01_interval_n50_k8_d035_s1001;experiments\20260618_124336_best_configs\instances\inst01_interval_n50_k8_d035_s1001.txt;interval;50;8;223;0.35;1001;1042;50000;139;2058;13;13;12286.03;15536.10849;generation
0005_ea_personalized_inst01_interval_n50_k8_d035_s1001_s1042;ea_personalized;inst01_interval_n50_k8_d035_s1001;experiments\20260618_124336_best_configs\instances\inst01_interval_n50_k8_d035_s1001.txt;interval;50;8;223;0.35;1001;1042;50000;140;2072;13;13;9670.95;16444.19754;generation
0005_ea_personalized_inst01_interval_n50_k8_d035_s1001_s1042;ea_personalized;inst01_interval_n50_k8_d035_s1001;experiments\20260618_124336_best_configs\instances\inst01_interval_n50_k8_d035_s1001.txt;interval;50;8;223;0.35;1001;1042;50000;141;2082;13;13;11888.31;15334.57026;generation
0005_ea_personalized_inst01_interval_n50_k8_d035_s1001_s1042;ea_personalized;inst01_interval_n50_k8_d035_s1001;experiments\20260618_124336_best_configs\instances\inst01_interval_n50_k8_d035_s1001.txt;interval;50;8;223;0.35;1001;1042;50000;142;2091;13;13;10272.74;14630.99931;generation
0005_ea_personalized_inst01_interval_n50_k8_d035_s1001_s1042;ea_personalized;inst01_interval_n50_k8_d035_s1001;experiments\20260618_124336_best_configs\instances\inst01_interval_n50_k8_d035_s1001.txt;interval;50;8;223;0.35;1001;1042;50000;143;2101;13;13;12281.41;16052.44574;generation
0005_ea_personalized_inst01_interval_n50_k8_d035_s1001_s1042;ea_personalized;inst01_interval_n50_k8_d035_s1001;experiments\20260618_124336_best_configs\instances\inst01_interval_n50_k8_d035_s1001.txt;interval;50;8;223;0.35;1001;1042;50000;144;2111;13;13;10477.11;16193.99689;generation
0005_ea_personalized_inst01_interval_n50_k8_d035_s1001_s1042;ea_personalized;inst01_interval_n50_k8_d035_s1001;experiments\20260618_124336_best_configs\instances\inst01_interval_n50_k8_d035_s1001.txt;interval;50;8;223;0.35;1001;1042;50000;145;2120;13;13;11884.64;14791.3175;generation
0005_ea_personalized_inst01_interval_n50_k8_d035_s1001_s1042;ea_personalized;inst01_interval_n50_k8_d035_s1001;experiments\20260618_124336_best_configs\instances\inst01_interval_n50_k8_d035_s1001.txt;interval;50;8;223;0.35;1001;1042;50000;146;2131;13;13;10074.25;16692.34139;generation
0005_ea_personalized_inst01_interval_n50_k8_d035_s1001_s1042;ea_personalized;inst01_interval_n50_k8_d035_s1001;experiments\20260618_124336_best_configs\instances\inst01_interval_n50_k8_d035_s1001.txt;interval;50;8;223;0.35;1001;1042;50000;147;2140;13;13;14089.67;16693.61493;generation
0005_ea_personalized_inst01_interval_n50_k8_d035_s1001_s1042;ea_personalized;inst01_interval_n50_k8_d035_s1001;experiments\20260618_124336_best_configs\instances\inst01_interval_n50_k8_d035_s1001.txt;interval;50;8;223;0.35;1001;1042;50000;148;2150;13;13;9068.76;14314.84507;generation
0005_ea_personalized_inst01_interval_n50_k8_d035_s1001_s1042;ea_personalized;inst01_interval_n50_k8_d035_s1001;experiments\20260618_124336_best_configs\instances\inst01_interval_n50_k8_d035_s1001.txt;interval;50;8;223;0.35;1001;1042;50000;149;2160;13;13;14490.29;17541.69963;generation
0005_ea_personalized_inst01_interval_n50_k8_d035_s1001_s1042;ea_personalized;inst01_interval_n50_k8_d035_s1001;experiments\20260618_124336_best_configs\instances\inst01_interval_n50_k8_d035_s1001.txt;interval;50;8;223;0.35;1001;1042;50000;150;2170;13;13;11276.28;15651.80644;generation
0005_ea_personalized_inst01_interval_n50_k8_d035_s1001_s1042;ea_personalized;inst01_interval_n50_k8_d035_s1001;experiments\20260618_124336_best_configs\instances\inst01_interval_n50_k8_d035_s1001.txt;interval;50;8;223;0.35;1001;1042;50000;151;2180;13;13;10874.56;15152.65994;generation
0005_ea_personalized_inst01_interval_n50_k8_d035_s1001_s1042;ea_personalized;inst01_interval_n50_k8_d035_s1001;experiments\20260618_124336_best_configs\instances\inst01_interval_n50_k8_d035_s1001.txt;interval;50;8;223;0.35;1001;1042;50000;152;2189;13;13;11279.74;16404.33183;generation
0005_ea_personalized_inst01_interval_n50_k8_d035_s1001_s1042;ea_personalized;inst01_interval_n50_k8_d035_s1001;experiments\20260618_124336_best_configs\instances\inst01_interval_n50_k8_d035_s1001.txt;interval;50;8;223;0.35;1001;1042;50000;153;2198;13;13;9275.28;14322.94909;generation
0005_ea_personalized_inst01_interval_n50_k8_d035_s1001_s1042;ea_personalized;inst01_interval_n50_k8_d035_s1001;experiments\20260618_124336_best_configs\instances\inst01_interval_n50_k8_d035_s1001.txt;interval;50;8;223;0.35;1001;1042;50000;154;2207;13;13;12882.46;16458.30371;generation
0005_ea_personalized_inst01_interval_n50_k8_d035_s1001_s1042;ea_personalized;inst01_interval_n50_k8_d035_s1001;experiments\20260618_124336_best_configs\instances\inst01_interval_n50_k8_d035_s1001.txt;interval;50;8;223;0.35;1001;1042;50000;155;2217;13;13;9266.3;13753.49558;generation
0005_ea_personalized_inst01_interval_n50_k8_d035_s1001_s1042;ea_personalized;inst01_interval_n50_k8_d035_s1001;experiments\20260618_124336_best_configs\instances\inst01_interval_n50_k8_d035_s1001.txt;interval;50;8;223;0.35;1001;1042;50000;156;2227;13;13;11277.48;15391.83484;generation
0005_ea_personalized_inst01_interval_n50_k8_d035_s1001_s1042;ea_personalized;inst01_interval_n50_k8_d035_s1001;experiments\20260618_124336_best_configs\instances\inst01_interval_n50_k8_d035_s1001.txt;interval;50;8;223;0.35;1001;1042;50000;157;2236;13;13;12483.04;16761.4329;generation
0005_ea_personalized_inst01_interval_n50_k8_d035_s1001_s1042;ea_personalized;inst01_interval_n50_k8_d035_s1001;experiments\20260618_124336_best_configs\instances\inst01_interval_n50_k8_d035_s1001.txt;interval;50;8;223;0.35;1001;1042;50000;158;2246;13;13;12483.43;14978.65108;generation
0005_ea_personalized_inst01_interval_n50_k8_d035_s1001_s1042;ea_personalized;inst01_interval_n50_k8_d035_s1001;experiments\20260618_124336_best_configs\instances\inst01_interval_n50_k8_d035_s1001.txt;interval;50;8;223;0.35;1001;1042;50000;159;2255;13;13;9673.68;13171.23363;generation
0005_ea_personalized_inst01_interval_n50_k8_d035_s1001_s1042;ea_personalized;inst01_interval_n50_k8_d035_s1001;experiments\20260618_124336_best_configs\instances\inst01_interval_n50_k8_d035_s1001.txt;interval;50;8;223;0.35;1001;1042;50000;160;2265;13;13;10876.04;15931.33396;generation
0005_ea_personalized_inst01_interval_n50_k8_d035_s1001_s1042;ea_personalized;inst01_interval_n50_k8_d035_s1001;experiments\20260618_124336_best_configs\instances\inst01_interval_n50_k8_d035_s1001.txt;interval;50;8;223;0.35;1001;1042;50000;161;2274;13;13;16099.97;17053.93006;generation
0005_ea_personalized_inst01_interval_n50_k8_d035_s1001_s1042;ea_personalized;inst01_interval_n50_k8_d035_s1001;experiments\20260618_124336_best_configs\instances\inst01_interval_n50_k8_d035_s1001.txt;interval;50;8;223;0.35;1001;1042;50000;162;2284;13;13;10679.34;14893.87073;generation
0005_ea_personalized_inst01_interval_n50_k8_d035_s1001_s1042;ea_personalized;inst01_interval_n50_k8_d035_s1001;experiments\20260618_124336_best_configs\instances\inst01_interval_n50_k8_d035_s1001.txt;interval;50;8;223;0.35;1001;1042;50000;163;2294;13;13;9678.69;13765.53809;generation
0005_ea_personalized_inst01_interval_n50_k8_d035_s1001_s1042;ea_personalized;inst01_interval_n50_k8_d035_s1001;experiments\20260618_124336_best_configs\instances\inst01_interval_n50_k8_d035_s1001.txt;interval;50;8;223;0.35;1001;1042;50000;164;2305;13;13;12694.94;17681.40419;generation
0005_ea_personalized_inst01_interval_n50_k8_d035_s1001_s1042;ea_personalized;inst01_interval_n50_k8_d035_s1001;experiments\20260618_124336_best_configs\instances\inst01_interval_n50_k8_d035_s1001.txt;interval;50;8;223;0.35;1001;1042;50000;165;2315;13;13;14098.69;18526.8874;generation
0005_ea_personalized_inst01_interval_n50_k8_d035_s1001_s1042;ea_personalized;inst01_interval_n50_k8_d035_s1001;experiments\20260618_124336_best_configs\instances\inst01_interval_n50_k8_d035_s1001.txt;interval;50;8;223;0.35;1001;1042;50000;166;2324;13;13;10878.13;14604.71345;generation
0005_ea_personalized_inst01_interval_n50_k8_d035_s1001_s1042;ea_personalized;inst01_interval_n50_k8_d035_s1001;experiments\20260618_124336_best_configs\instances\inst01_interval_n50_k8_d035_s1001.txt;interval;50;8;223;0.35;1001;1042;50000;167;2338;13;13;7869.72;12679.97544;generation
0005_ea_personalized_inst01_interval_n50_k8_d035_s1001_s1042;ea_personalized;inst01_interval_n50_k8_d035_s1001;experiments\20260618_124336_best_configs\instances\inst01_interval_n50_k8_d035_s1001.txt;interval;50;8;223;0.35;1001;1042;50000;168;2348;13;13;10069.44;16204.99699;generation
0005_ea_personalized_inst01_interval_n50_k8_d035_s1001_s1042;ea_personalized;inst01_interval_n50_k8_d035_s1001;experiments\20260618_124336_best_configs\instances\inst01_interval_n50_k8_d035_s1001.txt;interval;50;8;223;0.35;1001;1042;50000;169;2358;13;13;11674.97;14819.26512;generation
0005_ea_personalized_inst01_interval_n50_k8_d035_s1001_s1042;ea_personalized;inst01_interval_n50_k8_d035_s1001;experiments\20260618_124336_best_configs\instances\inst01_interval_n50_k8_d035_s1001.txt;interval;50;8;223;0.35;1001;1042;50000;170;2369;13;13;9265.45;13754.58869;generation
0005_ea_personalized_inst01_interval_n50_k8_d035_s1001_s1042;ea_personalized;inst01_interval_n50_k8_d035_s1001;experiments\20260618_124336_best_configs\instances\inst01_interval_n50_k8_d035_s1001.txt;interval;50;8;223;0.35;1001;1042;50000;171;2380;13;13;10682.44;15154.57058;generation
0005_ea_personalized_inst01_interval_n50_k8_d035_s1001_s1042;ea_personalized;inst01_interval_n50_k8_d035_s1001;experiments\20260618_124336_best_configs\instances\inst01_interval_n50_k8_d035_s1001.txt;interval;50;8;223;0.35;1001;1042;50000;172;2389;13;13;10071.64;14065.39738;generation
0005_ea_personalized_inst01_interval_n50_k8_d035_s1001_s1042;ea_personalized;inst01_interval_n50_k8_d035_s1001;experiments\20260618_124336_best_configs\instances\inst01_interval_n50_k8_d035_s1001.txt;interval;50;8;223;0.35;1001;1042;50000;173;2404;13;13;10873.52;13755.35223;generation
0005_ea_personalized_inst01_interval_n50_k8_d035_s1001_s1042;ea_personalized;inst01_interval_n50_k8_d035_s1001;experiments\20260618_124336_best_configs\instances\inst01_interval_n50_k8_d035_s1001.txt;interval;50;8;223;0.35;1001;1042;50000;174;2420;13;13;11074.27;14870.57694;generation
0005_ea_personalized_inst01_interval_n50_k8_d035_s1001_s1042;ea_personalized;inst01_interval_n50_k8_d035_s1001;experiments\20260618_124336_best_configs\instances\inst01_interval_n50_k8_d035_s1001.txt;interval;50;8;223;0.35;1001;1042;50000;175;2435;13;13;11074.46;14316.06702;generation
0005_ea_personalized_inst01_interval_n50_k8_d035_s1001_s1042;ea_personalized;inst01_interval_n50_k8_d035_s1001;experiments\20260618_124336_best_configs\instances\inst01_interval_n50_k8_d035_s1001.txt;interval;50;8;223;0.35;1001;1042;50000;176;2447;13;13;7659.02;13262.4163;generation
0005_ea_personalized_inst01_interval_n50_k8_d035_s1001_s1042;ea_personalized;inst01_interval_n50_k8_d035_s1001;experiments\20260618_124336_best_configs\instances\inst01_interval_n50_k8_d035_s1001.txt;interval;50;8;223;0.35;1001;1042;50000;177;2457;13;13;12484.99;16516.94728;generation
0005_ea_personalized_inst01_interval_n50_k8_d035_s1001_s1042;ea_personalized;inst01_interval_n50_k8_d035_s1001;experiments\20260618_124336_best_configs\instances\inst01_interval_n50_k8_d035_s1001.txt;interval;50;8;223;0.35;1001;1042;50000;178;2469;13;13;12884.56;16207.98615;generation
0005_ea_personalized_inst01_interval_n50_k8_d035_s1001_s1042;ea_personalized;inst01_interval_n50_k8_d035_s1001;experiments\20260618_124336_best_configs\instances\inst01_interval_n50_k8_d035_s1001.txt;interval;50;8;223;0.35;1001;1042;50000;179;2482;13;13;8867.05;12814.33801;generation
0005_ea_personalized_inst01_interval_n50_k8_d035_s1001_s1042;ea_personalized;inst01_interval_n50_k8_d035_s1001;experiments\20260618_124336_best_configs\instances\inst01_interval_n50_k8_d035_s1001.txt;interval;50;8;223;0.35;1001;1042;50000;180;2494;13;13;11275.66;14854.50246;generation
0005_ea_personalized_inst01_interval_n50_k8_d035_s1001_s1042;ea_personalized;inst01_interval_n50_k8_d035_s1001;experiments\20260618_124336_best_configs\instances\inst01_interval_n50_k8_d035_s1001.txt;interval;50;8;223;0.35;1001;1042;50000;181;2508;13;13;12081.49;15565.58457;generation
0005_ea_personalized_inst01_interval_n50_k8_d035_s1001_s1042;ea_personalized;inst01_interval_n50_k8_d035_s1001;experiments\20260618_124336_best_configs\instances\inst01_interval_n50_k8_d035_s1001.txt;interval;50;8;223;0.35;1001;1042;50000;182;2528;13;13;9872.61;15170.05627;generation
0005_ea_personalized_inst01_interval_n50_k8_d035_s1001_s1042;ea_personalized;inst01_interval_n50_k8_d035_s1001;experiments\20260618_124336_best_configs\instances\inst01_interval_n50_k8_d035_s1001.txt;interval;50;8;223;0.35;1001;1042;50000;183;2550;13;13;9470.08;14053.29396;generation
0005_ea_personalized_inst01_interval_n50_k8_d035_s1001_s1042;ea_personalized;inst01_interval_n50_k8_d035_s1001;experiments\20260618_124336_best_configs\instances\inst01_interval_n50_k8_d035_s1001.txt;interval;50;8;223;0.35;1001;1042;50000;184;2572;13;13;13688.67;17260.62736;generation
0005_ea_personalized_inst01_interval_n50_k8_d035_s1001_s1042;ea_personalized;inst01_interval_n50_k8_d035_s1001;experiments\20260618_124336_best_configs\instances\inst01_interval_n50_k8_d035_s1001.txt;interval;50;8;223;0.35;1001;1042;50000;185;2597;13;13;9870.29;14065.32156;generation
0005_ea_personalized_inst01_interval_n50_k8_d035_s1001_s1042;ea_personalized;inst01_interval_n50_k8_d035_s1001;experiments\20260618_124336_best_configs\instances\inst01_interval_n50_k8_d035_s1001.txt;interval;50;8;223;0.35;1001;1042;50000;186;2618;13;13;14893.54;18338.99643;generation
0005_ea_personalized_inst01_interval_n50_k8_d035_s1001_s1042;ea_personalized;inst01_interval_n50_k8_d035_s1001;experiments\20260618_124336_best_configs\instances\inst01_interval_n50_k8_d035_s1001.txt;interval;50;8;223;0.35;1001;1042;50000;187;2642;13;13;12482.43;15510.0695;generation
0005_ea_personalized_inst01_interval_n50_k8_d035_s1001_s1042;ea_personalized;inst01_interval_n50_k8_d035_s1001;experiments\20260618_124336_best_configs\instances\inst01_interval_n50_k8_d035_s1001.txt;interval;50;8;223;0.35;1001;1042;50000;188;2668;13;13;14494.69;19910.26916;generation
0005_ea_personalized_inst01_interval_n50_k8_d035_s1001_s1042;ea_personalized;inst01_interval_n50_k8_d035_s1001;experiments\20260618_124336_best_configs\instances\inst01_interval_n50_k8_d035_s1001.txt;interval;50;8;223;0.35;1001;1042;50000;189;2688;13;13;10876.54;14886.01996;generation
0005_ea_personalized_inst01_interval_n50_k8_d035_s1001_s1042;ea_personalized;inst01_interval_n50_k8_d035_s1001;experiments\20260618_124336_best_configs\instances\inst01_interval_n50_k8_d035_s1001.txt;interval;50;8;223;0.35;1001;1042;50000;190;2708;13;13;10470.18;15692.26266;generation
0005_ea_personalized_inst01_interval_n50_k8_d035_s1001_s1042;ea_personalized;inst01_interval_n50_k8_d035_s1001;experiments\20260618_124336_best_configs\instances\inst01_interval_n50_k8_d035_s1001.txt;interval;50;8;223;0.35;1001;1042;50000;191;2738;13;13;9467.24;13764.36544;generation
0005_ea_personalized_inst01_interval_n50_k8_d035_s1001_s1042;ea_personalized;inst01_interval_n50_k8_d035_s1001;experiments\20260618_124336_best_configs\instances\inst01_interval_n50_k8_d035_s1001.txt;interval;50;8;223;0.35;1001;1042;50000;192;2752;13;13;8464.24;13383.57555;generation
0005_ea_personalized_inst01_interval_n50_k8_d035_s1001_s1042;ea_personalized;inst01_interval_n50_k8_d035_s1001;experiments\20260618_124336_best_configs\instances\inst01_interval_n50_k8_d035_s1001.txt;interval;50;8;223;0.35;1001;1042;50000;193;2769;13;13;10875.64;14330.34511;generation
0005_ea_personalized_inst01_interval_n50_k8_d035_s1001_s1042;ea_personalized;inst01_interval_n50_k8_d035_s1001;experiments\20260618_124336_best_configs\instances\inst01_interval_n50_k8_d035_s1001.txt;interval;50;8;223;0.35;1001;1042;50000;194;2800;13;13;9669.15;14344.50989;generation
0005_ea_personalized_inst01_interval_n50_k8_d035_s1001_s1042;ea_personalized;inst01_interval_n50_k8_d035_s1001;experiments\20260618_124336_best_configs\instances\inst01_interval_n50_k8_d035_s1001.txt;interval;50;8;223;0.35;1001;1042;50000;195;2836;13;13;11677.54;14819.22726;generation
0005_ea_personalized_inst01_interval_n50_k8_d035_s1001_s1042;ea_personalized;inst01_interval_n50_k8_d035_s1001;experiments\20260618_124336_best_configs\instances\inst01_interval_n50_k8_d035_s1001.txt;interval;50;8;223;0.35;1001;1042;50000;196;2871;13;13;12081.24;16572.97848;generation
0005_ea_personalized_inst01_interval_n50_k8_d035_s1001_s1042;ea_personalized;inst01_interval_n50_k8_d035_s1001;experiments\20260618_124336_best_configs\instances\inst01_interval_n50_k8_d035_s1001.txt;interval;50;8;223;0.35;1001;1042;50000;197;2901;13;13;10679.62;15426.94413;generation
0005_ea_personalized_inst01_interval_n50_k8_d035_s1001_s1042;ea_personalized;inst01_interval_n50_k8_d035_s1001;experiments\20260618_124336_best_configs\instances\inst01_interval_n50_k8_d035_s1001.txt;interval;50;8;223;0.35;1001;1042;50000;198;2922;13;13;11083.26;15141.80896;generation
0005_ea_personalized_inst01_interval_n50_k8_d035_s1001_s1042;ea_personalized;inst01_interval_n50_k8_d035_s1001;experiments\20260618_124336_best_configs\instances\inst01_interval_n50_k8_d035_s1001.txt;interval;50;8;223;0.35;1001;1042;50000;199;2952;13;13;10273.45;14069.80111;generation
0005_ea_personalized_inst01_interval_n50_k8_d035_s1001_s1042;ea_personalized;inst01_interval_n50_k8_d035_s1001;experiments\20260618_124336_best_configs\instances\inst01_interval_n50_k8_d035_s1001.txt;interval;50;8;223;0.35;1001;1042;50000;200;2979;13;13;12685.17;17669.14189;generation
0005_ea_personalized_inst01_interval_n50_k8_d035_s1001_s1042;ea_personalized;inst01_interval_n50_k8_d035_s1001;experiments\20260618_124336_best_configs\instances\inst01_interval_n50_k8_d035_s1001.txt;interval;50;8;223;0.35;1001;1042;50000;201;3025;13;13;13695.03;17257.29307;generation
0005_ea_personalized_inst01_interval_n50_k8_d035_s1001_s1042;ea_personalized;inst01_interval_n50_k8_d035_s1001;experiments\20260618_124336_best_configs\instances\inst01_interval_n50_k8_d035_s1001.txt;interval;50;8;223;0.35;1001;1042;50000;202;3059;13;13;9477.07;14335.90174;generation
0005_ea_personalized_inst01_interval_n50_k8_d035_s1001_s1042;ea_personalized;inst01_interval_n50_k8_d035_s1001;experiments\20260618_124336_best_configs\instances\inst01_interval_n50_k8_d035_s1001.txt;interval;50;8;223;0.35;1001;1042;50000;203;3088;13;13;11885.32;16834.26654;generation
0005_ea_personalized_inst01_interval_n50_k8_d035_s1001_s1042;ea_personalized;inst01_interval_n50_k8_d035_s1001;experiments\20260618_124336_best_configs\instances\inst01_interval_n50_k8_d035_s1001.txt;interval;50;8;223;0.35;1001;1042;50000;204;3129;13;13;12486.78;16759.70896;generation
0005_ea_personalized_inst01_interval_n50_k8_d035_s1001_s1042;ea_personalized;inst01_interval_n50_k8_d035_s1001;experiments\20260618_124336_best_configs\instances\inst01_interval_n50_k8_d035_s1001.txt;interval;50;8;223;0.35;1001;1042;50000;205;3158;13;13;9271.64;13750.50352;generation
0005_ea_personalized_inst01_interval_n50_k8_d035_s1001_s1042;ea_personalized;inst01_interval_n50_k8_d035_s1001;experiments\20260618_124336_best_configs\instances\inst01_interval_n50_k8_d035_s1001.txt;interval;50;8;223;0.35;1001;1042;50000;206;3190;13;13;10277.6;16445.13919;generation
0005_ea_personalized_inst01_interval_n50_k8_d035_s1001_s1042;ea_personalized;inst01_interval_n50_k8_d035_s1001;experiments\20260618_124336_best_configs\instances\inst01_interval_n50_k8_d035_s1001.txt;interval;50;8;223;0.35;1001;1042;50000;207;3222;13;13;10474.18;14898.43903;generation
0005_ea_personalized_inst01_interval_n50_k8_d035_s1001_s1042;ea_personalized;inst01_interval_n50_k8_d035_s1001;experiments\20260618_124336_best_configs\instances\inst01_interval_n50_k8_d035_s1001.txt;interval;50;8;223;0.35;1001;1042;50000;208;3253;13;13;11477.95;16389.01013;generation
0005_ea_personalized_inst01_interval_n50_k8_d035_s1001_s1042;ea_personalized;inst01_interval_n50_k8_d035_s1001;experiments\20260618_124336_best_configs\instances\inst01_interval_n50_k8_d035_s1001.txt;interval;50;8;223;0.35;1001;1042;50000;209;3283;13;13;12886.68;17172.87403;generation
0005_ea_personalized_inst01_interval_n50_k8_d035_s1001_s1042;ea_personalized;inst01_interval_n50_k8_d035_s1001;experiments\20260618_124336_best_configs\instances\inst01_interval_n50_k8_d035_s1001.txt;interval;50;8;223;0.35;1001;1042;50000;210;3307;13;13;11277.55;15648.69106;generation
0005_ea_personalized_inst01_interval_n50_k8_d035_s1001_s1042;ea_personalized;inst01_interval_n50_k8_d035_s1001;experiments\20260618_124336_best_configs\instances\inst01_interval_n50_k8_d035_s1001.txt;interval;50;8;223;0.35;1001;1042;50000;211;3340;13;13;10275.43;14899.00474;generation
0005_ea_personalized_inst01_interval_n50_k8_d035_s1001_s1042;ea_personalized;inst01_interval_n50_k8_d035_s1001;experiments\20260618_124336_best_configs\instances\inst01_interval_n50_k8_d035_s1001.txt;interval;50;8;223;0.35;1001;1042;50000;212;3371;13;13;11885.1;14523.06827;generation
0005_ea_personalized_inst01_interval_n50_k8_d035_s1001_s1042;ea_personalized;inst01_interval_n50_k8_d035_s1001;experiments\20260618_124336_best_configs\instances\inst01_interval_n50_k8_d035_s1001.txt;interval;50;8;223;0.35;1001;1042;50000;213;3398;13;13;12892.44;16208.83028;generation
0005_ea_personalized_inst01_interval_n50_k8_d035_s1001_s1042;ea_personalized;inst01_interval_n50_k8_d035_s1001;experiments\20260618_124336_best_configs\instances\inst01_interval_n50_k8_d035_s1001.txt;interval;50;8;223;0.35;1001;1042;50000;214;3425;13;13;10076.38;14632.71381;generation
0005_ea_personalized_inst01_interval_n50_k8_d035_s1001_s1042;ea_personalized;inst01_interval_n50_k8_d035_s1001;experiments\20260618_124336_best_configs\instances\inst01_interval_n50_k8_d035_s1001.txt;interval;50;8;223;0.35;1001;1042;50000;215;3454;13;13;9275.33;13151.49295;generation
0005_ea_personalized_inst01_interval_n50_k8_d035_s1001_s1042;ea_personalized;inst01_interval_n50_k8_d035_s1001;experiments\20260618_124336_best_configs\instances\inst01_interval_n50_k8_d035_s1001.txt;interval;50;8;223;0.35;1001;1042;50000;216;3482;13;13;11682.06;16614.61221;generation
0005_ea_personalized_inst01_interval_n50_k8_d035_s1001_s1042;ea_personalized;inst01_interval_n50_k8_d035_s1001;experiments\20260618_124336_best_configs\instances\inst01_interval_n50_k8_d035_s1001.txt;interval;50;8;223;0.35;1001;1042;50000;217;3506;13;13;12281.88;15009.28661;generation
0005_ea_personalized_inst01_interval_n50_k8_d035_s1001_s1042;ea_personalized;inst01_interval_n50_k8_d035_s1001;experiments\20260618_124336_best_configs\instances\inst01_interval_n50_k8_d035_s1001.txt;interval;50;8;223;0.35;1001;1042;50000;218;3532;13;13;14492.84;17071.04433;generation
0005_ea_personalized_inst01_interval_n50_k8_d035_s1001_s1042;ea_personalized;inst01_interval_n50_k8_d035_s1001;experiments\20260618_124336_best_configs\instances\inst01_interval_n50_k8_d035_s1001.txt;interval;50;8;223;0.35;1001;1042;50000;219;3564;13;13;9271.01;14048.17185;generation
0005_ea_personalized_inst01_interval_n50_k8_d035_s1001_s1042;ea_personalized;inst01_interval_n50_k8_d035_s1001;experiments\20260618_124336_best_configs\instances\inst01_interval_n50_k8_d035_s1001.txt;interval;50;8;223;0.35;1001;1042;50000;220;3591;13;13;11478.63;15106.6147;generation
0005_ea_personalized_inst01_interval_n50_k8_d035_s1001_s1042;ea_personalized;inst01_interval_n50_k8_d035_s1001;experiments\20260618_124336_best_configs\instances\inst01_interval_n50_k8_d035_s1001.txt;interval;50;8;223;0.35;1001;1042;50000;221;3615;13;13;10881.71;15146.44768;generation
0005_ea_personalized_inst01_interval_n50_k8_d035_s1001_s1042;ea_personalized;inst01_interval_n50_k8_d035_s1001;experiments\20260618_124336_best_configs\instances\inst01_interval_n50_k8_d035_s1001.txt;interval;50;8;223;0.35;1001;1042;50000;222;3637;13;13;13697.53;16780.76951;generation
0005_ea_personalized_inst01_interval_n50_k8_d035_s1001_s1042;ea_personalized;inst01_interval_n50_k8_d035_s1001;experiments\20260618_124336_best_configs\instances\inst01_interval_n50_k8_d035_s1001.txt;interval;50;8;223;0.35;1001;1042;50000;223;3660;13;13;11489.47;14837.77151;generation
0005_ea_personalized_inst01_interval_n50_k8_d035_s1001_s1042;ea_personalized;inst01_interval_n50_k8_d035_s1001;experiments\20260618_124336_best_configs\instances\inst01_interval_n50_k8_d035_s1001.txt;interval;50;8;223;0.35;1001;1042;50000;224;3686;13;13;11294.04;15382.4442;generation
0005_ea_personalized_inst01_interval_n50_k8_d035_s1001_s1042;ea_personalized;inst01_interval_n50_k8_d035_s1001;experiments\20260618_124336_best_configs\instances\inst01_interval_n50_k8_d035_s1001.txt;interval;50;8;223;0.35;1001;1042;50000;225;3710;13;13;10881.26;14885.13865;generation
0005_ea_personalized_inst01_interval_n50_k8_d035_s1001_s1042;ea_personalized;inst01_interval_n50_k8_d035_s1001;experiments\20260618_124336_best_configs\instances\inst01_interval_n50_k8_d035_s1001.txt;interval;50;8;223;0.35;1001;1042;50000;226;3734;13;13;9874.63;12867.10498;generation
0005_ea_personalized_inst01_interval_n50_k8_d035_s1001_s1042;ea_personalized;inst01_interval_n50_k8_d035_s1001;experiments\20260618_124336_best_configs\instances\inst01_interval_n50_k8_d035_s1001.txt;interval;50;8;223;0.35;1001;1042;50000;227;3758;13;13;11675.54;17331.8825;generation
0005_ea_personalized_inst01_interval_n50_k8_d035_s1001_s1042;ea_personalized;inst01_interval_n50_k8_d035_s1001;experiments\20260618_124336_best_configs\instances\inst01_interval_n50_k8_d035_s1001.txt;interval;50;8;223;0.35;1001;1042;50000;228;3779;13;13;10469.43;14347.6188;generation
0005_ea_personalized_inst01_interval_n50_k8_d035_s1001_s1042;ea_personalized;inst01_interval_n50_k8_d035_s1001;experiments\20260618_124336_best_configs\instances\inst01_interval_n50_k8_d035_s1001.txt;interval;50;8;223;0.35;1001;1042;50000;229;3815;13;13;13487;16339.10733;generation
0005_ea_personalized_inst01_interval_n50_k8_d035_s1001_s1042;ea_personalized;inst01_interval_n50_k8_d035_s1001;experiments\20260618_124336_best_configs\instances\inst01_interval_n50_k8_d035_s1001.txt;interval;50;8;223;0.35;1001;1042;50000;230;3833;13;13;11276.73;14579.89688;generation
0005_ea_personalized_inst01_interval_n50_k8_d035_s1001_s1042;ea_personalized;inst01_interval_n50_k8_d035_s1001;experiments\20260618_124336_best_configs\instances\inst01_interval_n50_k8_d035_s1001.txt;interval;50;8;223;0.35;1001;1042;50000;231;3855;13;13;12084.25;16324.59674;generation
0005_ea_personalized_inst01_interval_n50_k8_d035_s1001_s1042;ea_personalized;inst01_interval_n50_k8_d035_s1001;experiments\20260618_124336_best_configs\instances\inst01_interval_n50_k8_d035_s1001.txt;interval;50;8;223;0.35;1001;1042;50000;232;3879;13;13;11271.3;14858.17067;generation
0005_ea_personalized_inst01_interval_n50_k8_d035_s1001_s1042;ea_personalized;inst01_interval_n50_k8_d035_s1001;experiments\20260618_124336_best_configs\instances\inst01_interval_n50_k8_d035_s1001.txt;interval;50;8;223;0.35;1001;1042;50000;233;3906;13;13;12280.79;15537.5848;generation
0005_ea_personalized_inst01_interval_n50_k8_d035_s1001_s1042;ea_personalized;inst01_interval_n50_k8_d035_s1001;experiments\20260618_124336_best_configs\instances\inst01_interval_n50_k8_d035_s1001.txt;interval;50;8;223;0.35;1001;1042;50000;234;3930;13;13;12085.64;16073.10755;generation
0005_ea_personalized_inst01_interval_n50_k8_d035_s1001_s1042;ea_personalized;inst01_interval_n50_k8_d035_s1001;experiments\20260618_124336_best_configs\instances\inst01_interval_n50_k8_d035_s1001.txt;interval;50;8;223;0.35;1001;1042;50000;235;3962;13;13;10470.31;14347.1526;generation
0005_ea_personalized_inst01_interval_n50_k8_d035_s1001_s1042;ea_personalized;inst01_interval_n50_k8_d035_s1001;experiments\20260618_124336_best_configs\instances\inst01_interval_n50_k8_d035_s1001.txt;interval;50;8;223;0.35;1001;1042;50000;236;3976;13;13;11077.15;15401.92593;generation
0005_ea_personalized_inst01_interval_n50_k8_d035_s1001_s1042;ea_personalized;inst01_interval_n50_k8_d035_s1001;experiments\20260618_124336_best_configs\instances\inst01_interval_n50_k8_d035_s1001.txt;interval;50;8;223;0.35;1001;1042;50000;237;3999;13;13;14491.9;18437.11574;generation
0005_ea_personalized_inst01_interval_n50_k8_d035_s1001_s1042;ea_personalized;inst01_interval_n50_k8_d035_s1001;experiments\20260618_124336_best_configs\instances\inst01_interval_n50_k8_d035_s1001.txt;interval;50;8;223;0.35;1001;1042;50000;238;4020;13;13;12080.89;15827.31613;generation
0005_ea_personalized_inst01_interval_n50_k8_d035_s1001_s1042;ea_personalized;inst01_interval_n50_k8_d035_s1001;experiments\20260618_124336_best_configs\instances\inst01_interval_n50_k8_d035_s1001.txt;interval;50;8;223;0.35;1001;1042;50000;239;4037;13;13;10877.16;16672.57959;generation
0005_ea_personalized_inst01_interval_n50_k8_d035_s1001_s1042;ea_personalized;inst01_interval_n50_k8_d035_s1001;experiments\20260618_124336_best_configs\instances\inst01_interval_n50_k8_d035_s1001.txt;interval;50;8;223;0.35;1001;1042;50000;240;4054;13;13;10672.97;14891.33204;generation
0005_ea_personalized_inst01_interval_n50_k8_d035_s1001_s1042;ea_personalized;inst01_interval_n50_k8_d035_s1001;experiments\20260618_124336_best_configs\instances\inst01_interval_n50_k8_d035_s1001.txt;interval;50;8;223;0.35;1001;1042;50000;241;4076;13;13;11879.44;16835.56167;generation
0005_ea_personalized_inst01_interval_n50_k8_d035_s1001_s1042;ea_personalized;inst01_interval_n50_k8_d035_s1001;experiments\20260618_124336_best_configs\instances\inst01_interval_n50_k8_d035_s1001.txt;interval;50;8;223;0.35;1001;1042;50000;242;4092;13;13;10873.03;15152.74547;generation
0005_ea_personalized_inst01_interval_n50_k8_d035_s1001_s1042;ea_personalized;inst01_interval_n50_k8_d035_s1001;experiments\20260618_124336_best_configs\instances\inst01_interval_n50_k8_d035_s1001.txt;interval;50;8;223;0.35;1001;1042;50000;243;4107;13;13;11879.49;15593.51505;generation
0005_ea_personalized_inst01_interval_n50_k8_d035_s1001_s1042;ea_personalized;inst01_interval_n50_k8_d035_s1001;experiments\20260618_124336_best_configs\instances\inst01_interval_n50_k8_d035_s1001.txt;interval;50;8;223;0.35;1001;1042;50000;244;4127;13;13;14090.14;16692.02319;generation
0005_ea_personalized_inst01_interval_n50_k8_d035_s1001_s1042;ea_personalized;inst01_interval_n50_k8_d035_s1001;experiments\20260618_124336_best_configs\instances\inst01_interval_n50_k8_d035_s1001.txt;interval;50;8;223;0.35;1001;1042;50000;245;4143;13;13;8871.66;15122.18988;generation
0005_ea_personalized_inst01_interval_n50_k8_d035_s1001_s1042;ea_personalized;inst01_interval_n50_k8_d035_s1001;experiments\20260618_124336_best_configs\instances\inst01_interval_n50_k8_d035_s1001.txt;interval;50;8;223;0.35;1001;1042;50000;246;4161;13;13;11679.44;14817.19113;generation
0005_ea_personalized_inst01_interval_n50_k8_d035_s1001_s1042;ea_personalized;inst01_interval_n50_k8_d035_s1001;experiments\20260618_124336_best_configs\instances\inst01_interval_n50_k8_d035_s1001.txt;interval;50;8;223;0.35;1001;1042;50000;247;4179;13;13;12081.54;15826.95308;generation
0005_ea_personalized_inst01_interval_n50_k8_d035_s1001_s1042;ea_personalized;inst01_interval_n50_k8_d035_s1001;experiments\20260618_124336_best_configs\instances\inst01_interval_n50_k8_d035_s1001.txt;interval;50;8;223;0.35;1001;1042;50000;248;4192;13;13;12080.73;15567.06755;generation
0005_ea_personalized_inst01_interval_n50_k8_d035_s1001_s1042;ea_personalized;inst01_interval_n50_k8_d035_s1001;experiments\20260618_124336_best_configs\instances\inst01_interval_n50_k8_d035_s1001.txt;interval;50;8;223;0.35;1001;1042;50000;249;4208;13;13;13083.12;16420.99736;generation
0005_ea_personalized_inst01_interval_n50_k8_d035_s1001_s1042;ea_personalized;inst01_interval_n50_k8_d035_s1001;experiments\20260618_124336_best_configs\instances\inst01_interval_n50_k8_d035_s1001.txt;interval;50;8;223;0.35;1001;1042;50000;250;4222;13;13;11479.36;14836.3146;generation
0005_ea_personalized_inst01_interval_n50_k8_d035_s1001_s1042;ea_personalized;inst01_interval_n50_k8_d035_s1001;experiments\20260618_124336_best_configs\instances\inst01_interval_n50_k8_d035_s1001.txt;interval;50;8;223;0.35;1001;1042;50000;251;4235;13;13;11482.08;15368.26434;generation
0005_ea_personalized_inst01_interval_n50_k8_d035_s1001_s1042;ea_personalized;inst01_interval_n50_k8_d035_s1001;experiments\20260618_124336_best_configs\instances\inst01_interval_n50_k8_d035_s1001.txt;interval;50;8;223;0.35;1001;1042;50000;252;4251;13;13;11276.82;15907.93169;generation
0005_ea_personalized_inst01_interval_n50_k8_d035_s1001_s1042;ea_personalized;inst01_interval_n50_k8_d035_s1001;experiments\20260618_124336_best_configs\instances\inst01_interval_n50_k8_d035_s1001.txt;interval;50;8;223;0.35;1001;1042;50000;253;4266;13;13;10672.9;15425.61386;generation
0005_ea_personalized_inst01_interval_n50_k8_d035_s1001_s1042;ea_personalized;inst01_interval_n50_k8_d035_s1001;experiments\20260618_124336_best_configs\instances\inst01_interval_n50_k8_d035_s1001.txt;interval;50;8;223;0.35;1001;1042;50000;254;4285;13;13;11075.71;15665.27928;generation
0005_ea_personalized_inst01_interval_n50_k8_d035_s1001_s1042;ea_personalized;inst01_interval_n50_k8_d035_s1001;experiments\20260618_124336_best_configs\instances\inst01_interval_n50_k8_d035_s1001.txt;interval;50;8;223;0.35;1001;1042;50000;255;4302;13;13;12684.44;16240.0745;generation
0005_ea_personalized_inst01_interval_n50_k8_d035_s1001_s1042;ea_personalized;inst01_interval_n50_k8_d035_s1001;experiments\20260618_124336_best_configs\instances\inst01_interval_n50_k8_d035_s1001.txt;interval;50;8;223;0.35;1001;1042;50000;256;4319;13;13;11280.46;12488.90478;generation
0005_ea_personalized_inst01_interval_n50_k8_d035_s1001_s1042;ea_personalized;inst01_interval_n50_k8_d035_s1001;experiments\20260618_124336_best_configs\instances\inst01_interval_n50_k8_d035_s1001.txt;interval;50;8;223;0.35;1001;1042;50000;257;4332;13;13;11684.88;15610.43994;generation
0005_ea_personalized_inst01_interval_n50_k8_d035_s1001_s1042;ea_personalized;inst01_interval_n50_k8_d035_s1001;experiments\20260618_124336_best_configs\instances\inst01_interval_n50_k8_d035_s1001.txt;interval;50;8;223;0.35;1001;1042;50000;258;4348;13;13;11283.57;16892.70605;generation
0005_ea_personalized_inst01_interval_n50_k8_d035_s1001_s1042;ea_personalized;inst01_interval_n50_k8_d035_s1001;experiments\20260618_124336_best_configs\instances\inst01_interval_n50_k8_d035_s1001.txt;interval;50;8;223;0.35;1001;1042;50000;259;4366;13;13;12281.13;16051.83516;generation
0005_ea_personalized_inst01_interval_n50_k8_d035_s1001_s1042;ea_personalized;inst01_interval_n50_k8_d035_s1001;experiments\20260618_124336_best_configs\instances\inst01_interval_n50_k8_d035_s1001.txt;interval;50;8;223;0.35;1001;1042;50000;260;4380;13;13;13085.84;15664.47366;generation
0005_ea_personalized_inst01_interval_n50_k8_d035_s1001_s1042;ea_personalized;inst01_interval_n50_k8_d035_s1001;experiments\20260618_124336_best_configs\instances\inst01_interval_n50_k8_d035_s1001.txt;interval;50;8;223;0.35;1001;1042;50000;261;4396;13;13;10075.88;15696.95544;generation
0005_ea_personalized_inst01_interval_n50_k8_d035_s1001_s1042;ea_personalized;inst01_interval_n50_k8_d035_s1001;experiments\20260618_124336_best_configs\instances\inst01_interval_n50_k8_d035_s1001.txt;interval;50;8;223;0.35;1001;1042;50000;262;4409;13;13;11275.59;15911.25064;generation
0005_ea_personalized_inst01_interval_n50_k8_d035_s1001_s1042;ea_personalized;inst01_interval_n50_k8_d035_s1001;experiments\20260618_124336_best_configs\instances\inst01_interval_n50_k8_d035_s1001.txt;interval;50;8;223;0.35;1001;1042;50000;263;4424;13;13;12479.81;16273.36522;generation
0005_ea_personalized_inst01_interval_n50_k8_d035_s1001_s1042;ea_personalized;inst01_interval_n50_k8_d035_s1001;experiments\20260618_124336_best_configs\instances\inst01_interval_n50_k8_d035_s1001.txt;interval;50;8;223;0.35;1001;1042;50000;264;4443;13;13;9066.24;13442.41389;generation
0005_ea_personalized_inst01_interval_n50_k8_d035_s1001_s1042;ea_personalized;inst01_interval_n50_k8_d035_s1001;experiments\20260618_124336_best_configs\instances\inst01_interval_n50_k8_d035_s1001.txt;interval;50;8;223;0.35;1001;1042;50000;265;4463;13;13;12081.01;16328.32373;generation
0005_ea_personalized_inst01_interval_n50_k8_d035_s1001_s1042;ea_personalized;inst01_interval_n50_k8_d035_s1001;experiments\20260618_124336_best_configs\instances\inst01_interval_n50_k8_d035_s1001.txt;interval;50;8;223;0.35;1001;1042;50000;266;4482;13;13;12486.44;17235.5276;generation
0005_ea_personalized_inst01_interval_n50_k8_d035_s1001_s1042;ea_personalized;inst01_interval_n50_k8_d035_s1001;experiments\20260618_124336_best_configs\instances\inst01_interval_n50_k8_d035_s1001.txt;interval;50;8;223;0.35;1001;1042;50000;267;4497;13;13;11080.99;15137.01961;generation
0005_ea_personalized_inst01_interval_n50_k8_d035_s1001_s1042;ea_personalized;inst01_interval_n50_k8_d035_s1001;experiments\20260618_124336_best_configs\instances\inst01_interval_n50_k8_d035_s1001.txt;interval;50;8;223;0.35;1001;1042;50000;268;4510;13;13;13087.32;14869.40906;generation
0005_ea_personalized_inst01_interval_n50_k8_d035_s1001_s1042;ea_personalized;inst01_interval_n50_k8_d035_s1001;experiments\20260618_124336_best_configs\instances\inst01_interval_n50_k8_d035_s1001.txt;interval;50;8;223;0.35;1001;1042;50000;269;4525;13;13;9269.69;14047.77424;generation
0005_ea_personalized_inst01_interval_n50_k8_d035_s1001_s1042;ea_personalized;inst01_interval_n50_k8_d035_s1001;experiments\20260618_124336_best_configs\instances\inst01_interval_n50_k8_d035_s1001.txt;interval;50;8;223;0.35;1001;1042;50000;270;4541;13;13;10274.84;14902.81284;generation
0005_ea_personalized_inst01_interval_n50_k8_d035_s1001_s1042;ea_personalized;inst01_interval_n50_k8_d035_s1001;experiments\20260618_124336_best_configs\instances\inst01_interval_n50_k8_d035_s1001.txt;interval;50;8;223;0.35;1001;1042;50000;271;4554;13;13;11680.96;15614.74948;generation
0005_ea_personalized_inst01_interval_n50_k8_d035_s1001_s1042;ea_personalized;inst01_interval_n50_k8_d035_s1001;experiments\20260618_124336_best_configs\instances\inst01_interval_n50_k8_d035_s1001.txt;interval;50;8;223;0.35;1001;1042;50000;272;4567;13;13;12889.26;16454.56158;generation
0005_ea_personalized_inst01_interval_n50_k8_d035_s1001_s1042;ea_personalized;inst01_interval_n50_k8_d035_s1001;experiments\20260618_124336_best_configs\instances\inst01_interval_n50_k8_d035_s1001.txt;interval;50;8;223;0.35;1001;1042;50000;273;4583;13;13;11077.92;13447.53735;generation
0005_ea_personalized_inst01_interval_n50_k8_d035_s1001_s1042;ea_personalized;inst01_interval_n50_k8_d035_s1001;experiments\20260618_124336_best_configs\instances\inst01_interval_n50_k8_d035_s1001.txt;interval;50;8;223;0.35;1001;1042;50000;274;4600;13;13;10073.99;13776.05526;generation
0005_ea_personalized_inst01_interval_n50_k8_d035_s1001_s1042;ea_personalized;inst01_interval_n50_k8_d035_s1001;experiments\20260618_124336_best_configs\instances\inst01_interval_n50_k8_d035_s1001.txt;interval;50;8;223;0.35;1001;1042;50000;275;4614;13;13;10073.6;15172.74987;generation
0005_ea_personalized_inst01_interval_n50_k8_d035_s1001_s1042;ea_personalized;inst01_interval_n50_k8_d035_s1001;experiments\20260618_124336_best_configs\instances\inst01_interval_n50_k8_d035_s1001.txt;interval;50;8;223;0.35;1001;1042;50000;276;4628;13;13;10469.16;15170.04056;generation
0005_ea_personalized_inst01_interval_n50_k8_d035_s1001_s1042;ea_personalized;inst01_interval_n50_k8_d035_s1001;experiments\20260618_124336_best_configs\instances\inst01_interval_n50_k8_d035_s1001.txt;interval;50;8;223;0.35;1001;1042;50000;277;4643;13;13;11478.89;15370.30681;generation
0005_ea_personalized_inst01_interval_n50_k8_d035_s1001_s1042;ea_personalized;inst01_interval_n50_k8_d035_s1001;experiments\20260618_124336_best_configs\instances\inst01_interval_n50_k8_d035_s1001.txt;interval;50;8;223;0.35;1001;1042;50000;278;4656;13;13;11079.85;16419.20089;generation
0005_ea_personalized_inst01_interval_n50_k8_d035_s1001_s1042;ea_personalized;inst01_interval_n50_k8_d035_s1001;experiments\20260618_124336_best_configs\instances\inst01_interval_n50_k8_d035_s1001.txt;interval;50;8;223;0.35;1001;1042;50000;279;4672;13;13;10066.88;15174.66616;generation
0005_ea_personalized_inst01_interval_n50_k8_d035_s1001_s1042;ea_personalized;inst01_interval_n50_k8_d035_s1001;experiments\20260618_124336_best_configs\instances\inst01_interval_n50_k8_d035_s1001.txt;interval;50;8;223;0.35;1001;1042;50000;280;4687;13;13;10668.95;14340.64343;generation
0005_ea_personalized_inst01_interval_n50_k8_d035_s1001_s1042;ea_personalized;inst01_interval_n50_k8_d035_s1001;experiments\20260618_124336_best_configs\instances\inst01_interval_n50_k8_d035_s1001.txt;interval;50;8;223;0.35;1001;1042;50000;281;4699;13;13;10670.22;15685.65638;generation
0005_ea_personalized_inst01_interval_n50_k8_d035_s1001_s1042;ea_personalized;inst01_interval_n50_k8_d035_s1001;experiments\20260618_124336_best_configs\instances\inst01_interval_n50_k8_d035_s1001.txt;interval;50;8;223;0.35;1001;1042;50000;282;4711;13;13;13887.26;16002.18786;generation
0005_ea_personalized_inst01_interval_n50_k8_d035_s1001_s1042;ea_personalized;inst01_interval_n50_k8_d035_s1001;experiments\20260618_124336_best_configs\instances\inst01_interval_n50_k8_d035_s1001.txt;interval;50;8;223;0.35;1001;1042;50000;283;4722;13;13;11682.32;15350.63377;generation
0005_ea_personalized_inst01_interval_n50_k8_d035_s1001_s1042;ea_personalized;inst01_interval_n50_k8_d035_s1001;experiments\20260618_124336_best_configs\instances\inst01_interval_n50_k8_d035_s1001.txt;interval;50;8;223;0.35;1001;1042;50000;284;4736;13;13;9467.64;13470.11738;generation
0005_ea_personalized_inst01_interval_n50_k8_d035_s1001_s1042;ea_personalized;inst01_interval_n50_k8_d035_s1001;experiments\20260618_124336_best_configs\instances\inst01_interval_n50_k8_d035_s1001.txt;interval;50;8;223;0.35;1001;1042;50000;285;4753;13;13;10471.55;14062.00518;generation
0005_ea_personalized_inst01_interval_n50_k8_d035_s1001_s1042;ea_personalized;inst01_interval_n50_k8_d035_s1001;experiments\20260618_124336_best_configs\instances\inst01_interval_n50_k8_d035_s1001.txt;interval;50;8;223;0.35;1001;1042;50000;286;4765;13;13;13689.99;14455.7501;generation
0005_ea_personalized_inst01_interval_n50_k8_d035_s1001_s1042;ea_personalized;inst01_interval_n50_k8_d035_s1001;experiments\20260618_124336_best_configs\instances\inst01_interval_n50_k8_d035_s1001.txt;interval;50;8;223;0.35;1001;1042;50000;287;4778;13;13;10287.51;14618.32234;generation
0005_ea_personalized_inst01_interval_n50_k8_d035_s1001_s1042;ea_personalized;inst01_interval_n50_k8_d035_s1001;experiments\20260618_124336_best_configs\instances\inst01_interval_n50_k8_d035_s1001.txt;interval;50;8;223;0.35;1001;1042;50000;288;4791;13;13;11089.95;14882.63203;generation
0005_ea_personalized_inst01_interval_n50_k8_d035_s1001_s1042;ea_personalized;inst01_interval_n50_k8_d035_s1001;experiments\20260618_124336_best_configs\instances\inst01_interval_n50_k8_d035_s1001.txt;interval;50;8;223;0.35;1001;1042;50000;289;4805;13;13;11683.61;14544.48367;generation
0005_ea_personalized_inst01_interval_n50_k8_d035_s1001_s1042;ea_personalized;inst01_interval_n50_k8_d035_s1001;experiments\20260618_124336_best_configs\instances\inst01_interval_n50_k8_d035_s1001.txt;interval;50;8;223;0.35;1001;1042;50000;290;4819;13;13;9673.46;14899.55493;generation
0005_ea_personalized_inst01_interval_n50_k8_d035_s1001_s1042;ea_personalized;inst01_interval_n50_k8_d035_s1001;experiments\20260618_124336_best_configs\instances\inst01_interval_n50_k8_d035_s1001.txt;interval;50;8;223;0.35;1001;1042;50000;291;4836;13;13;10471.54;14900.09887;generation
0005_ea_personalized_inst01_interval_n50_k8_d035_s1001_s1042;ea_personalized;inst01_interval_n50_k8_d035_s1001;experiments\20260618_124336_best_configs\instances\inst01_interval_n50_k8_d035_s1001.txt;interval;50;8;223;0.35;1001;1042;50000;292;4855;13;13;9868.25;14903.54014;generation
0005_ea_personalized_inst01_interval_n50_k8_d035_s1001_s1042;ea_personalized;inst01_interval_n50_k8_d035_s1001;experiments\20260618_124336_best_configs\instances\inst01_interval_n50_k8_d035_s1001.txt;interval;50;8;223;0.35;1001;1042;50000;293;4869;13;13;9062.13;14033.25306;generation
0005_ea_personalized_inst01_interval_n50_k8_d035_s1001_s1042;ea_personalized;inst01_interval_n50_k8_d035_s1001;experiments\20260618_124336_best_configs\instances\inst01_interval_n50_k8_d035_s1001.txt;interval;50;8;223;0.35;1001;1042;50000;294;4882;13;13;10471.89;13172.61102;generation
0005_ea_personalized_inst01_interval_n50_k8_d035_s1001_s1042;ea_personalized;inst01_interval_n50_k8_d035_s1001;experiments\20260618_124336_best_configs\instances\inst01_interval_n50_k8_d035_s1001.txt;interval;50;8;223;0.35;1001;1042;50000;295;4895;13;13;11071.73;15921.17511;generation
0005_ea_personalized_inst01_interval_n50_k8_d035_s1001_s1042;ea_personalized;inst01_interval_n50_k8_d035_s1001;experiments\20260618_124336_best_configs\instances\inst01_interval_n50_k8_d035_s1001.txt;interval;50;8;223;0.35;1001;1042;50000;296;4914;13;13;13691.91;17489.15593;generation
0005_ea_personalized_inst01_interval_n50_k8_d035_s1001_s1042;ea_personalized;inst01_interval_n50_k8_d035_s1001;experiments\20260618_124336_best_configs\instances\inst01_interval_n50_k8_d035_s1001.txt;interval;50;8;223;0.35;1001;1042;50000;297;4928;13;13;12491.67;16265.19243;generation
0005_ea_personalized_inst01_interval_n50_k8_d035_s1001_s1042;ea_personalized;inst01_interval_n50_k8_d035_s1001;experiments\20260618_124336_best_configs\instances\inst01_interval_n50_k8_d035_s1001.txt;interval;50;8;223;0.35;1001;1042;50000;298;4941;13;13;9675.47;12542.46189;generation
0005_ea_personalized_inst01_interval_n50_k8_d035_s1001_s1042;ea_personalized;inst01_interval_n50_k8_d035_s1001;experiments\20260618_124336_best_configs\instances\inst01_interval_n50_k8_d035_s1001.txt;interval;50;8;223;0.35;1001;1042;50000;299;4953;13;13;11683.24;14541.92387;generation
0005_ea_personalized_inst01_interval_n50_k8_d035_s1001_s1042;ea_personalized;inst01_interval_n50_k8_d035_s1001;experiments\20260618_124336_best_configs\instances\inst01_interval_n50_k8_d035_s1001.txt;interval;50;8;223;0.35;1001;1042;50000;300;4965;13;13;11683.2;16858.88413;generation
0005_ea_personalized_inst01_interval_n50_k8_d035_s1001_s1042;ea_personalized;inst01_interval_n50_k8_d035_s1001;experiments\20260618_124336_best_configs\instances\inst01_interval_n50_k8_d035_s1001.txt;interval;50;8;223;0.35;1001;1042;50000;301;4979;13;13;9673.48;14347.17634;generation
0005_ea_personalized_inst01_interval_n50_k8_d035_s1001_s1042;ea_personalized;inst01_interval_n50_k8_d035_s1001;experiments\20260618_124336_best_configs\instances\inst01_interval_n50_k8_d035_s1001.txt;interval;50;8;223;0.35;1001;1042;50000;302;4992;13;13;10673.03;14890.76089;generation
0005_ea_personalized_inst01_interval_n50_k8_d035_s1001_s1042;ea_personalized;inst01_interval_n50_k8_d035_s1001;experiments\20260618_124336_best_configs\instances\inst01_interval_n50_k8_d035_s1001.txt;interval;50;8;223;0.35;1001;1042;50000;303;5004;13;13;9871.75;14065.66547;generation
0005_ea_personalized_inst01_interval_n50_k8_d035_s1001_s1042;ea_personalized;inst01_interval_n50_k8_d035_s1001;experiments\20260618_124336_best_configs\instances\inst01_interval_n50_k8_d035_s1001.txt;interval;50;8;223;0.35;1001;1042;50000;304;5016;13;13;9464.88;14055.9297;generation
0005_ea_personalized_inst01_interval_n50_k8_d035_s1001_s1042;ea_personalized;inst01_interval_n50_k8_d035_s1001;experiments\20260618_124336_best_configs\instances\inst01_interval_n50_k8_d035_s1001.txt;interval;50;8;223;0.35;1001;1042;50000;305;5028;13;13;11476.84;15106.40188;generation
0005_ea_personalized_inst01_interval_n50_k8_d035_s1001_s1042;ea_personalized;inst01_interval_n50_k8_d035_s1001;experiments\20260618_124336_best_configs\instances\inst01_interval_n50_k8_d035_s1001.txt;interval;50;8;223;0.35;1001;1042;50000;306;5042;13;13;10072.44;14353.30009;generation
0005_ea_personalized_inst01_interval_n50_k8_d035_s1001_s1042;ea_personalized;inst01_interval_n50_k8_d035_s1001;experiments\20260618_124336_best_configs\instances\inst01_interval_n50_k8_d035_s1001.txt;interval;50;8;223;0.35;1001;1042;50000;307;5055;13;13;7861.61;12676.57964;generation
0005_ea_personalized_inst01_interval_n50_k8_d035_s1001_s1042;ea_personalized;inst01_interval_n50_k8_d035_s1001;experiments\20260618_124336_best_configs\instances\inst01_interval_n50_k8_d035_s1001.txt;interval;50;8;223;0.35;1001;1042;50000;308;5067;13;13;12086;15032.84753;generation
0005_ea_personalized_inst01_interval_n50_k8_d035_s1001_s1042;ea_personalized;inst01_interval_n50_k8_d035_s1001;experiments\20260618_124336_best_configs\instances\inst01_interval_n50_k8_d035_s1001.txt;interval;50;8;223;0.35;1001;1042;50000;309;5078;13;13;11078.72;15922.149;generation
0005_ea_personalized_inst01_interval_n50_k8_d035_s1001_s1042;ea_personalized;inst01_interval_n50_k8_d035_s1001;experiments\20260618_124336_best_configs\instances\inst01_interval_n50_k8_d035_s1001.txt;interval;50;8;223;0.35;1001;1042;50000;310;5090;13;13;11885.53;14790.18033;generation
0005_ea_personalized_inst01_interval_n50_k8_d035_s1001_s1042;ea_personalized;inst01_interval_n50_k8_d035_s1001;experiments\20260618_124336_best_configs\instances\inst01_interval_n50_k8_d035_s1001.txt;interval;50;8;223;0.35;1001;1042;50000;311;5102;13;13;11476.8;15632.16606;generation
0005_ea_personalized_inst01_interval_n50_k8_d035_s1001_s1042;ea_personalized;inst01_interval_n50_k8_d035_s1001;experiments\20260618_124336_best_configs\instances\inst01_interval_n50_k8_d035_s1001.txt;interval;50;8;223;0.35;1001;1042;50000;312;5116;13;13;12279.34;16547.04898;generation
0005_ea_personalized_inst01_interval_n50_k8_d035_s1001_s1042;ea_personalized;inst01_interval_n50_k8_d035_s1001;experiments\20260618_124336_best_configs\instances\inst01_interval_n50_k8_d035_s1001.txt;interval;50;8;223;0.35;1001;1042;50000;313;5128;13;13;11676.38;15613.99515;generation
0005_ea_personalized_inst01_interval_n50_k8_d035_s1001_s1042;ea_personalized;inst01_interval_n50_k8_d035_s1001;experiments\20260618_124336_best_configs\instances\inst01_interval_n50_k8_d035_s1001.txt;interval;50;8;223;0.35;1001;1042;50000;314;5139;13;13;11073.34;15140.27528;generation
0005_ea_personalized_inst01_interval_n50_k8_d035_s1001_s1042;ea_personalized;inst01_interval_n50_k8_d035_s1001;experiments\20260618_124336_best_configs\instances\inst01_interval_n50_k8_d035_s1001.txt;interval;50;8;223;0.35;1001;1042;50000;315;5150;13;13;10270.25;14352.91945;generation
0005_ea_personalized_inst01_interval_n50_k8_d035_s1001_s1042;ea_personalized;inst01_interval_n50_k8_d035_s1001;experiments\20260618_124336_best_configs\instances\inst01_interval_n50_k8_d035_s1001.txt;interval;50;8;223;0.35;1001;1042;50000;316;5163;13;13;11076.64;15661.33133;generation
0005_ea_personalized_inst01_interval_n50_k8_d035_s1001_s1042;ea_personalized;inst01_interval_n50_k8_d035_s1001;experiments\20260618_124336_best_configs\instances\inst01_interval_n50_k8_d035_s1001.txt;interval;50;8;223;0.35;1001;1042;50000;317;5174;13;13;9471.13;14340.27722;generation
0005_ea_personalized_inst01_interval_n50_k8_d035_s1001_s1042;ea_personalized;inst01_interval_n50_k8_d035_s1001;experiments\20260618_124336_best_configs\instances\inst01_interval_n50_k8_d035_s1001.txt;interval;50;8;223;0.35;1001;1042;50000;318;5185;13;13;11475.79;15636.2764;generation
0005_ea_personalized_inst01_interval_n50_k8_d035_s1001_s1042;ea_personalized;inst01_interval_n50_k8_d035_s1001;experiments\20260618_124336_best_configs\instances\inst01_interval_n50_k8_d035_s1001.txt;interval;50;8;223;0.35;1001;1042;50000;319;5197;13;13;10872.42;13152.52458;generation
0005_ea_personalized_inst01_interval_n50_k8_d035_s1001_s1042;ea_personalized;inst01_interval_n50_k8_d035_s1001;experiments\20260618_124336_best_configs\instances\inst01_interval_n50_k8_d035_s1001.txt;interval;50;8;223;0.35;1001;1042;50000;320;5209;13;13;11476.86;16141.6325;generation
0005_ea_personalized_inst01_interval_n50_k8_d035_s1001_s1042;ea_personalized;inst01_interval_n50_k8_d035_s1001;experiments\20260618_124336_best_configs\instances\inst01_interval_n50_k8_d035_s1001.txt;interval;50;8;223;0.35;1001;1042;50000;321;5220;13;13;10470.34;14626.631;generation
0005_ea_personalized_inst01_interval_n50_k8_d035_s1001_s1042;ea_personalized;inst01_interval_n50_k8_d035_s1001;experiments\20260618_124336_best_configs\instances\inst01_interval_n50_k8_d035_s1001.txt;interval;50;8;223;0.35;1001;1042;50000;322;5232;13;13;8459.5;12768.57334;generation
0005_ea_personalized_inst01_interval_n50_k8_d035_s1001_s1042;ea_personalized;inst01_interval_n50_k8_d035_s1001;experiments\20260618_124336_best_configs\instances\inst01_interval_n50_k8_d035_s1001.txt;interval;50;8;223;0.35;1001;1042;50000;323;5246;13;13;12681.51;17208.26948;generation
0005_ea_personalized_inst01_interval_n50_k8_d035_s1001_s1042;ea_personalized;inst01_interval_n50_k8_d035_s1001;experiments\20260618_124336_best_configs\instances\inst01_interval_n50_k8_d035_s1001.txt;interval;50;8;223;0.35;1001;1042;50000;324;5258;13;13;13085.84;16904.44461;generation
0005_ea_personalized_inst01_interval_n50_k8_d035_s1001_s1042;ea_personalized;inst01_interval_n50_k8_d035_s1001;experiments\20260618_124336_best_configs\instances\inst01_interval_n50_k8_d035_s1001.txt;interval;50;8;223;0.35;1001;1042;50000;325;5269;13;13;12478.82;15512.27114;generation
0005_ea_personalized_inst01_interval_n50_k8_d035_s1001_s1042;ea_personalized;inst01_interval_n50_k8_d035_s1001;experiments\20260618_124336_best_configs\instances\inst01_interval_n50_k8_d035_s1001.txt;interval;50;8;223;0.35;1001;1042;50000;326;5280;13;13;11673.65;14264.04216;generation
0005_ea_personalized_inst01_interval_n50_k8_d035_s1001_s1042;ea_personalized;inst01_interval_n50_k8_d035_s1001;experiments\20260618_124336_best_configs\instances\inst01_interval_n50_k8_d035_s1001.txt;interval;50;8;223;0.35;1001;1042;50000;327;5291;13;13;14294.99;15639.23794;generation
0005_ea_personalized_inst01_interval_n50_k8_d035_s1001_s1042;ea_personalized;inst01_interval_n50_k8_d035_s1001;experiments\20260618_124336_best_configs\instances\inst01_interval_n50_k8_d035_s1001.txt;interval;50;8;223;0.35;1001;1042;50000;328;5302;13;13;10071.81;14066.19891;generation
0005_ea_personalized_inst01_interval_n50_k8_d035_s1001_s1042;ea_personalized;inst01_interval_n50_k8_d035_s1001;experiments\20260618_124336_best_configs\instances\inst01_interval_n50_k8_d035_s1001.txt;interval;50;8;223;0.35;1001;1042;50000;329;5314;13;13;11476.3;15888.37843;generation
0005_ea_personalized_inst01_interval_n50_k8_d035_s1001_s1042;ea_personalized;inst01_interval_n50_k8_d035_s1001;experiments\20260618_124336_best_configs\instances\inst01_interval_n50_k8_d035_s1001.txt;interval;50;8;223;0.35;1001;1042;50000;330;5325;13;13;13283.53;18026.14941;generation
0005_ea_personalized_inst01_interval_n50_k8_d035_s1001_s1042;ea_personalized;inst01_interval_n50_k8_d035_s1001;experiments\20260618_124336_best_configs\instances\inst01_interval_n50_k8_d035_s1001.txt;interval;50;8;223;0.35;1001;1042;50000;331;5336;13;13;10066;13779.3312;generation
0005_ea_personalized_inst01_interval_n50_k8_d035_s1001_s1042;ea_personalized;inst01_interval_n50_k8_d035_s1001;experiments\20260618_124336_best_configs\instances\inst01_interval_n50_k8_d035_s1001.txt;interval;50;8;223;0.35;1001;1042;50000;332;5347;13;13;12276.71;18616.44514;generation
0005_ea_personalized_inst01_interval_n50_k8_d035_s1001_s1042;ea_personalized;inst01_interval_n50_k8_d035_s1001;experiments\20260618_124336_best_configs\instances\inst01_interval_n50_k8_d035_s1001.txt;interval;50;8;223;0.35;1001;1042;50000;333;5357;13;13;11684.75;15084.99411;generation
0005_ea_personalized_inst01_interval_n50_k8_d035_s1001_s1042;ea_personalized;inst01_interval_n50_k8_d035_s1001;experiments\20260618_124336_best_configs\instances\inst01_interval_n50_k8_d035_s1001.txt;interval;50;8;223;0.35;1001;1042;50000;334;5367;13;13;10671.79;14891.4451;generation
0005_ea_personalized_inst01_interval_n50_k8_d035_s1001_s1042;ea_personalized;inst01_interval_n50_k8_d035_s1001;experiments\20260618_124336_best_configs\instances\inst01_interval_n50_k8_d035_s1001.txt;interval;50;8;223;0.35;1001;1042;50000;335;5378;13;13;10067.65;14907.28785;generation
0005_ea_personalized_inst01_interval_n50_k8_d035_s1001_s1042;ea_personalized;inst01_interval_n50_k8_d035_s1001;experiments\20260618_124336_best_configs\instances\inst01_interval_n50_k8_d035_s1001.txt;interval;50;8;223;0.35;1001;1042;50000;336;5388;13;13;12483.61;16271.12437;generation
0005_ea_personalized_inst01_interval_n50_k8_d035_s1001_s1042;ea_personalized;inst01_interval_n50_k8_d035_s1001;experiments\20260618_124336_best_configs\instances\inst01_interval_n50_k8_d035_s1001.txt;interval;50;8;223;0.35;1001;1042;50000;337;5399;13;13;12285.3;16301.0186;generation
0005_ea_personalized_inst01_interval_n50_k8_d035_s1001_s1042;ea_personalized;inst01_interval_n50_k8_d035_s1001;experiments\20260618_124336_best_configs\instances\inst01_interval_n50_k8_d035_s1001.txt;interval;50;8;223;0.35;1001;1042;50000;338;5408;13;13;10680.68;15153.91122;generation
0005_ea_personalized_inst01_interval_n50_k8_d035_s1001_s1042;ea_personalized;inst01_interval_n50_k8_d035_s1001;experiments\20260618_124336_best_configs\instances\inst01_interval_n50_k8_d035_s1001.txt;interval;50;8;223;0.35;1001;1042;50000;339;5418;13;13;10076.24;14631.51948;generation
0005_ea_personalized_inst01_interval_n50_k8_d035_s1001_s1042;ea_personalized;inst01_interval_n50_k8_d035_s1001;experiments\20260618_124336_best_configs\instances\inst01_interval_n50_k8_d035_s1001.txt;interval;50;8;223;0.35;1001;1042;50000;340;5428;13;13;10677.54;14055.54734;generation
0005_ea_personalized_inst01_interval_n50_k8_d035_s1001_s1042;ea_personalized;inst01_interval_n50_k8_d035_s1001;experiments\20260618_124336_best_configs\instances\inst01_interval_n50_k8_d035_s1001.txt;interval;50;8;223;0.35;1001;1042;50000;341;5439;13;13;11891.27;16094.81206;generation
0005_ea_personalized_inst01_interval_n50_k8_d035_s1001_s1042;ea_personalized;inst01_interval_n50_k8_d035_s1001;experiments\20260618_124336_best_configs\instances\inst01_interval_n50_k8_d035_s1001.txt;interval;50;8;223;0.35;1001;1042;50000;342;5450;13;13;10882.44;14045.75934;generation
0005_ea_personalized_inst01_interval_n50_k8_d035_s1001_s1042;ea_personalized;inst01_interval_n50_k8_d035_s1001;experiments\20260618_124336_best_configs\instances\inst01_interval_n50_k8_d035_s1001.txt;interval;50;8;223;0.35;1001;1042;50000;343;5460;13;13;13282.44;16385.94555;generation
0005_ea_personalized_inst01_interval_n50_k8_d035_s1001_s1042;ea_personalized;inst01_interval_n50_k8_d035_s1001;experiments\20260618_124336_best_configs\instances\inst01_interval_n50_k8_d035_s1001.txt;interval;50;8;223;0.35;1001;1042;50000;344;5469;13;13;11676.88;15088.96017;generation
0005_ea_personalized_inst01_interval_n50_k8_d035_s1001_s1042;ea_personalized;inst01_interval_n50_k8_d035_s1001;experiments\20260618_124336_best_configs\instances\inst01_interval_n50_k8_d035_s1001.txt;interval;50;8;223;0.35;1001;1042;50000;345;5479;13;13;11074.63;14034.75796;generation
0005_ea_personalized_inst01_interval_n50_k8_d035_s1001_s1042;ea_personalized;inst01_interval_n50_k8_d035_s1001;experiments\20260618_124336_best_configs\instances\inst01_interval_n50_k8_d035_s1001.txt;interval;50;8;223;0.35;1001;1042;50000;346;5491;13;13;13083.09;15925.5898;generation
0005_ea_personalized_inst01_interval_n50_k8_d035_s1001_s1042;ea_personalized;inst01_interval_n50_k8_d035_s1001;experiments\20260618_124336_best_configs\instances\inst01_interval_n50_k8_d035_s1001.txt;interval;50;8;223;0.35;1001;1042;50000;347;5502;13;13;9876.89;13773.65566;generation
0005_ea_personalized_inst01_interval_n50_k8_d035_s1001_s1042;ea_personalized;inst01_interval_n50_k8_d035_s1001;experiments\20260618_124336_best_configs\instances\inst01_interval_n50_k8_d035_s1001.txt;interval;50;8;223;0.35;1001;1042;50000;348;5515;13;13;12888.67;16210.50876;generation
0005_ea_personalized_inst01_interval_n50_k8_d035_s1001_s1042;ea_personalized;inst01_interval_n50_k8_d035_s1001;experiments\20260618_124336_best_configs\instances\inst01_interval_n50_k8_d035_s1001.txt;interval;50;8;223;0.35;1001;1042;50000;349;5525;13;13;9471.41;15159.64313;generation
0005_ea_personalized_inst01_interval_n50_k8_d035_s1001_s1042;ea_personalized;inst01_interval_n50_k8_d035_s1001;experiments\20260618_124336_best_configs\instances\inst01_interval_n50_k8_d035_s1001.txt;interval;50;8;223;0.35;1001;1042;50000;350;5534;13;13;9271.61;15674.74514;generation
0005_ea_personalized_inst01_interval_n50_k8_d035_s1001_s1042;ea_personalized;inst01_interval_n50_k8_d035_s1001;experiments\20260618_124336_best_configs\instances\inst01_interval_n50_k8_d035_s1001.txt;interval;50;8;223;0.35;1001;1042;50000;351;5548;13;13;10074.07;13478.25978;generation
0005_ea_personalized_inst01_interval_n50_k8_d035_s1001_s1042;ea_personalized;inst01_interval_n50_k8_d035_s1001;experiments\20260618_124336_best_configs\instances\inst01_interval_n50_k8_d035_s1001.txt;interval;50;8;223;0.35;1001;1042;50000;352;5561;13;13;9666.85;14898.81001;generation
0005_ea_personalized_inst01_interval_n50_k8_d035_s1001_s1042;ea_personalized;inst01_interval_n50_k8_d035_s1001;experiments\20260618_124336_best_configs\instances\inst01_interval_n50_k8_d035_s1001.txt;interval;50;8;223;0.35;1001;1042;50000;353;5572;13;13;12479.49;16273.02245;generation
0005_ea_personalized_inst01_interval_n50_k8_d035_s1001_s1042;ea_personalized;inst01_interval_n50_k8_d035_s1001;experiments\20260618_124336_best_configs\instances\inst01_interval_n50_k8_d035_s1001.txt;interval;50;8;223;0.35;1001;1042;50000;354;5585;13;13;9270.76;14042.02434;generation
0005_ea_personalized_inst01_interval_n50_k8_d035_s1001_s1042;ea_personalized;inst01_interval_n50_k8_d035_s1001;experiments\20260618_124336_best_configs\instances\inst01_interval_n50_k8_d035_s1001.txt;interval;50;8;223;0.35;1001;1042;50000;355;5596;13;13;10884.33;14601.39765;generation
0005_ea_personalized_inst01_interval_n50_k8_d035_s1001_s1042;ea_personalized;inst01_interval_n50_k8_d035_s1001;experiments\20260618_124336_best_configs\instances\inst01_interval_n50_k8_d035_s1001.txt;interval;50;8;223;0.35;1001;1042;50000;356;5611;13;13;10477.9;14063.94149;generation
0005_ea_personalized_inst01_interval_n50_k8_d035_s1001_s1042;ea_personalized;inst01_interval_n50_k8_d035_s1001;experiments\20260618_124336_best_configs\instances\inst01_interval_n50_k8_d035_s1001.txt;interval;50;8;223;0.35;1001;1042;50000;357;5626;13;13;11678.17;16371.13261;generation
0005_ea_personalized_inst01_interval_n50_k8_d035_s1001_s1042;ea_personalized;inst01_interval_n50_k8_d035_s1001;experiments\20260618_124336_best_configs\instances\inst01_interval_n50_k8_d035_s1001.txt;interval;50;8;223;0.35;1001;1042;50000;358;5636;13;13;12078.14;17290.42287;generation
0005_ea_personalized_inst01_interval_n50_k8_d035_s1001_s1042;ea_personalized;inst01_interval_n50_k8_d035_s1001;experiments\20260618_124336_best_configs\instances\inst01_interval_n50_k8_d035_s1001.txt;interval;50;8;223;0.35;1001;1042;50000;359;5646;13;13;8865.39;13722.73353;generation
0005_ea_personalized_inst01_interval_n50_k8_d035_s1001_s1042;ea_personalized;inst01_interval_n50_k8_d035_s1001;experiments\20260618_124336_best_configs\instances\inst01_interval_n50_k8_d035_s1001.txt;interval;50;8;223;0.35;1001;1042;50000;360;5657;13;13;12484.06;17236.24916;generation
0005_ea_personalized_inst01_interval_n50_k8_d035_s1001_s1042;ea_personalized;inst01_interval_n50_k8_d035_s1001;experiments\20260618_124336_best_configs\instances\inst01_interval_n50_k8_d035_s1001.txt;interval;50;8;223;0.35;1001;1042;50000;361;5668;13;13;14692.21;18171.45884;generation
0005_ea_personalized_inst01_interval_n50_k8_d035_s1001_s1042;ea_personalized;inst01_interval_n50_k8_d035_s1001;experiments\20260618_124336_best_configs\instances\inst01_interval_n50_k8_d035_s1001.txt;interval;50;8;223;0.35;1001;1042;50000;362;5678;13;13;11076.65;14871.74328;generation
0005_ea_personalized_inst01_interval_n50_k8_d035_s1001_s1042;ea_personalized;inst01_interval_n50_k8_d035_s1001;experiments\20260618_124336_best_configs\instances\inst01_interval_n50_k8_d035_s1001.txt;interval;50;8;223;0.35;1001;1042;50000;363;5688;13;13;12082.41;16818.29911;generation
0005_ea_personalized_inst01_interval_n50_k8_d035_s1001_s1042;ea_personalized;inst01_interval_n50_k8_d035_s1001;experiments\20260618_124336_best_configs\instances\inst01_interval_n50_k8_d035_s1001.txt;interval;50;8;223;0.35;1001;1042;50000;364;5700;13;13;11481.27;15374.71941;generation
0005_ea_personalized_inst01_interval_n50_k8_d035_s1001_s1042;ea_personalized;inst01_interval_n50_k8_d035_s1001;experiments\20260618_124336_best_configs\instances\inst01_interval_n50_k8_d035_s1001.txt;interval;50;8;223;0.35;1001;1042;50000;365;5711;13;13;11075.76;14317.79353;generation
0005_ea_personalized_inst01_interval_n50_k8_d035_s1001_s1042;ea_personalized;inst01_interval_n50_k8_d035_s1001;experiments\20260618_124336_best_configs\instances\inst01_interval_n50_k8_d035_s1001.txt;interval;50;8;223;0.35;1001;1042;50000;366;5722;13;13;10074.95;15954.40198;generation
0005_ea_personalized_inst01_interval_n50_k8_d035_s1001_s1042;ea_personalized;inst01_interval_n50_k8_d035_s1001;experiments\20260618_124336_best_configs\instances\inst01_interval_n50_k8_d035_s1001.txt;interval;50;8;223;0.35;1001;1042;50000;367;5733;13;13;13084.56;16662.6192;generation
0005_ea_personalized_inst01_interval_n50_k8_d035_s1001_s1042;ea_personalized;inst01_interval_n50_k8_d035_s1001;experiments\20260618_124336_best_configs\instances\inst01_interval_n50_k8_d035_s1001.txt;interval;50;8;223;0.35;1001;1042;50000;368;5747;13;13;10874.35;15151.07403;generation
0005_ea_personalized_inst01_interval_n50_k8_d035_s1001_s1042;ea_personalized;inst01_interval_n50_k8_d035_s1001;experiments\20260618_124336_best_configs\instances\inst01_interval_n50_k8_d035_s1001.txt;interval;50;8;223;0.35;1001;1042;50000;369;5757;13;13;12487.04;15253.36327;generation
0005_ea_personalized_inst01_interval_n50_k8_d035_s1001_s1042;ea_personalized;inst01_interval_n50_k8_d035_s1001;experiments\20260618_124336_best_configs\instances\inst01_interval_n50_k8_d035_s1001.txt;interval;50;8;223;0.35;1001;1042;50000;370;5767;13;13;8261.01;14795.80588;generation
0005_ea_personalized_inst01_interval_n50_k8_d035_s1001_s1042;ea_personalized;inst01_interval_n50_k8_d035_s1001;experiments\20260618_124336_best_configs\instances\inst01_interval_n50_k8_d035_s1001.txt;interval;50;8;223;0.35;1001;1042;50000;371;5778;13;13;11074.3;14872.87062;generation
0005_ea_personalized_inst01_interval_n50_k8_d035_s1001_s1042;ea_personalized;inst01_interval_n50_k8_d035_s1001;experiments\20260618_124336_best_configs\instances\inst01_interval_n50_k8_d035_s1001.txt;interval;50;8;223;0.35;1001;1042;50000;372;5788;13;13;11478.74;16390.34255;generation
0005_ea_personalized_inst01_interval_n50_k8_d035_s1001_s1042;ea_personalized;inst01_interval_n50_k8_d035_s1001;experiments\20260618_124336_best_configs\instances\inst01_interval_n50_k8_d035_s1001.txt;interval;50;8;223;0.35;1001;1042;50000;373;5798;13;13;12682.52;15480.15937;generation
0005_ea_personalized_inst01_interval_n50_k8_d035_s1001_s1042;ea_personalized;inst01_interval_n50_k8_d035_s1001;experiments\20260618_124336_best_configs\instances\inst01_interval_n50_k8_d035_s1001.txt;interval;50;8;223;0.35;1001;1042;50000;374;5808;13;13;12079.19;15568.1532;generation
0005_ea_personalized_inst01_interval_n50_k8_d035_s1001_s1042;ea_personalized;inst01_interval_n50_k8_d035_s1001;experiments\20260618_124336_best_configs\instances\inst01_interval_n50_k8_d035_s1001.txt;interval;50;8;223;0.35;1001;1042;50000;375;5818;13;13;10672.2;16440.21054;generation
0005_ea_personalized_inst01_interval_n50_k8_d035_s1001_s1042;ea_personalized;inst01_interval_n50_k8_d035_s1001;experiments\20260618_124336_best_configs\instances\inst01_interval_n50_k8_d035_s1001.txt;interval;50;8;223;0.35;1001;1042;50000;376;5829;13;13;10269.25;14631.32214;generation
0005_ea_personalized_inst01_interval_n50_k8_d035_s1001_s1042;ea_personalized;inst01_interval_n50_k8_d035_s1001;experiments\20260618_124336_best_configs\instances\inst01_interval_n50_k8_d035_s1001.txt;interval;50;8;223;0.35;1001;1042;50000;377;5839;13;13;12283.86;15795.29687;generation
0005_ea_personalized_inst01_interval_n50_k8_d035_s1001_s1042;ea_personalized;inst01_interval_n50_k8_d035_s1001;experiments\20260618_124336_best_configs\instances\inst01_interval_n50_k8_d035_s1001.txt;interval;50;8;223;0.35;1001;1042;50000;378;5849;13;13;10677.89;15683.34519;generation
0005_ea_personalized_inst01_interval_n50_k8_d035_s1001_s1042;ea_personalized;inst01_interval_n50_k8_d035_s1001;experiments\20260618_124336_best_configs\instances\inst01_interval_n50_k8_d035_s1001.txt;interval;50;8;223;0.35;1001;1042;50000;379;5860;13;13;10077.98;15945.713;generation
0005_ea_personalized_inst01_interval_n50_k8_d035_s1001_s1042;ea_personalized;inst01_interval_n50_k8_d035_s1001;experiments\20260618_124336_best_configs\instances\inst01_interval_n50_k8_d035_s1001.txt;interval;50;8;223;0.35;1001;1042;50000;380;5870;13;13;9880.48;13175.23567;generation
0005_ea_personalized_inst01_interval_n50_k8_d035_s1001_s1042;ea_personalized;inst01_interval_n50_k8_d035_s1001;experiments\20260618_124336_best_configs\instances\inst01_interval_n50_k8_d035_s1001.txt;interval;50;8;223;0.35;1001;1042;50000;381;5881;13;13;12485.37;15772.37315;generation
0005_ea_personalized_inst01_interval_n50_k8_d035_s1001_s1042;ea_personalized;inst01_interval_n50_k8_d035_s1001;experiments\20260618_124336_best_configs\instances\inst01_interval_n50_k8_d035_s1001.txt;interval;50;8;223;0.35;1001;1042;50000;382;5892;13;13;11273.51;14308.03801;generation
0005_ea_personalized_inst01_interval_n50_k8_d035_s1001_s1042;ea_personalized;inst01_interval_n50_k8_d035_s1001;experiments\20260618_124336_best_configs\instances\inst01_interval_n50_k8_d035_s1001.txt;interval;50;8;223;0.35;1001;1042;50000;383;5904;13;13;12278.12;15281.43113;generation
0005_ea_personalized_inst01_interval_n50_k8_d035_s1001_s1042;ea_personalized;inst01_interval_n50_k8_d035_s1001;experiments\20260618_124336_best_configs\instances\inst01_interval_n50_k8_d035_s1001.txt;interval;50;8;223;0.35;1001;1042;50000;384;5916;13;13;11877.39;16351.65083;generation
0005_ea_personalized_inst01_interval_n50_k8_d035_s1001_s1042;ea_personalized;inst01_interval_n50_k8_d035_s1001;experiments\20260618_124336_best_configs\instances\inst01_interval_n50_k8_d035_s1001.txt;interval;50;8;223;0.35;1001;1042;50000;385;5929;13;13;11474.12;15633.57482;generation
0005_ea_personalized_inst01_interval_n50_k8_d035_s1001_s1042;ea_personalized;inst01_interval_n50_k8_d035_s1001;experiments\20260618_124336_best_configs\instances\inst01_interval_n50_k8_d035_s1001.txt;interval;50;8;223;0.35;1001;1042;50000;386;5942;13;13;7657.31;12644.16567;generation
0005_ea_personalized_inst01_interval_n50_k8_d035_s1001_s1042;ea_personalized;inst01_interval_n50_k8_d035_s1001;experiments\20260618_124336_best_configs\instances\inst01_interval_n50_k8_d035_s1001.txt;interval;50;8;223;0.35;1001;1042;50000;387;5954;13;13;11074.09;15663.74418;generation
0005_ea_personalized_inst01_interval_n50_k8_d035_s1001_s1042;ea_personalized;inst01_interval_n50_k8_d035_s1001;experiments\20260618_124336_best_configs\instances\inst01_interval_n50_k8_d035_s1001.txt;interval;50;8;223;0.35;1001;1042;50000;388;5970;13;13;8664.01;13102.13447;generation
0005_ea_personalized_inst01_interval_n50_k8_d035_s1001_s1042;ea_personalized;inst01_interval_n50_k8_d035_s1001;experiments\20260618_124336_best_configs\instances\inst01_interval_n50_k8_d035_s1001.txt;interval;50;8;223;0.35;1001;1042;50000;389;5982;13;13;9869.27;15436.27981;generation
0005_ea_personalized_inst01_interval_n50_k8_d035_s1001_s1042;ea_personalized;inst01_interval_n50_k8_d035_s1001;experiments\20260618_124336_best_configs\instances\inst01_interval_n50_k8_d035_s1001.txt;interval;50;8;223;0.35;1001;1042;50000;390;5995;13;13;9266.48;14327.7634;generation
0005_ea_personalized_inst01_interval_n50_k8_d035_s1001_s1042;ea_personalized;inst01_interval_n50_k8_d035_s1001;experiments\20260618_124336_best_configs\instances\inst01_interval_n50_k8_d035_s1001.txt;interval;50;8;223;0.35;1001;1042;50000;391;6005;13;13;9666.83;13174.46938;generation
0005_ea_personalized_inst01_interval_n50_k8_d035_s1001_s1042;ea_personalized;inst01_interval_n50_k8_d035_s1001;experiments\20260618_124336_best_configs\instances\inst01_interval_n50_k8_d035_s1001.txt;interval;50;8;223;0.35;1001;1042;50000;392;6022;13;13;9466.77;14339.24522;generation
0005_ea_personalized_inst01_interval_n50_k8_d035_s1001_s1042;ea_personalized;inst01_interval_n50_k8_d035_s1001;experiments\20260618_124336_best_configs\instances\inst01_interval_n50_k8_d035_s1001.txt;interval;50;8;223;0.35;1001;1042;50000;393;6035;13;13;11280.57;15648.75709;generation
0005_ea_personalized_inst01_interval_n50_k8_d035_s1001_s1042;ea_personalized;inst01_interval_n50_k8_d035_s1001;experiments\20260618_124336_best_configs\instances\inst01_interval_n50_k8_d035_s1001.txt;interval;50;8;223;0.35;1001;1042;50000;394;6050;13;13;9068.25;13743.0791;generation
0005_ea_personalized_inst01_interval_n50_k8_d035_s1001_s1042;ea_personalized;inst01_interval_n50_k8_d035_s1001;experiments\20260618_124336_best_configs\instances\inst01_interval_n50_k8_d035_s1001.txt;interval;50;8;223;0.35;1001;1042;50000;395;6067;13;13;9869.88;13176.73786;generation
0005_ea_personalized_inst01_interval_n50_k8_d035_s1001_s1042;ea_personalized;inst01_interval_n50_k8_d035_s1001;experiments\20260618_124336_best_configs\instances\inst01_interval_n50_k8_d035_s1001.txt;interval;50;8;223;0.35;1001;1042;50000;396;6082;13;13;13285.5;16383.87548;generation
0005_ea_personalized_inst01_interval_n50_k8_d035_s1001_s1042;ea_personalized;inst01_interval_n50_k8_d035_s1001;experiments\20260618_124336_best_configs\instances\inst01_interval_n50_k8_d035_s1001.txt;interval;50;8;223;0.35;1001;1042;50000;397;6093;13;13;12081.59;16076.60764;generation
0005_ea_personalized_inst01_interval_n50_k8_d035_s1001_s1042;ea_personalized;inst01_interval_n50_k8_d035_s1001;experiments\20260618_124336_best_configs\instances\inst01_interval_n50_k8_d035_s1001.txt;interval;50;8;223;0.35;1001;1042;50000;398;6105;13;13;11080.39;14320.67063;generation
0005_ea_personalized_inst01_interval_n50_k8_d035_s1001_s1042;ea_personalized;inst01_interval_n50_k8_d035_s1001;experiments\20260618_124336_best_configs\instances\inst01_interval_n50_k8_d035_s1001.txt;interval;50;8;223;0.35;1001;1042;50000;399;6118;13;13;12691.15;15990.68238;generation
0005_ea_personalized_inst01_interval_n50_k8_d035_s1001_s1042;ea_personalized;inst01_interval_n50_k8_d035_s1001;experiments\20260618_124336_best_configs\instances\inst01_interval_n50_k8_d035_s1001.txt;interval;50;8;223;0.35;1001;1042;50000;400;6131;13;13;11077.57;15400.34817;generation
0005_ea_personalized_inst01_interval_n50_k8_d035_s1001_s1042;ea_personalized;inst01_interval_n50_k8_d035_s1001;experiments\20260618_124336_best_configs\instances\inst01_interval_n50_k8_d035_s1001.txt;interval;50;8;223;0.35;1001;1042;50000;401;6143;13;13;11077.58;14592.98572;generation
0005_ea_personalized_inst01_interval_n50_k8_d035_s1001_s1042;ea_personalized;inst01_interval_n50_k8_d035_s1001;experiments\20260618_124336_best_configs\instances\inst01_interval_n50_k8_d035_s1001.txt;interval;50;8;223;0.35;1001;1042;50000;402;6155;13;13;13489.82;15582.83212;generation
0005_ea_personalized_inst01_interval_n50_k8_d035_s1001_s1042;ea_personalized;inst01_interval_n50_k8_d035_s1001;experiments\20260618_124336_best_configs\instances\inst01_interval_n50_k8_d035_s1001.txt;interval;50;8;223;0.35;1001;1042;50000;403;6168;13;13;7861.47;12994.19365;generation
0005_ea_personalized_inst01_interval_n50_k8_d035_s1001_s1042;ea_personalized;inst01_interval_n50_k8_d035_s1001;experiments\20260618_124336_best_configs\instances\inst01_interval_n50_k8_d035_s1001.txt;interval;50;8;223;0.35;1001;1042;50000;404;6181;13;13;9864.93;14066.79362;generation
0005_ea_personalized_inst01_interval_n50_k8_d035_s1001_s1042;ea_personalized;inst01_interval_n50_k8_d035_s1001;experiments\20260618_124336_best_configs\instances\inst01_interval_n50_k8_d035_s1001.txt;interval;50;8;223;0.35;1001;1042;50000;405;6193;13;13;10874.06;14608.45395;generation
0005_ea_personalized_inst01_interval_n50_k8_d035_s1001_s1042;ea_personalized;inst01_interval_n50_k8_d035_s1001;experiments\20260618_124336_best_configs\instances\inst01_interval_n50_k8_d035_s1001.txt;interval;50;8;223;0.35;1001;1042;50000;406;6205;13;13;10073.42;13185.13443;generation
0005_ea_personalized_inst01_interval_n50_k8_d035_s1001_s1042;ea_personalized;inst01_interval_n50_k8_d035_s1001;experiments\20260618_124336_best_configs\instances\inst01_interval_n50_k8_d035_s1001.txt;interval;50;8;223;0.35;1001;1042;50000;407;6218;13;13;12683.65;16491.86028;generation
0005_ea_personalized_inst01_interval_n50_k8_d035_s1001_s1042;ea_personalized;inst01_interval_n50_k8_d035_s1001;experiments\20260618_124336_best_configs\instances\inst01_interval_n50_k8_d035_s1001.txt;interval;50;8;223;0.35;1001;1042;50000;408;6230;13;13;9264.52;14044.94615;generation
0005_ea_personalized_inst01_interval_n50_k8_d035_s1001_s1042;ea_personalized;inst01_interval_n50_k8_d035_s1001;experiments\20260618_124336_best_configs\instances\inst01_interval_n50_k8_d035_s1001.txt;interval;50;8;223;0.35;1001;1042;50000;409;6242;13;13;8861.49;13428.77171;generation
0005_ea_personalized_inst01_interval_n50_k8_d035_s1001_s1042;ea_personalized;inst01_interval_n50_k8_d035_s1001;experiments\20260618_124336_best_configs\instances\inst01_interval_n50_k8_d035_s1001.txt;interval;50;8;223;0.35;1001;1042;50000;410;6253;13;13;11675.86;15087.82389;generation
0005_ea_personalized_inst01_interval_n50_k8_d035_s1001_s1042;ea_personalized;inst01_interval_n50_k8_d035_s1001;experiments\20260618_124336_best_configs\instances\inst01_interval_n50_k8_d035_s1001.txt;interval;50;8;223;0.35;1001;1042;50000;411;6265;13;13;10474.01;14346.96068;generation
0005_ea_personalized_inst01_interval_n50_k8_d035_s1001_s1042;ea_personalized;inst01_interval_n50_k8_d035_s1001;experiments\20260618_124336_best_configs\instances\inst01_interval_n50_k8_d035_s1001.txt;interval;50;8;223;0.35;1001;1042;50000;412;6276;13;13;10879.92;14042.91337;generation
0005_ea_personalized_inst01_interval_n50_k8_d035_s1001_s1042;ea_personalized;inst01_interval_n50_k8_d035_s1001;experiments\20260618_124336_best_configs\instances\inst01_interval_n50_k8_d035_s1001.txt;interval;50;8;223;0.35;1001;1042;50000;413;6288;13;13;11278.28;13728.40575;generation
0005_ea_personalized_inst01_interval_n50_k8_d035_s1001_s1042;ea_personalized;inst01_interval_n50_k8_d035_s1001;experiments\20260618_124336_best_configs\instances\inst01_interval_n50_k8_d035_s1001.txt;interval;50;8;223;0.35;1001;1042;50000;414;6303;13;13;11687.05;16618.04607;generation
0005_ea_personalized_inst01_interval_n50_k8_d035_s1001_s1042;ea_personalized;inst01_interval_n50_k8_d035_s1001;experiments\20260618_124336_best_configs\instances\inst01_interval_n50_k8_d035_s1001.txt;interval;50;8;223;0.35;1001;1042;50000;415;6317;13;13;8261.37;14238.18487;generation
0005_ea_personalized_inst01_interval_n50_k8_d035_s1001_s1042;ea_personalized;inst01_interval_n50_k8_d035_s1001;experiments\20260618_124336_best_configs\instances\inst01_interval_n50_k8_d035_s1001.txt;interval;50;8;223;0.35;1001;1042;50000;416;6330;13;13;11485.68;13700.06886;generation
0005_ea_personalized_inst01_interval_n50_k8_d035_s1001_s1042;ea_personalized;inst01_interval_n50_k8_d035_s1001;experiments\20260618_124336_best_configs\instances\inst01_interval_n50_k8_d035_s1001.txt;interval;50;8;223;0.35;1001;1042;50000;417;6347;13;13;9079.82;15139.63899;generation
0005_ea_personalized_inst01_interval_n50_k8_d035_s1001_s1042;ea_personalized;inst01_interval_n50_k8_d035_s1001;experiments\20260618_124336_best_configs\instances\inst01_interval_n50_k8_d035_s1001.txt;interval;50;8;223;0.35;1001;1042;50000;418;6362;13;13;12084.15;16083.38281;generation
0005_ea_personalized_inst01_interval_n50_k8_d035_s1001_s1042;ea_personalized;inst01_interval_n50_k8_d035_s1001;experiments\20260618_124336_best_configs\instances\inst01_interval_n50_k8_d035_s1001.txt;interval;50;8;223;0.35;1001;1042;50000;419;6375;13;13;10471.74;15949.63924;generation
0005_ea_personalized_inst01_interval_n50_k8_d035_s1001_s1042;ea_personalized;inst01_interval_n50_k8_d035_s1001;experiments\20260618_124336_best_configs\instances\inst01_interval_n50_k8_d035_s1001.txt;interval;50;8;223;0.35;1001;1042;50000;420;6393;13;13;12079.2;15568.08556;generation
0005_ea_personalized_inst01_interval_n50_k8_d035_s1001_s1042;ea_personalized;inst01_interval_n50_k8_d035_s1001;experiments\20260618_124336_best_configs\instances\inst01_interval_n50_k8_d035_s1001.txt;interval;50;8;223;0.35;1001;1042;50000;421;6404;13;13;10076.56;15168.04406;generation
0005_ea_personalized_inst01_interval_n50_k8_d035_s1001_s1042;ea_personalized;inst01_interval_n50_k8_d035_s1001;experiments\20260618_124336_best_configs\instances\inst01_interval_n50_k8_d035_s1001.txt;interval;50;8;223;0.35;1001;1042;50000;422;6417;13;13;10677.32;14051.89325;generation
0005_ea_personalized_inst01_interval_n50_k8_d035_s1001_s1042;ea_personalized;inst01_interval_n50_k8_d035_s1001;experiments\20260618_124336_best_configs\instances\inst01_interval_n50_k8_d035_s1001.txt;interval;50;8;223;0.35;1001;1042;50000;423;6431;13;13;11080.94;14873.12704;generation
0005_ea_personalized_inst01_interval_n50_k8_d035_s1001_s1042;ea_personalized;inst01_interval_n50_k8_d035_s1001;experiments\20260618_124336_best_configs\instances\inst01_interval_n50_k8_d035_s1001.txt;interval;50;8;223;0.35;1001;1042;50000;424;6445;13;13;11077.9;14030.69961;generation
0005_ea_personalized_inst01_interval_n50_k8_d035_s1001_s1042;ea_personalized;inst01_interval_n50_k8_d035_s1001;experiments\20260618_124336_best_configs\instances\inst01_interval_n50_k8_d035_s1001.txt;interval;50;8;223;0.35;1001;1042;50000;425;6457;13;13;9870.8;13481.27331;generation
0005_ea_personalized_inst01_interval_n50_k8_d035_s1001_s1042;ea_personalized;inst01_interval_n50_k8_d035_s1001;experiments\20260618_124336_best_configs\instances\inst01_interval_n50_k8_d035_s1001.txt;interval;50;8;223;0.35;1001;1042;50000;426;6469;13;13;12886.76;16938.03997;generation
0005_ea_personalized_inst01_interval_n50_k8_d035_s1001_s1042;ea_personalized;inst01_interval_n50_k8_d035_s1001;experiments\20260618_124336_best_configs\instances\inst01_interval_n50_k8_d035_s1001.txt;interval;50;8;223;0.35;1001;1042;50000;427;6486;13;13;9873.18;15441.6088;generation
0005_ea_personalized_inst01_interval_n50_k8_d035_s1001_s1042;ea_personalized;inst01_interval_n50_k8_d035_s1001;experiments\20260618_124336_best_configs\instances\inst01_interval_n50_k8_d035_s1001.txt;interval;50;8;223;0.35;1001;1042;50000;428;6499;13;13;11078.3;15665.67175;generation
0005_ea_personalized_inst01_interval_n50_k8_d035_s1001_s1042;ea_personalized;inst01_interval_n50_k8_d035_s1001;experiments\20260618_124336_best_configs\instances\inst01_interval_n50_k8_d035_s1001.txt;interval;50;8;223;0.35;1001;1042;50000;429;6511;13;13;12888.09;16935.98711;generation
0005_ea_personalized_inst01_interval_n50_k8_d035_s1001_s1042;ea_personalized;inst01_interval_n50_k8_d035_s1001;experiments\20260618_124336_best_configs\instances\inst01_interval_n50_k8_d035_s1001.txt;interval;50;8;223;0.35;1001;1042;50000;430;6522;13;13;13089.04;16904.8028;generation
0005_ea_personalized_inst01_interval_n50_k8_d035_s1001_s1042;ea_personalized;inst01_interval_n50_k8_d035_s1001;experiments\20260618_124336_best_configs\instances\inst01_interval_n50_k8_d035_s1001.txt;interval;50;8;223;0.35;1001;1042;50000;431;6534;13;13;10271.37;14066.56244;generation
0005_ea_personalized_inst01_interval_n50_k8_d035_s1001_s1042;ea_personalized;inst01_interval_n50_k8_d035_s1001;experiments\20260618_124336_best_configs\instances\inst01_interval_n50_k8_d035_s1001.txt;interval;50;8;223;0.35;1001;1042;50000;432;6548;13;13;11878.25;15065.35528;generation
0005_ea_personalized_inst01_interval_n50_k8_d035_s1001_s1042;ea_personalized;inst01_interval_n50_k8_d035_s1001;experiments\20260618_124336_best_configs\instances\inst01_interval_n50_k8_d035_s1001.txt;interval;50;8;223;0.35;1001;1042;50000;433;6560;13;13;11476.78;14283.80046;generation
0005_ea_personalized_inst01_interval_n50_k8_d035_s1001_s1042;ea_personalized;inst01_interval_n50_k8_d035_s1001;experiments\20260618_124336_best_configs\instances\inst01_interval_n50_k8_d035_s1001.txt;interval;50;8;223;0.35;1001;1042;50000;434;6575;13;13;9264.69;16183.82559;generation
0005_ea_personalized_inst01_interval_n50_k8_d035_s1001_s1042;ea_personalized;inst01_interval_n50_k8_d035_s1001;experiments\20260618_124336_best_configs\instances\inst01_interval_n50_k8_d035_s1001.txt;interval;50;8;223;0.35;1001;1042;50000;435;6601;13;13;11275.13;14018.19119;generation
0005_ea_personalized_inst01_interval_n50_k8_d035_s1001_s1042;ea_personalized;inst01_interval_n50_k8_d035_s1001;experiments\20260618_124336_best_configs\instances\inst01_interval_n50_k8_d035_s1001.txt;interval;50;8;223;0.35;1001;1042;50000;436;6625;13;13;11875.08;14239.47755;generation
0005_ea_personalized_inst01_interval_n50_k8_d035_s1001_s1042;ea_personalized;inst01_interval_n50_k8_d035_s1001;experiments\20260618_124336_best_configs\instances\inst01_interval_n50_k8_d035_s1001.txt;interval;50;8;223;0.35;1001;1042;50000;437;6653;13;13;10068.92;15173.23113;generation
0005_ea_personalized_inst01_interval_n50_k8_d035_s1001_s1042;ea_personalized;inst01_interval_n50_k8_d035_s1001;experiments\20260618_124336_best_configs\instances\inst01_interval_n50_k8_d035_s1001.txt;interval;50;8;223;0.35;1001;1042;50000;438;6676;13;13;14496.1;17307.07724;generation
0005_ea_personalized_inst01_interval_n50_k8_d035_s1001_s1042;ea_personalized;inst01_interval_n50_k8_d035_s1001;experiments\20260618_124336_best_configs\instances\inst01_interval_n50_k8_d035_s1001.txt;interval;50;8;223;0.35;1001;1042;50000;439;6698;13;13;12082.36;16579.94024;generation
0005_ea_personalized_inst01_interval_n50_k8_d035_s1001_s1042;ea_personalized;inst01_interval_n50_k8_d035_s1001;experiments\20260618_124336_best_configs\instances\inst01_interval_n50_k8_d035_s1001.txt;interval;50;8;223;0.35;1001;1042;50000;440;6721;13;13;12684.96;15475.35234;generation
0005_ea_personalized_inst01_interval_n50_k8_d035_s1001_s1042;ea_personalized;inst01_interval_n50_k8_d035_s1001;experiments\20260618_124336_best_configs\instances\inst01_interval_n50_k8_d035_s1001.txt;interval;50;8;223;0.35;1001;1042;50000;441;6749;13;13;11082.74;15401.70078;generation
0005_ea_personalized_inst01_interval_n50_k8_d035_s1001_s1042;ea_personalized;inst01_interval_n50_k8_d035_s1001;experiments\20260618_124336_best_configs\instances\inst01_interval_n50_k8_d035_s1001.txt;interval;50;8;223;0.35;1001;1042;50000;442;6776;13;13;10883.02;15145.49471;generation
0005_ea_personalized_inst01_interval_n50_k8_d035_s1001_s1042;ea_personalized;inst01_interval_n50_k8_d035_s1001;experiments\20260618_124336_best_configs\instances\inst01_interval_n50_k8_d035_s1001.txt;interval;50;8;223;0.35;1001;1042;50000;443;6800;13;13;8473.37;12115.86387;generation
0005_ea_personalized_inst01_interval_n50_k8_d035_s1001_s1042;ea_personalized;inst01_interval_n50_k8_d035_s1001;experiments\20260618_124336_best_configs\instances\inst01_interval_n50_k8_d035_s1001.txt;interval;50;8;223;0.35;1001;1042;50000;444;6824;13;13;11880.64;16100.75934;generation
0005_ea_personalized_inst01_interval_n50_k8_d035_s1001_s1042;ea_personalized;inst01_interval_n50_k8_d035_s1001;experiments\20260618_124336_best_configs\instances\inst01_interval_n50_k8_d035_s1001.txt;interval;50;8;223;0.35;1001;1042;50000;445;6847;13;13;10477.8;13472.32152;generation
0005_ea_personalized_inst01_interval_n50_k8_d035_s1001_s1042;ea_personalized;inst01_interval_n50_k8_d035_s1001;experiments\20260618_124336_best_configs\instances\inst01_interval_n50_k8_d035_s1001.txt;interval;50;8;223;0.35;1001;1042;50000;446;6894;13;13;12690.89;15987.00812;generation
0005_ea_personalized_inst01_interval_n50_k8_d035_s1001_s1042;ea_personalized;inst01_interval_n50_k8_d035_s1001;experiments\20260618_124336_best_configs\instances\inst01_interval_n50_k8_d035_s1001.txt;interval;50;8;223;0.35;1001;1042;50000;447;6948;13;13;9874.6;13475.20251;generation
0005_ea_personalized_inst01_interval_n50_k8_d035_s1001_s1042;ea_personalized;inst01_interval_n50_k8_d035_s1001;experiments\20260618_124336_best_configs\instances\inst01_interval_n50_k8_d035_s1001.txt;interval;50;8;223;0.35;1001;1042;50000;448;6986;13;13;12281.27;15281.7761;generation
0005_ea_personalized_inst01_interval_n50_k8_d035_s1001_s1042;ea_personalized;inst01_interval_n50_k8_d035_s1001;experiments\20260618_124336_best_configs\instances\inst01_interval_n50_k8_d035_s1001.txt;interval;50;8;223;0.35;1001;1042;50000;449;7020;13;13;9266.05;13458.52652;generation
0005_ea_personalized_inst01_interval_n50_k8_d035_s1001_s1042;ea_personalized;inst01_interval_n50_k8_d035_s1001;experiments\20260618_124336_best_configs\instances\inst01_interval_n50_k8_d035_s1001.txt;interval;50;8;223;0.35;1001;1042;50000;450;7063;13;13;9463.33;13766.61919;generation
0005_ea_personalized_inst01_interval_n50_k8_d035_s1001_s1042;ea_personalized;inst01_interval_n50_k8_d035_s1001;experiments\20260618_124336_best_configs\instances\inst01_interval_n50_k8_d035_s1001.txt;interval;50;8;223;0.35;1001;1042;50000;451;7140;13;13;10877.02;15148.36448;generation
0005_ea_personalized_inst01_interval_n50_k8_d035_s1001_s1042;ea_personalized;inst01_interval_n50_k8_d035_s1001;experiments\20260618_124336_best_configs\instances\inst01_interval_n50_k8_d035_s1001.txt;interval;50;8;223;0.35;1001;1042;50000;452;7171;13;13;12690.71;16243.21293;generation
0005_ea_personalized_inst01_interval_n50_k8_d035_s1001_s1042;ea_personalized;inst01_interval_n50_k8_d035_s1001;experiments\20260618_124336_best_configs\instances\inst01_interval_n50_k8_d035_s1001.txt;interval;50;8;223;0.35;1001;1042;50000;453;7216;13;13;12079.57;16078.67905;generation
0005_ea_personalized_inst01_interval_n50_k8_d035_s1001_s1042;ea_personalized;inst01_interval_n50_k8_d035_s1001;experiments\20260618_124336_best_configs\instances\inst01_interval_n50_k8_d035_s1001.txt;interval;50;8;223;0.35;1001;1042;50000;454;7249;13;13;11880.86;16102.82471;generation
0005_ea_personalized_inst01_interval_n50_k8_d035_s1001_s1042;ea_personalized;inst01_interval_n50_k8_d035_s1001;experiments\20260618_124336_best_configs\instances\inst01_interval_n50_k8_d035_s1001.txt;interval;50;8;223;0.35;1001;1042;50000;455;7285;13;13;11880.67;15063.63665;generation
0005_ea_personalized_inst01_interval_n50_k8_d035_s1001_s1042;ea_personalized;inst01_interval_n50_k8_d035_s1001;experiments\20260618_124336_best_configs\instances\inst01_interval_n50_k8_d035_s1001.txt;interval;50;8;223;0.35;1001;1042;50000;456;7326;13;13;12486.04;14985.91784;generation
0005_ea_personalized_inst01_interval_n50_k8_d035_s1001_s1042;ea_personalized;inst01_interval_n50_k8_d035_s1001;experiments\20260618_124336_best_configs\instances\inst01_interval_n50_k8_d035_s1001.txt;interval;50;8;223;0.35;1001;1042;50000;457;7403;13;13;11689.23;14256.78755;generation
0005_ea_personalized_inst01_interval_n50_k8_d035_s1001_s1042;ea_personalized;inst01_interval_n50_k8_d035_s1001;experiments\20260618_124336_best_configs\instances\inst01_interval_n50_k8_d035_s1001.txt;interval;50;8;223;0.35;1001;1042;50000;458;7434;13;13;9492.34;14611.64178;generation
0005_ea_personalized_inst01_interval_n50_k8_d035_s1001_s1042;ea_personalized;inst01_interval_n50_k8_d035_s1001;experiments\20260618_124336_best_configs\instances\inst01_interval_n50_k8_d035_s1001.txt;interval;50;8;223;0.35;1001;1042;50000;459;7495;13;13;12683.54;17441.92959;generation
0005_ea_personalized_inst01_interval_n50_k8_d035_s1001_s1042;ea_personalized;inst01_interval_n50_k8_d035_s1001;experiments\20260618_124336_best_configs\instances\inst01_interval_n50_k8_d035_s1001.txt;interval;50;8;223;0.35;1001;1042;50000;460;7530;13;13;13687.96;16789.60194;generation
0005_ea_personalized_inst01_interval_n50_k8_d035_s1001_s1042;ea_personalized;inst01_interval_n50_k8_d035_s1001;experiments\20260618_124336_best_configs\instances\inst01_interval_n50_k8_d035_s1001.txt;interval;50;8;223;0.35;1001;1042;50000;461;7570;13;13;11476.33;14283.27915;generation
0005_ea_personalized_inst01_interval_n50_k8_d035_s1001_s1042;ea_personalized;inst01_interval_n50_k8_d035_s1001;experiments\20260618_124336_best_configs\instances\inst01_interval_n50_k8_d035_s1001.txt;interval;50;8;223;0.35;1001;1042;50000;462;7602;13;13;12081.35;16324.79971;generation
0005_ea_personalized_inst01_interval_n50_k8_d035_s1001_s1042;ea_personalized;inst01_interval_n50_k8_d035_s1001;experiments\20260618_124336_best_configs\instances\inst01_interval_n50_k8_d035_s1001.txt;interval;50;8;223;0.35;1001;1042;50000;463;7641;13;13;12891.57;16699.40947;generation
0005_ea_personalized_inst01_interval_n50_k8_d035_s1001_s1042;ea_personalized;inst01_interval_n50_k8_d035_s1001;experiments\20260618_124336_best_configs\instances\inst01_interval_n50_k8_d035_s1001.txt;interval;50;8;223;0.35;1001;1042;50000;464;7695;13;13;8065.03;13927.21984;generation
0005_ea_personalized_inst01_interval_n50_k8_d035_s1001_s1042;ea_personalized;inst01_interval_n50_k8_d035_s1001;experiments\20260618_124336_best_configs\instances\inst01_interval_n50_k8_d035_s1001.txt;interval;50;8;223;0.35;1001;1042;50000;465;7723;13;13;8065.29;13920.60091;generation
0005_ea_personalized_inst01_interval_n50_k8_d035_s1001_s1042;ea_personalized;inst01_interval_n50_k8_d035_s1001;experiments\20260618_124336_best_configs\instances\inst01_interval_n50_k8_d035_s1001.txt;interval;50;8;223;0.35;1001;1042;50000;466;7763;13;13;12687.42;15734.67282;generation
0005_ea_personalized_inst01_interval_n50_k8_d035_s1001_s1042;ea_personalized;inst01_interval_n50_k8_d035_s1001;experiments\20260618_124336_best_configs\instances\inst01_interval_n50_k8_d035_s1001.txt;interval;50;8;223;0.35;1001;1042;50000;467;7809;13;13;10675.62;15158.75153;generation
0005_ea_personalized_inst01_interval_n50_k8_d035_s1001_s1042;ea_personalized;inst01_interval_n50_k8_d035_s1001;experiments\20260618_124336_best_configs\instances\inst01_interval_n50_k8_d035_s1001.txt;interval;50;8;223;0.35;1001;1042;50000;468;7840;13;13;10076.24;13778.3188;generation
0005_ea_personalized_inst01_interval_n50_k8_d035_s1001_s1042;ea_personalized;inst01_interval_n50_k8_d035_s1001;experiments\20260618_124336_best_configs\instances\inst01_interval_n50_k8_d035_s1001.txt;interval;50;8;223;0.35;1001;1042;50000;469;7883;13;13;11279.65;15124.3934;generation
0005_ea_personalized_inst01_interval_n50_k8_d035_s1001_s1042;ea_personalized;inst01_interval_n50_k8_d035_s1001;experiments\20260618_124336_best_configs\instances\inst01_interval_n50_k8_d035_s1001.txt;interval;50;8;223;0.35;1001;1042;50000;470;7916;13;13;12686.7;15991.36612;generation
0005_ea_personalized_inst01_interval_n50_k8_d035_s1001_s1042;ea_personalized;inst01_interval_n50_k8_d035_s1001;experiments\20260618_124336_best_configs\instances\inst01_interval_n50_k8_d035_s1001.txt;interval;50;8;223;0.35;1001;1042;50000;471;7944;13;13;10077.55;14351.00857;generation
0005_ea_personalized_inst01_interval_n50_k8_d035_s1001_s1042;ea_personalized;inst01_interval_n50_k8_d035_s1001;experiments\20260618_124336_best_configs\instances\inst01_interval_n50_k8_d035_s1001.txt;interval;50;8;223;0.35;1001;1042;50000;472;7979;13;13;11480.39;16391.45282;generation
0005_ea_personalized_inst01_interval_n50_k8_d035_s1001_s1042;ea_personalized;inst01_interval_n50_k8_d035_s1001;experiments\20260618_124336_best_configs\instances\inst01_interval_n50_k8_d035_s1001.txt;interval;50;8;223;0.35;1001;1042;50000;473;8019;13;13;11880.04;15329.36389;generation
0005_ea_personalized_inst01_interval_n50_k8_d035_s1001_s1042;ea_personalized;inst01_interval_n50_k8_d035_s1001;experiments\20260618_124336_best_configs\instances\inst01_interval_n50_k8_d035_s1001.txt;interval;50;8;223;0.35;1001;1042;50000;474;8063;13;13;9872.09;14631.0098;generation
0005_ea_personalized_inst01_interval_n50_k8_d035_s1001_s1042;ea_personalized;inst01_interval_n50_k8_d035_s1001;experiments\20260618_124336_best_configs\instances\inst01_interval_n50_k8_d035_s1001.txt;interval;50;8;223;0.35;1001;1042;50000;475;8107;13;13;11277.25;16156.56705;generation
0005_ea_personalized_inst01_interval_n50_k8_d035_s1001_s1042;ea_personalized;inst01_interval_n50_k8_d035_s1001;experiments\20260618_124336_best_configs\instances\inst01_interval_n50_k8_d035_s1001.txt;interval;50;8;223;0.35;1001;1042;50000;476;8144;13;13;12686.98;15987.66621;generation
0005_ea_personalized_inst01_interval_n50_k8_d035_s1001_s1042;ea_personalized;inst01_interval_n50_k8_d035_s1001;experiments\20260618_124336_best_configs\instances\inst01_interval_n50_k8_d035_s1001.txt;interval;50;8;223;0.35;1001;1042;50000;477;8184;13;13;10274.14;14634.78295;generation
0005_ea_personalized_inst01_interval_n50_k8_d035_s1001_s1042;ea_personalized;inst01_interval_n50_k8_d035_s1001;experiments\20260618_124336_best_configs\instances\inst01_interval_n50_k8_d035_s1001.txt;interval;50;8;223;0.35;1001;1042;50000;478;8219;13;13;11674.9;15619.08522;generation
0005_ea_personalized_inst01_interval_n50_k8_d035_s1001_s1042;ea_personalized;inst01_interval_n50_k8_d035_s1001;experiments\20260618_124336_best_configs\instances\inst01_interval_n50_k8_d035_s1001.txt;interval;50;8;223;0.35;1001;1042;50000;479;8250;13;13;8262.22;14794.29624;generation
0005_ea_personalized_inst01_interval_n50_k8_d035_s1001_s1042;ea_personalized;inst01_interval_n50_k8_d035_s1001;experiments\20260618_124336_best_configs\instances\inst01_interval_n50_k8_d035_s1001.txt;interval;50;8;223;0.35;1001;1042;50000;480;8271;13;13;11476.06;16877.97192;generation
0005_ea_personalized_inst01_interval_n50_k8_d035_s1001_s1042;ea_personalized;inst01_interval_n50_k8_d035_s1001;experiments\20260618_124336_best_configs\instances\inst01_interval_n50_k8_d035_s1001.txt;interval;50;8;223;0.35;1001;1042;50000;481;8299;13;13;13890.46;16249.6954;generation
0005_ea_personalized_inst01_interval_n50_k8_d035_s1001_s1042;ea_personalized;inst01_interval_n50_k8_d035_s1001;experiments\20260618_124336_best_configs\instances\inst01_interval_n50_k8_d035_s1001.txt;interval;50;8;223;0.35;1001;1042;50000;482;8326;13;13;12084.03;17051.93695;generation
0005_ea_personalized_inst01_interval_n50_k8_d035_s1001_s1042;ea_personalized;inst01_interval_n50_k8_d035_s1001;experiments\20260618_124336_best_configs\instances\inst01_interval_n50_k8_d035_s1001.txt;interval;50;8;223;0.35;1001;1042;50000;483;8345;13;13;13693.12;16787.18957;generation
0005_ea_personalized_inst01_interval_n50_k8_d035_s1001_s1042;ea_personalized;inst01_interval_n50_k8_d035_s1001;experiments\20260618_124336_best_configs\instances\inst01_interval_n50_k8_d035_s1001.txt;interval;50;8;223;0.35;1001;1042;50000;484;8375;13;13;11682;17095.62093;generation
0005_ea_personalized_inst01_interval_n50_k8_d035_s1001_s1042;ea_personalized;inst01_interval_n50_k8_d035_s1001;experiments\20260618_124336_best_configs\instances\inst01_interval_n50_k8_d035_s1001.txt;interval;50;8;223;0.35;1001;1042;50000;485;8399;13;13;12082.89;15311.98293;generation
0005_ea_personalized_inst01_interval_n50_k8_d035_s1001_s1042;ea_personalized;inst01_interval_n50_k8_d035_s1001;experiments\20260618_124336_best_configs\instances\inst01_interval_n50_k8_d035_s1001.txt;interval;50;8;223;0.35;1001;1042;50000;486;8427;13;13;10068.08;13481.08824;generation
0005_ea_personalized_inst01_interval_n50_k8_d035_s1001_s1042;ea_personalized;inst01_interval_n50_k8_d035_s1001;experiments\20260618_124336_best_configs\instances\inst01_interval_n50_k8_d035_s1001.txt;interval;50;8;223;0.35;1001;1042;50000;487;8458;13;13;11678.44;15616.07597;generation
0005_ea_personalized_inst01_interval_n50_k8_d035_s1001_s1042;ea_personalized;inst01_interval_n50_k8_d035_s1001;experiments\20260618_124336_best_configs\instances\inst01_interval_n50_k8_d035_s1001.txt;interval;50;8;223;0.35;1001;1042;50000;488;8482;13;13;10067.83;13177.89461;generation
0005_ea_personalized_inst01_interval_n50_k8_d035_s1001_s1042;ea_personalized;inst01_interval_n50_k8_d035_s1001;experiments\20260618_124336_best_configs\instances\inst01_interval_n50_k8_d035_s1001.txt;interval;50;8;223;0.35;1001;1042;50000;489;8506;13;13;10881.09;15670.0079;generation
0005_ea_personalized_inst01_interval_n50_k8_d035_s1001_s1042;ea_personalized;inst01_interval_n50_k8_d035_s1001;experiments\20260618_124336_best_configs\instances\inst01_interval_n50_k8_d035_s1001.txt;interval;50;8;223;0.35;1001;1042;50000;490;8531;13;13;12691.27;15208.60684;generation
0005_ea_personalized_inst01_interval_n50_k8_d035_s1001_s1042;ea_personalized;inst01_interval_n50_k8_d035_s1001;experiments\20260618_124336_best_configs\instances\inst01_interval_n50_k8_d035_s1001.txt;interval;50;8;223;0.35;1001;1042;50000;491;8555;13;13;10677.97;14054.61985;generation
0005_ea_personalized_inst01_interval_n50_k8_d035_s1001_s1042;ea_personalized;inst01_interval_n50_k8_d035_s1001;experiments\20260618_124336_best_configs\instances\inst01_interval_n50_k8_d035_s1001.txt;interval;50;8;223;0.35;1001;1042;50000;492;8577;13;13;12280.44;14739.33256;generation
0005_ea_personalized_inst01_interval_n50_k8_d035_s1001_s1042;ea_personalized;inst01_interval_n50_k8_d035_s1001;experiments\20260618_124336_best_configs\instances\inst01_interval_n50_k8_d035_s1001.txt;interval;50;8;223;0.35;1001;1042;50000;493;8600;13;13;15296.57;18881.45204;generation
0005_ea_personalized_inst01_interval_n50_k8_d035_s1001_s1042;ea_personalized;inst01_interval_n50_k8_d035_s1001;experiments\20260618_124336_best_configs\instances\inst01_interval_n50_k8_d035_s1001.txt;interval;50;8;223;0.35;1001;1042;50000;494;8623;13;13;11678.82;16125.29952;generation
0005_ea_personalized_inst01_interval_n50_k8_d035_s1001_s1042;ea_personalized;inst01_interval_n50_k8_d035_s1001;experiments\20260618_124336_best_configs\instances\inst01_interval_n50_k8_d035_s1001.txt;interval;50;8;223;0.35;1001;1042;50000;495;8648;13;13;13283.79;17105.70309;generation
0005_ea_personalized_inst01_interval_n50_k8_d035_s1001_s1042;ea_personalized;inst01_interval_n50_k8_d035_s1001;experiments\20260618_124336_best_configs\instances\inst01_interval_n50_k8_d035_s1001.txt;interval;50;8;223;0.35;1001;1042;50000;496;8671;13;13;9470.67;15685.12319;generation
0005_ea_personalized_inst01_interval_n50_k8_d035_s1001_s1042;ea_personalized;inst01_interval_n50_k8_d035_s1001;experiments\20260618_124336_best_configs\instances\inst01_interval_n50_k8_d035_s1001.txt;interval;50;8;223;0.35;1001;1042;50000;497;8701;13;13;9267.83;13152.69435;generation
0005_ea_personalized_inst01_interval_n50_k8_d035_s1001_s1042;ea_personalized;inst01_interval_n50_k8_d035_s1001;experiments\20260618_124336_best_configs\instances\inst01_interval_n50_k8_d035_s1001.txt;interval;50;8;223;0.35;1001;1042;50000;498;8741;13;13;11684.62;14257.76298;generation
0005_ea_personalized_inst01_interval_n50_k8_d035_s1001_s1042;ea_personalized;inst01_interval_n50_k8_d035_s1001;experiments\20260618_124336_best_configs\instances\inst01_interval_n50_k8_d035_s1001.txt;interval;50;8;223;0.35;1001;1042;50000;499;8778;13;13;13289.64;16621.16567;generation
0005_ea_personalized_inst01_interval_n50_k8_d035_s1001_s1042;ea_personalized;inst01_interval_n50_k8_d035_s1001;experiments\20260618_124336_best_configs\instances\inst01_interval_n50_k8_d035_s1001.txt;interval;50;8;223;0.35;1001;1042;50000;500;8804;13;13;12282.99;16546.67579;generation
0005_ea_personalized_inst01_interval_n50_k8_d035_s1001_s1042;ea_personalized;inst01_interval_n50_k8_d035_s1001;experiments\20260618_124336_best_configs\instances\inst01_interval_n50_k8_d035_s1001.txt;interval;50;8;223;0.35;1001;1042;50000;501;8830;13;13;15098.17;17140.88008;generation
0005_ea_personalized_inst01_interval_n50_k8_d035_s1001_s1042;ea_personalized;inst01_interval_n50_k8_d035_s1001;experiments\20260618_124336_best_configs\instances\inst01_interval_n50_k8_d035_s1001.txt;interval;50;8;223;0.35;1001;1042;50000;502;8856;13;13;9671.97;14626.91654;generation
0005_ea_personalized_inst01_interval_n50_k8_d035_s1001_s1042;ea_personalized;inst01_interval_n50_k8_d035_s1001;experiments\20260618_124336_best_configs\instances\inst01_interval_n50_k8_d035_s1001.txt;interval;50;8;223;0.35;1001;1042;50000;503;8880;13;13;11677.37;16614.85715;generation
0005_ea_personalized_inst01_interval_n50_k8_d035_s1001_s1042;ea_personalized;inst01_interval_n50_k8_d035_s1001;experiments\20260618_124336_best_configs\instances\inst01_interval_n50_k8_d035_s1001.txt;interval;50;8;223;0.35;1001;1042;50000;504;8898;13;13;10874.79;14880.72532;generation
0005_ea_personalized_inst01_interval_n50_k8_d035_s1001_s1042;ea_personalized;inst01_interval_n50_k8_d035_s1001;experiments\20260618_124336_best_configs\instances\inst01_interval_n50_k8_d035_s1001.txt;interval;50;8;223;0.35;1001;1042;50000;505;8922;13;13;10883.09;14608.58705;generation
0005_ea_personalized_inst01_interval_n50_k8_d035_s1001_s1042;ea_personalized;inst01_interval_n50_k8_d035_s1001;experiments\20260618_124336_best_configs\instances\inst01_interval_n50_k8_d035_s1001.txt;interval;50;8;223;0.35;1001;1042;50000;506;8946;13;13;11883.6;15325.00516;generation
0005_ea_personalized_inst01_interval_n50_k8_d035_s1001_s1042;ea_personalized;inst01_interval_n50_k8_d035_s1001;experiments\20260618_124336_best_configs\instances\inst01_interval_n50_k8_d035_s1001.txt;interval;50;8;223;0.35;1001;1042;50000;507;8969;13;13;14706.3;17248.20637;generation
0005_ea_personalized_inst01_interval_n50_k8_d035_s1001_s1042;ea_personalized;inst01_interval_n50_k8_d035_s1001;experiments\20260618_124336_best_configs\instances\inst01_interval_n50_k8_d035_s1001.txt;interval;50;8;223;0.35;1001;1042;50000;508;8984;13;13;11894.49;16098.60288;generation
0005_ea_personalized_inst01_interval_n50_k8_d035_s1001_s1042;ea_personalized;inst01_interval_n50_k8_d035_s1001;experiments\20260618_124336_best_configs\instances\inst01_interval_n50_k8_d035_s1001.txt;interval;50;8;223;0.35;1001;1042;50000;509;9004;13;13;12097.21;16075.94178;generation
0005_ea_personalized_inst01_interval_n50_k8_d035_s1001_s1042;ea_personalized;inst01_interval_n50_k8_d035_s1001;experiments\20260618_124336_best_configs\instances\inst01_interval_n50_k8_d035_s1001.txt;interval;50;8;223;0.35;1001;1042;50000;510;9012;13;13;1423.26;5128.390895;generation
