run_id;algorithm;instance_id;instance_path;graph;n;k;m;density;instance_seed;algorithm_seed;budget;iteration;time_ms;current_cost;best_cost;avg_cost;std_cost;note
0008_ea_personalized_inst02_erdos_n50_k8_d025_s1002_s42;ea_personalized;inst02_erdos_n50_k8_d025_s1002;experiments\20260618_124336_best_configs\instances\inst02_erdos_n50_k8_d025_s1002.txt;erdos;50;8;280;0.25;1002;42;50000;0;8;53255;53255;250259.75;103504.4239;init
0008_ea_personalized_inst02_erdos_n50_k8_d025_s1002_s42;ea_personalized;inst02_erdos_n50_k8_d025_s1002;experiments\20260618_124336_best_configs\instances\inst02_erdos_n50_k8_d025_s1002.txt;erdos;50;8;280;0.25;1002;42;50000;1;39;2;2;8064.09;13403.88971;generation
0008_ea_personalized_inst02_erdos_n50_k8_d025_s1002_s42;ea_personalized;inst02_erdos_n50_k8_d025_s1002;experiments\20260618_124336_best_configs\instances\inst02_erdos_n50_k8_d025_s1002.txt;erdos;50;8;280;0.25;1002;42;50000;2;66;2;2;8430.96;11726.39014;generation
0008_ea_personalized_inst02_erdos_n50_k8_d025_s1002_s42;ea_personalized;inst02_erdos_n50_k8_d025_s1002;experiments\20260618_124336_best_configs\instances\inst02_erdos_n50_k8_d025_s1002.txt;erdos;50;8;280;0.25;1002;42;50000;3;90;2;2;10195.82;13995.65614;generation
0008_ea_personalized_inst02_erdos_n50_k8_d025_s1002_s42;ea_personalized;inst02_erdos_n50_k8_d025_s1002;experiments\20260618_124336_best_configs\instances\inst02_erdos_n50_k8_d025_s1002.txt;erdos;50;8;280;0.25;1002;42;50000;4;118;2;2;9009.48;12751.25571;generation
0008_ea_personalized_inst02_erdos_n50_k8_d025_s1002_s42;ea_personalized;inst02_erdos_n50_k8_d025_s1002;experiments\20260618_124336_best_configs\instances\inst02_erdos_n50_k8_d025_s1002.txt;erdos;50;8;280;0.25;1002;42;50000;5;144;2;2;8021.21;12985.2882;generation
0008_ea_personalized_inst02_erdos_n50_k8_d025_s1002_s42;ea_personalized;inst02_erdos_n50_k8_d025_s1002;experiments\20260618_124336_best_configs\instances\inst02_erdos_n50_k8_d025_s1002.txt;erdos;50;8;280;0.25;1002;42;50000;6;176;2;2;8757.56;13753.93943;generation
0008_ea_personalized_inst02_erdos_n50_k8_d025_s1002_s42;ea_personalized;inst02_erdos_n50_k8_d025_s1002;experiments\20260618_124336_best_configs\instances\inst02_erdos_n50_k8_d025_s1002.txt;erdos;50;8;280;0.25;1002;42;50000;7;201;2;2;6518.89;11360.71214;generation
0008_ea_personalized_inst02_erdos_n50_k8_d025_s1002_s42;ea_personalized;inst02_erdos_n50_k8_d025_s1002;experiments\20260618_124336_best_configs\instances\inst02_erdos_n50_k8_d025_s1002.txt;erdos;50;8;280;0.25;1002;42;50000;8;228;2;2;6828.55;10598.02859;generation
0008_ea_personalized_inst02_erdos_n50_k8_d025_s1002_s42;ea_personalized;inst02_erdos_n50_k8_d025_s1002;experiments\20260618_124336_best_configs\instances\inst02_erdos_n50_k8_d025_s1002.txt;erdos;50;8;280;0.25;1002;42;50000;9;257;0;0;8006.29;12537.92217;generation
0008_ea_personalized_inst02_erdos_n50_k8_d025_s1002_s42;ea_personalized;inst02_erdos_n50_k8_d025_s1002;experiments\20260618_124336_best_configs\instances\inst02_erdos_n50_k8_d025_s1002.txt;erdos;50;8;280;0.25;1002;42;50000;10;288;0;0;6718.11;10721.14643;generation
0008_ea_personalized_inst02_erdos_n50_k8_d025_s1002_s42;ea_personalized;inst02_erdos_n50_k8_d025_s1002;experiments\20260618_124336_best_configs\instances\inst02_erdos_n50_k8_d025_s1002.txt;erdos;50;8;280;0.25;1002;42;50000;11;320;0;0;6505.16;11462.62377;generation
0008_ea_personalized_inst02_erdos_n50_k8_d025_s1002_s42;ea_personalized;inst02_erdos_n50_k8_d025_s1002;experiments\20260618_124336_best_configs\instances\inst02_erdos_n50_k8_d025_s1002.txt;erdos;50;8;280;0.25;1002;42;50000;12;342;0;0;5333.17;9098.045704;generation
0008_ea_personalized_inst02_erdos_n50_k8_d025_s1002_s42;ea_personalized;inst02_erdos_n50_k8_d025_s1002;experiments\20260618_124336_best_configs\instances\inst02_erdos_n50_k8_d025_s1002.txt;erdos;50;8;280;0.25;1002;42;50000;13;379;0;0;7678.89;10968.42442;generation
0008_ea_personalized_inst02_erdos_n50_k8_d025_s1002_s42;ea_personalized;inst02_erdos_n50_k8_d025_s1002;experiments\20260618_124336_best_configs\instances\inst02_erdos_n50_k8_d025_s1002.txt;erdos;50;8;280;0.25;1002;42;50000;14;420;0;0;7469.66;10802.34092;generation
0008_ea_personalized_inst02_erdos_n50_k8_d025_s1002_s42;ea_personalized;inst02_erdos_n50_k8_d025_s1002;experiments\20260618_124336_best_configs\instances\inst02_erdos_n50_k8_d025_s1002.txt;erdos;50;8;280;0.25;1002;42;50000;15;442;0;0;6189.72;10671.60072;generation
0008_ea_personalized_inst02_erdos_n50_k8_d025_s1002_s42;ea_personalized;inst02_erdos_n50_k8_d025_s1002;experiments\20260618_124336_best_configs\instances\inst02_erdos_n50_k8_d025_s1002.txt;erdos;50;8;280;0.25;1002;42;50000;16;467;0;0;6608.44;10735.40147;generation
0008_ea_personalized_inst02_erdos_n50_k8_d025_s1002_s42;ea_personalized;inst02_erdos_n50_k8_d025_s1002;experiments\20260618_124336_best_configs\instances\inst02_erdos_n50_k8_d025_s1002.txt;erdos;50;8;280;0.25;1002;42;50000;17;494;0;0;7137.37;12874.89436;generation
0008_ea_personalized_inst02_erdos_n50_k8_d025_s1002_s42;ea_personalized;inst02_erdos_n50_k8_d025_s1002;experiments\20260618_124336_best_configs\instances\inst02_erdos_n50_k8_d025_s1002.txt;erdos;50;8;280;0.25;1002;42;50000;18;518;0;0;9593.41;11903.01786;generation
0008_ea_personalized_inst02_erdos_n50_k8_d025_s1002_s42;ea_personalized;inst02_erdos_n50_k8_d025_s1002;experiments\20260618_124336_best_configs\instances\inst02_erdos_n50_k8_d025_s1002.txt;erdos;50;8;280;0.25;1002;42;50000;19;543;0;0;8633.64;12114.19145;generation
0008_ea_personalized_inst02_erdos_n50_k8_d025_s1002_s42;ea_personalized;inst02_erdos_n50_k8_d025_s1002;experiments\20260618_124336_best_configs\instances\inst02_erdos_n50_k8_d025_s1002.txt;erdos;50;8;280;0.25;1002;42;50000;20;565;0;0;5332.12;10601.50663;generation
0008_ea_personalized_inst02_erdos_n50_k8_d025_s1002_s42;ea_personalized;inst02_erdos_n50_k8_d025_s1002;experiments\20260618_124336_best_configs\instances\inst02_erdos_n50_k8_d025_s1002.txt;erdos;50;8;280;0.25;1002;42;50000;21;583;0;0;8953.66;11832.19692;generation
0008_ea_personalized_inst02_erdos_n50_k8_d025_s1002_s42;ea_personalized;inst02_erdos_n50_k8_d025_s1002;experiments\20260618_124336_best_configs\instances\inst02_erdos_n50_k8_d025_s1002.txt;erdos;50;8;280;0.25;1002;42;50000;22;605;0;0;8631.2;12210.52118;generation
0008_ea_personalized_inst02_erdos_n50_k8_d025_s1002_s42;ea_personalized;inst02_erdos_n50_k8_d025_s1002;experiments\20260618_124336_best_configs\instances\inst02_erdos_n50_k8_d025_s1002.txt;erdos;50;8;280;0.25;1002;42;50000;23;632;0;0;8526.69;12417.40391;generation
0008_ea_personalized_inst02_erdos_n50_k8_d025_s1002_s42;ea_personalized;inst02_erdos_n50_k8_d025_s1002;experiments\20260618_124336_best_configs\instances\inst02_erdos_n50_k8_d025_s1002.txt;erdos;50;8;280;0.25;1002;42;50000;24;659;0;0;8415.78;12538.21939;generation
0008_ea_personalized_inst02_erdos_n50_k8_d025_s1002_s42;ea_personalized;inst02_erdos_n50_k8_d025_s1002;experiments\20260618_124336_best_configs\instances\inst02_erdos_n50_k8_d025_s1002.txt;erdos;50;8;280;0.25;1002;42;50000;25;688;0;0;7567.06;11298.80614;generation
0008_ea_personalized_inst02_erdos_n50_k8_d025_s1002_s42;ea_personalized;inst02_erdos_n50_k8_d025_s1002;experiments\20260618_124336_best_configs\instances\inst02_erdos_n50_k8_d025_s1002.txt;erdos;50;8;280;0.25;1002;42;50000;26;714;0;0;9911.37;13904.16945;generation
0008_ea_personalized_inst02_erdos_n50_k8_d025_s1002_s42;ea_personalized;inst02_erdos_n50_k8_d025_s1002;experiments\20260618_124336_best_configs\instances\inst02_erdos_n50_k8_d025_s1002.txt;erdos;50;8;280;0.25;1002;42;50000;27;744;0;0;9589.42;12555.06012;generation
0008_ea_personalized_inst02_erdos_n50_k8_d025_s1002_s42;ea_personalized;inst02_erdos_n50_k8_d025_s1002;experiments\20260618_124336_best_configs\instances\inst02_erdos_n50_k8_d025_s1002.txt;erdos;50;8;280;0.25;1002;42;50000;28;774;0;0;8097.21;13055.33986;generation
0008_ea_personalized_inst02_erdos_n50_k8_d025_s1002_s42;ea_personalized;inst02_erdos_n50_k8_d025_s1002;experiments\20260618_124336_best_configs\instances\inst02_erdos_n50_k8_d025_s1002.txt;erdos;50;8;280;0.25;1002;42;50000;29;801;0;0;6825.3;11810.09586;generation
0008_ea_personalized_inst02_erdos_n50_k8_d025_s1002_s42;ea_personalized;inst02_erdos_n50_k8_d025_s1002;experiments\20260618_124336_best_configs\instances\inst02_erdos_n50_k8_d025_s1002.txt;erdos;50;8;280;0.25;1002;42;50000;30;832;0;0;6714.86;11235.34228;generation
0008_ea_personalized_inst02_erdos_n50_k8_d025_s1002_s42;ea_personalized;inst02_erdos_n50_k8_d025_s1002;experiments\20260618_124336_best_configs\instances\inst02_erdos_n50_k8_d025_s1002.txt;erdos;50;8;280;0.25;1002;42;50000;31;860;0;0;9590.25;13678.42194;generation
0008_ea_personalized_inst02_erdos_n50_k8_d025_s1002_s42;ea_personalized;inst02_erdos_n50_k8_d025_s1002;experiments\20260618_124336_best_configs\instances\inst02_erdos_n50_k8_d025_s1002.txt;erdos;50;8;280;0.25;1002;42;50000;32;885;0;0;8633.84;12573.16735;generation
0008_ea_personalized_inst02_erdos_n50_k8_d025_s1002_s42;ea_personalized;inst02_erdos_n50_k8_d025_s1002;experiments\20260618_124336_best_configs\instances\inst02_erdos_n50_k8_d025_s1002.txt;erdos;50;8;280;0.25;1002;42;50000;33;912;0;0;7993.34;11505.25344;generation
0008_ea_personalized_inst02_erdos_n50_k8_d025_s1002_s42;ea_personalized;inst02_erdos_n50_k8_d025_s1002;experiments\20260618_124336_best_configs\instances\inst02_erdos_n50_k8_d025_s1002.txt;erdos;50;8;280;0.25;1002;42;50000;34;935;0;0;7035.5;10777.51189;generation
0008_ea_personalized_inst02_erdos_n50_k8_d025_s1002_s42;ea_personalized;inst02_erdos_n50_k8_d025_s1002;experiments\20260618_124336_best_configs\instances\inst02_erdos_n50_k8_d025_s1002.txt;erdos;50;8;280;0.25;1002;42;50000;35;961;0;0;6606.06;11933.498;generation
0008_ea_personalized_inst02_erdos_n50_k8_d025_s1002_s42;ea_personalized;inst02_erdos_n50_k8_d025_s1002;experiments\20260618_124336_best_configs\instances\inst02_erdos_n50_k8_d025_s1002.txt;erdos;50;8;280;0.25;1002;42;50000;36;986;0;0;7779.62;12587.71632;generation
0008_ea_personalized_inst02_erdos_n50_k8_d025_s1002_s42;ea_personalized;inst02_erdos_n50_k8_d025_s1002;experiments\20260618_124336_best_configs\instances\inst02_erdos_n50_k8_d025_s1002.txt;erdos;50;8;280;0.25;1002;42;50000;37;1015;0;0;8205.49;12677.32405;generation
0008_ea_personalized_inst02_erdos_n50_k8_d025_s1002_s42;ea_personalized;inst02_erdos_n50_k8_d025_s1002;experiments\20260618_124336_best_configs\instances\inst02_erdos_n50_k8_d025_s1002.txt;erdos;50;8;280;0.25;1002;42;50000;38;1065;0;0;6932.59;12544.00502;generation
0008_ea_personalized_inst02_erdos_n50_k8_d025_s1002_s42;ea_personalized;inst02_erdos_n50_k8_d025_s1002;experiments\20260618_124336_best_configs\instances\inst02_erdos_n50_k8_d025_s1002.txt;erdos;50;8;280;0.25;1002;42;50000;39;1094;0;0;7355.96;11033.13489;generation
0008_ea_personalized_inst02_erdos_n50_k8_d025_s1002_s42;ea_personalized;inst02_erdos_n50_k8_d025_s1002;experiments\20260618_124336_best_configs\instances\inst02_erdos_n50_k8_d025_s1002.txt;erdos;50;8;280;0.25;1002;42;50000;40;1125;0;0;8099.55;13226.51512;generation
0008_ea_personalized_inst02_erdos_n50_k8_d025_s1002_s42;ea_personalized;inst02_erdos_n50_k8_d025_s1002;experiments\20260618_124336_best_configs\instances\inst02_erdos_n50_k8_d025_s1002.txt;erdos;50;8;280;0.25;1002;42;50000;41;1165;0;0;7142.09;11958.98391;generation
0008_ea_personalized_inst02_erdos_n50_k8_d025_s1002_s42;ea_personalized;inst02_erdos_n50_k8_d025_s1002;experiments\20260618_124336_best_configs\instances\inst02_erdos_n50_k8_d025_s1002.txt;erdos;50;8;280;0.25;1002;42;50000;42;1197;0;0;10337.47;13082.48779;generation
0008_ea_personalized_inst02_erdos_n50_k8_d025_s1002_s42;ea_personalized;inst02_erdos_n50_k8_d025_s1002;experiments\20260618_124336_best_configs\instances\inst02_erdos_n50_k8_d025_s1002.txt;erdos;50;8;280;0.25;1002;42;50000;43;1225;0;0;7671.4;11673.6189;generation
0008_ea_personalized_inst02_erdos_n50_k8_d025_s1002_s42;ea_personalized;inst02_erdos_n50_k8_d025_s1002;experiments\20260618_124336_best_configs\instances\inst02_erdos_n50_k8_d025_s1002.txt;erdos;50;8;280;0.25;1002;42;50000;44;1257;0;0;8529.13;11469.10318;generation
0008_ea_personalized_inst02_erdos_n50_k8_d025_s1002_s42;ea_personalized;inst02_erdos_n50_k8_d025_s1002;experiments\20260618_124336_best_configs\instances\inst02_erdos_n50_k8_d025_s1002.txt;erdos;50;8;280;0.25;1002;42;50000;45;1290;0;0;9808.69;13778.61692;generation
0008_ea_personalized_inst02_erdos_n50_k8_d025_s1002_s42;ea_personalized;inst02_erdos_n50_k8_d025_s1002;experiments\20260618_124336_best_configs\instances\inst02_erdos_n50_k8_d025_s1002.txt;erdos;50;8;280;0.25;1002;42;50000;46;1317;0;0;6821.93;11118.83698;generation
0008_ea_personalized_inst02_erdos_n50_k8_d025_s1002_s42;ea_personalized;inst02_erdos_n50_k8_d025_s1002;experiments\20260618_124336_best_configs\instances\inst02_erdos_n50_k8_d025_s1002.txt;erdos;50;8;280;0.25;1002;42;50000;47;1339;0;0;7992.49;14477.15849;generation
0008_ea_personalized_inst02_erdos_n50_k8_d025_s1002_s42;ea_personalized;inst02_erdos_n50_k8_d025_s1002;experiments\20260618_124336_best_configs\instances\inst02_erdos_n50_k8_d025_s1002.txt;erdos;50;8;280;0.25;1002;42;50000;48;1360;0;0;7674.06;11175.34952;generation
0008_ea_personalized_inst02_erdos_n50_k8_d025_s1002_s42;ea_personalized;inst02_erdos_n50_k8_d025_s1002;experiments\20260618_124336_best_configs\instances\inst02_erdos_n50_k8_d025_s1002.txt;erdos;50;8;280;0.25;1002;42;50000;49;1376;0;0;6397.14;11664.04293;generation
0008_ea_personalized_inst02_erdos_n50_k8_d025_s1002_s42;ea_personalized;inst02_erdos_n50_k8_d025_s1002;experiments\20260618_124336_best_configs\instances\inst02_erdos_n50_k8_d025_s1002.txt;erdos;50;8;280;0.25;1002;42;50000;50;1398;0;0;8309.76;12919.86222;generation
0008_ea_personalized_inst02_erdos_n50_k8_d025_s1002_s42;ea_personalized;inst02_erdos_n50_k8_d025_s1002;experiments\20260618_124336_best_configs\instances\inst02_erdos_n50_k8_d025_s1002.txt;erdos;50;8;280;0.25;1002;42;50000;51;1415;0;0;8098.76;11773.27213;generation
0008_ea_personalized_inst02_erdos_n50_k8_d025_s1002_s42;ea_personalized;inst02_erdos_n50_k8_d025_s1002;experiments\20260618_124336_best_configs\instances\inst02_erdos_n50_k8_d025_s1002.txt;erdos;50;8;280;0.25;1002;42;50000;52;1435;0;0;7248.5;11554.72507;generation
0008_ea_personalized_inst02_erdos_n50_k8_d025_s1002_s42;ea_personalized;inst02_erdos_n50_k8_d025_s1002;experiments\20260618_124336_best_configs\instances\inst02_erdos_n50_k8_d025_s1002.txt;erdos;50;8;280;0.25;1002;42;50000;53;1452;0;0;6929.39;11507.39888;generation
0008_ea_personalized_inst02_erdos_n50_k8_d025_s1002_s42;ea_personalized;inst02_erdos_n50_k8_d025_s1002;experiments\20260618_124336_best_configs\instances\inst02_erdos_n50_k8_d025_s1002.txt;erdos;50;8;280;0.25;1002;42;50000;54;1471;0;0;7890.59;12742.95371;generation
0008_ea_personalized_inst02_erdos_n50_k8_d025_s1002_s42;ea_personalized;inst02_erdos_n50_k8_d025_s1002;experiments\20260618_124336_best_configs\instances\inst02_erdos_n50_k8_d025_s1002.txt;erdos;50;8;280;0.25;1002;42;50000;55;1490;0;0;7781.51;11355.41462;generation
0008_ea_personalized_inst02_erdos_n50_k8_d025_s1002_s42;ea_personalized;inst02_erdos_n50_k8_d025_s1002;experiments\20260618_124336_best_configs\instances\inst02_erdos_n50_k8_d025_s1002.txt;erdos;50;8;280;0.25;1002;42;50000;56;1507;0;0;5121.57;9703.481704;generation
0008_ea_personalized_inst02_erdos_n50_k8_d025_s1002_s42;ea_personalized;inst02_erdos_n50_k8_d025_s1002;experiments\20260618_124336_best_configs\instances\inst02_erdos_n50_k8_d025_s1002.txt;erdos;50;8;280;0.25;1002;42;50000;57;1524;0;0;8736.03;12725.13399;generation
0008_ea_personalized_inst02_erdos_n50_k8_d025_s1002_s42;ea_personalized;inst02_erdos_n50_k8_d025_s1002;experiments\20260618_124336_best_configs\instances\inst02_erdos_n50_k8_d025_s1002.txt;erdos;50;8;280;0.25;1002;42;50000;58;1541;0;0;7250.38;11255.10133;generation
0008_ea_personalized_inst02_erdos_n50_k8_d025_s1002_s42;ea_personalized;inst02_erdos_n50_k8_d025_s1002;experiments\20260618_124336_best_configs\instances\inst02_erdos_n50_k8_d025_s1002.txt;erdos;50;8;280;0.25;1002;42;50000;59;1556;0;0;7037.29;11588.469;generation
0008_ea_personalized_inst02_erdos_n50_k8_d025_s1002_s42;ea_personalized;inst02_erdos_n50_k8_d025_s1002;experiments\20260618_124336_best_configs\instances\inst02_erdos_n50_k8_d025_s1002.txt;erdos;50;8;280;0.25;1002;42;50000;60;1576;0;0;9589.82;13679.05309;generation
0008_ea_personalized_inst02_erdos_n50_k8_d025_s1002_s42;ea_personalized;inst02_erdos_n50_k8_d025_s1002;experiments\20260618_124336_best_configs\instances\inst02_erdos_n50_k8_d025_s1002.txt;erdos;50;8;280;0.25;1002;42;50000;61;1592;0;0;7463.16;11808.73215;generation
0008_ea_personalized_inst02_erdos_n50_k8_d025_s1002_s42;ea_personalized;inst02_erdos_n50_k8_d025_s1002;experiments\20260618_124336_best_configs\instances\inst02_erdos_n50_k8_d025_s1002.txt;erdos;50;8;280;0.25;1002;42;50000;62;1607;0;0;6926.79;12269.98305;generation
0008_ea_personalized_inst02_erdos_n50_k8_d025_s1002_s42;ea_personalized;inst02_erdos_n50_k8_d025_s1002;experiments\20260618_124336_best_configs\instances\inst02_erdos_n50_k8_d025_s1002.txt;erdos;50;8;280;0.25;1002;42;50000;63;1621;0;0;8951.8;13696.68116;generation
0008_ea_personalized_inst02_erdos_n50_k8_d025_s1002_s42;ea_personalized;inst02_erdos_n50_k8_d025_s1002;experiments\20260618_124336_best_configs\instances\inst02_erdos_n50_k8_d025_s1002.txt;erdos;50;8;280;0.25;1002;42;50000;64;1635;0;0;7038.94;11973.27703;generation
0008_ea_personalized_inst02_erdos_n50_k8_d025_s1002_s42;ea_personalized;inst02_erdos_n50_k8_d025_s1002;experiments\20260618_124336_best_configs\instances\inst02_erdos_n50_k8_d025_s1002.txt;erdos;50;8;280;0.25;1002;42;50000;65;1649;0;0;8956.27;12209.59172;generation
0008_ea_personalized_inst02_erdos_n50_k8_d025_s1002_s42;ea_personalized;inst02_erdos_n50_k8_d025_s1002;experiments\20260618_124336_best_configs\instances\inst02_erdos_n50_k8_d025_s1002.txt;erdos;50;8;280;0.25;1002;42;50000;66;1665;0;0;6724.19;12295.58145;generation
0008_ea_personalized_inst02_erdos_n50_k8_d025_s1002_s42;ea_personalized;inst02_erdos_n50_k8_d025_s1002;experiments\20260618_124336_best_configs\instances\inst02_erdos_n50_k8_d025_s1002.txt;erdos;50;8;280;0.25;1002;42;50000;67;1678;0;0;6717.14;11825.33912;generation
0008_ea_personalized_inst02_erdos_n50_k8_d025_s1002_s42;ea_personalized;inst02_erdos_n50_k8_d025_s1002;experiments\20260618_124336_best_configs\instances\inst02_erdos_n50_k8_d025_s1002.txt;erdos;50;8;280;0.25;1002;42;50000;68;1693;0;0;7460.54;11905.17546;generation
0008_ea_personalized_inst02_erdos_n50_k8_d025_s1002_s42;ea_personalized;inst02_erdos_n50_k8_d025_s1002;experiments\20260618_124336_best_configs\instances\inst02_erdos_n50_k8_d025_s1002.txt;erdos;50;8;280;0.25;1002;42;50000;69;1707;0;0;8737.79;13164.9683;generation
0008_ea_personalized_inst02_erdos_n50_k8_d025_s1002_s42;ea_personalized;inst02_erdos_n50_k8_d025_s1002;experiments\20260618_124336_best_configs\instances\inst02_erdos_n50_k8_d025_s1002.txt;erdos;50;8;280;0.25;1002;42;50000;70;1721;0;0;6076.82;10460.18508;generation
0008_ea_personalized_inst02_erdos_n50_k8_d025_s1002_s42;ea_personalized;inst02_erdos_n50_k8_d025_s1002;experiments\20260618_124336_best_configs\instances\inst02_erdos_n50_k8_d025_s1002.txt;erdos;50;8;280;0.25;1002;42;50000;71;1735;0;0;7250.31;11255.00465;generation
0008_ea_personalized_inst02_erdos_n50_k8_d025_s1002_s42;ea_personalized;inst02_erdos_n50_k8_d025_s1002;experiments\20260618_124336_best_configs\instances\inst02_erdos_n50_k8_d025_s1002.txt;erdos;50;8;280;0.25;1002;42;50000;72;1749;0;0;8954.07;13275.68015;generation
0008_ea_personalized_inst02_erdos_n50_k8_d025_s1002_s42;ea_personalized;inst02_erdos_n50_k8_d025_s1002;experiments\20260618_124336_best_configs\instances\inst02_erdos_n50_k8_d025_s1002.txt;erdos;50;8;280;0.25;1002;42;50000;73;1762;0;0;6395.69;10326.44783;generation
0008_ea_personalized_inst02_erdos_n50_k8_d025_s1002_s42;ea_personalized;inst02_erdos_n50_k8_d025_s1002;experiments\20260618_124336_best_configs\instances\inst02_erdos_n50_k8_d025_s1002.txt;erdos;50;8;280;0.25;1002;42;50000;74;1775;0;0;6604.59;10411.81172;generation
0008_ea_personalized_inst02_erdos_n50_k8_d025_s1002_s42;ea_personalized;inst02_erdos_n50_k8_d025_s1002;experiments\20260618_124336_best_configs\instances\inst02_erdos_n50_k8_d025_s1002.txt;erdos;50;8;280;0.25;1002;42;50000;75;1788;0;0;6927.85;11604.01556;generation
0008_ea_personalized_inst02_erdos_n50_k8_d025_s1002_s42;ea_personalized;inst02_erdos_n50_k8_d025_s1002;experiments\20260618_124336_best_configs\instances\inst02_erdos_n50_k8_d025_s1002.txt;erdos;50;8;280;0.25;1002;42;50000;76;1801;0;0;6393;10649.8162;generation
0008_ea_personalized_inst02_erdos_n50_k8_d025_s1002_s42;ea_personalized;inst02_erdos_n50_k8_d025_s1002;experiments\20260618_124336_best_configs\instances\inst02_erdos_n50_k8_d025_s1002.txt;erdos;50;8;280;0.25;1002;42;50000;77;1814;0;0;7355.9;11033.11745;generation
0008_ea_personalized_inst02_erdos_n50_k8_d025_s1002_s42;ea_personalized;inst02_erdos_n50_k8_d025_s1002;experiments\20260618_124336_best_configs\instances\inst02_erdos_n50_k8_d025_s1002.txt;erdos;50;8;280;0.25;1002;42;50000;78;1827;0;0;7889.7;12654.9004;generation
0008_ea_personalized_inst02_erdos_n50_k8_d025_s1002_s42;ea_personalized;inst02_erdos_n50_k8_d025_s1002;experiments\20260618_124336_best_configs\instances\inst02_erdos_n50_k8_d025_s1002.txt;erdos;50;8;280;0.25;1002;42;50000;79;1840;0;0;8206.39;11845.21419;generation
0008_ea_personalized_inst02_erdos_n50_k8_d025_s1002_s42;ea_personalized;inst02_erdos_n50_k8_d025_s1002;experiments\20260618_124336_best_configs\instances\inst02_erdos_n50_k8_d025_s1002.txt;erdos;50;8;280;0.25;1002;42;50000;80;1852;0;0;9273.5;14179.3583;generation
0008_ea_personalized_inst02_erdos_n50_k8_d025_s1002_s42;ea_personalized;inst02_erdos_n50_k8_d025_s1002;experiments\20260618_124336_best_configs\instances\inst02_erdos_n50_k8_d025_s1002.txt;erdos;50;8;280;0.25;1002;42;50000;81;1865;0;0;6612.82;10301.14653;generation
0008_ea_personalized_inst02_erdos_n50_k8_d025_s1002_s42;ea_personalized;inst02_erdos_n50_k8_d025_s1002;experiments\20260618_124336_best_configs\instances\inst02_erdos_n50_k8_d025_s1002.txt;erdos;50;8;280;0.25;1002;42;50000;82;1877;0;0;6822.41;9935.570357;generation
0008_ea_personalized_inst02_erdos_n50_k8_d025_s1002_s42;ea_personalized;inst02_erdos_n50_k8_d025_s1002;experiments\20260618_124336_best_configs\instances\inst02_erdos_n50_k8_d025_s1002.txt;erdos;50;8;280;0.25;1002;42;50000;83;1892;0;0;6827.34;11812.00319;generation
0008_ea_personalized_inst02_erdos_n50_k8_d025_s1002_s42;ea_personalized;inst02_erdos_n50_k8_d025_s1002;experiments\20260618_124336_best_configs\instances\inst02_erdos_n50_k8_d025_s1002.txt;erdos;50;8;280;0.25;1002;42;50000;84;1906;0;0;7890.79;11228.09379;generation
0008_ea_personalized_inst02_erdos_n50_k8_d025_s1002_s42;ea_personalized;inst02_erdos_n50_k8_d025_s1002;experiments\20260618_124336_best_configs\instances\inst02_erdos_n50_k8_d025_s1002.txt;erdos;50;8;280;0.25;1002;42;50000;85;1919;0;0;8528.72;12416.31282;generation
0008_ea_personalized_inst02_erdos_n50_k8_d025_s1002_s42;ea_personalized;inst02_erdos_n50_k8_d025_s1002;experiments\20260618_124336_best_configs\instances\inst02_erdos_n50_k8_d025_s1002.txt;erdos;50;8;280;0.25;1002;42;50000;86;1932;0;0;6930.74;11892.84918;generation
0008_ea_personalized_inst02_erdos_n50_k8_d025_s1002_s42;ea_personalized;inst02_erdos_n50_k8_d025_s1002;experiments\20260618_124336_best_configs\instances\inst02_erdos_n50_k8_d025_s1002.txt;erdos;50;8;280;0.25;1002;42;50000;87;1943;0;0;8103.66;13060.70211;generation
0008_ea_personalized_inst02_erdos_n50_k8_d025_s1002_s42;ea_personalized;inst02_erdos_n50_k8_d025_s1002;experiments\20260618_124336_best_configs\instances\inst02_erdos_n50_k8_d025_s1002.txt;erdos;50;8;280;0.25;1002;42;50000;88;1955;0;0;8740.59;12451.03221;generation
0008_ea_personalized_inst02_erdos_n50_k8_d025_s1002_s42;ea_personalized;inst02_erdos_n50_k8_d025_s1002;experiments\20260618_124336_best_configs\instances\inst02_erdos_n50_k8_d025_s1002.txt;erdos;50;8;280;0.25;1002;42;50000;89;1968;0;0;6182.77;10121.47193;generation
0008_ea_personalized_inst02_erdos_n50_k8_d025_s1002_s42;ea_personalized;inst02_erdos_n50_k8_d025_s1002;experiments\20260618_124336_best_configs\instances\inst02_erdos_n50_k8_d025_s1002.txt;erdos;50;8;280;0.25;1002;42;50000;90;1980;0;0;7779.97;11650.38643;generation
0008_ea_personalized_inst02_erdos_n50_k8_d025_s1002_s42;ea_personalized;inst02_erdos_n50_k8_d025_s1002;experiments\20260618_124336_best_configs\instances\inst02_erdos_n50_k8_d025_s1002.txt;erdos;50;8;280;0.25;1002;42;50000;91;1993;0;0;7885.59;12747.70181;generation
0008_ea_personalized_inst02_erdos_n50_k8_d025_s1002_s42;ea_personalized;inst02_erdos_n50_k8_d025_s1002;experiments\20260618_124336_best_configs\instances\inst02_erdos_n50_k8_d025_s1002.txt;erdos;50;8;280;0.25;1002;42;50000;92;2006;0;0;5759.16;9811.284876;generation
0008_ea_personalized_inst02_erdos_n50_k8_d025_s1002_s42;ea_personalized;inst02_erdos_n50_k8_d025_s1002;experiments\20260618_124336_best_configs\instances\inst02_erdos_n50_k8_d025_s1002.txt;erdos;50;8;280;0.25;1002;42;50000;93;2019;0;0;7992.17;11804.6246;generation
0008_ea_personalized_inst02_erdos_n50_k8_d025_s1002_s42;ea_personalized;inst02_erdos_n50_k8_d025_s1002;experiments\20260618_124336_best_configs\instances\inst02_erdos_n50_k8_d025_s1002.txt;erdos;50;8;280;0.25;1002;42;50000;94;2031;0;0;9590.64;14170.47891;generation
0008_ea_personalized_inst02_erdos_n50_k8_d025_s1002_s42;ea_personalized;inst02_erdos_n50_k8_d025_s1002;experiments\20260618_124336_best_configs\instances\inst02_erdos_n50_k8_d025_s1002.txt;erdos;50;8;280;0.25;1002;42;50000;95;2043;0;0;8418.06;12263.77693;generation
0008_ea_personalized_inst02_erdos_n50_k8_d025_s1002_s42;ea_personalized;inst02_erdos_n50_k8_d025_s1002;experiments\20260618_124336_best_configs\instances\inst02_erdos_n50_k8_d025_s1002.txt;erdos;50;8;280;0.25;1002;42;50000;96;2056;0;0;6927.28;11506.03389;generation
0008_ea_personalized_inst02_erdos_n50_k8_d025_s1002_s42;ea_personalized;inst02_erdos_n50_k8_d025_s1002;experiments\20260618_124336_best_configs\instances\inst02_erdos_n50_k8_d025_s1002.txt;erdos;50;8;280;0.25;1002;42;50000;97;2069;0;0;7353.11;12206.42216;generation
0008_ea_personalized_inst02_erdos_n50_k8_d025_s1002_s42;ea_personalized;inst02_erdos_n50_k8_d025_s1002;experiments\20260618_124336_best_configs\instances\inst02_erdos_n50_k8_d025_s1002.txt;erdos;50;8;280;0.25;1002;42;50000;98;2081;0;0;5543.76;10804.89849;generation
0008_ea_personalized_inst02_erdos_n50_k8_d025_s1002_s42;ea_personalized;inst02_erdos_n50_k8_d025_s1002;experiments\20260618_124336_best_configs\instances\inst02_erdos_n50_k8_d025_s1002.txt;erdos;50;8;280;0.25;1002;42;50000;99;2093;0;0;7249.82;11940.0446;generation
0008_ea_personalized_inst02_erdos_n50_k8_d025_s1002_s42;ea_personalized;inst02_erdos_n50_k8_d025_s1002;experiments\20260618_124336_best_configs\instances\inst02_erdos_n50_k8_d025_s1002.txt;erdos;50;8;280;0.25;1002;42;50000;100;2104;0;0;7354.7;12571.81561;generation
0008_ea_personalized_inst02_erdos_n50_k8_d025_s1002_s42;ea_personalized;inst02_erdos_n50_k8_d025_s1002;experiments\20260618_124336_best_configs\instances\inst02_erdos_n50_k8_d025_s1002.txt;erdos;50;8;280;0.25;1002;42;50000;101;2117;0;0;7245.56;11358.39219;generation
0008_ea_personalized_inst02_erdos_n50_k8_d025_s1002_s42;ea_personalized;inst02_erdos_n50_k8_d025_s1002;experiments\20260618_124336_best_configs\instances\inst02_erdos_n50_k8_d025_s1002.txt;erdos;50;8;280;0.25;1002;42;50000;102;2129;0;0;4908.28;8305.741281;generation
0008_ea_personalized_inst02_erdos_n50_k8_d025_s1002_s42;ea_personalized;inst02_erdos_n50_k8_d025_s1002;experiments\20260618_124336_best_configs\instances\inst02_erdos_n50_k8_d025_s1002.txt;erdos;50;8;280;0.25;1002;42;50000;103;2140;0;0;7780.73;11748.03528;generation
0008_ea_personalized_inst02_erdos_n50_k8_d025_s1002_s42;ea_personalized;inst02_erdos_n50_k8_d025_s1002;experiments\20260618_124336_best_configs\instances\inst02_erdos_n50_k8_d025_s1002.txt;erdos;50;8;280;0.25;1002;42;50000;104;2153;0;0;6392.91;10215.872;generation
0008_ea_personalized_inst02_erdos_n50_k8_d025_s1002_s42;ea_personalized;inst02_erdos_n50_k8_d025_s1002;experiments\20260618_124336_best_configs\instances\inst02_erdos_n50_k8_d025_s1002.txt;erdos;50;8;280;0.25;1002;42;50000;105;2168;0;0;6821.86;11420.85975;generation
0008_ea_personalized_inst02_erdos_n50_k8_d025_s1002_s42;ea_personalized;inst02_erdos_n50_k8_d025_s1002;experiments\20260618_124336_best_configs\instances\inst02_erdos_n50_k8_d025_s1002.txt;erdos;50;8;280;0.25;1002;42;50000;106;2182;0;0;5861.53;10583.17382;generation
0008_ea_personalized_inst02_erdos_n50_k8_d025_s1002_s42;ea_personalized;inst02_erdos_n50_k8_d025_s1002;experiments\20260618_124336_best_configs\instances\inst02_erdos_n50_k8_d025_s1002.txt;erdos;50;8;280;0.25;1002;42;50000;107;2194;0;0;8415.69;11791.83407;generation
0008_ea_personalized_inst02_erdos_n50_k8_d025_s1002_s42;ea_personalized;inst02_erdos_n50_k8_d025_s1002;experiments\20260618_124336_best_configs\instances\inst02_erdos_n50_k8_d025_s1002.txt;erdos;50;8;280;0.25;1002;42;50000;108;2209;0;0;7990.3;13502.94638;generation
0008_ea_personalized_inst02_erdos_n50_k8_d025_s1002_s42;ea_personalized;inst02_erdos_n50_k8_d025_s1002;experiments\20260618_124336_best_configs\instances\inst02_erdos_n50_k8_d025_s1002.txt;erdos;50;8;280;0.25;1002;42;50000;109;2222;0;0;7564.02;11202.44649;generation
0008_ea_personalized_inst02_erdos_n50_k8_d025_s1002_s42;ea_personalized;inst02_erdos_n50_k8_d025_s1002;experiments\20260618_124336_best_configs\instances\inst02_erdos_n50_k8_d025_s1002.txt;erdos;50;8;280;0.25;1002;42;50000;110;2237;0;0;8313.34;12470.55375;generation
0008_ea_personalized_inst02_erdos_n50_k8_d025_s1002_s42;ea_personalized;inst02_erdos_n50_k8_d025_s1002;experiments\20260618_124336_best_configs\instances\inst02_erdos_n50_k8_d025_s1002.txt;erdos;50;8;280;0.25;1002;42;50000;111;2251;0;0;6398.61;11370.10351;generation
0008_ea_personalized_inst02_erdos_n50_k8_d025_s1002_s42;ea_personalized;inst02_erdos_n50_k8_d025_s1002;experiments\20260618_124336_best_configs\instances\inst02_erdos_n50_k8_d025_s1002.txt;erdos;50;8;280;0.25;1002;42;50000;112;2265;0;0;9269.6;14581.32847;generation
0008_ea_personalized_inst02_erdos_n50_k8_d025_s1002_s42;ea_personalized;inst02_erdos_n50_k8_d025_s1002;experiments\20260618_124336_best_configs\instances\inst02_erdos_n50_k8_d025_s1002.txt;erdos;50;8;280;0.25;1002;42;50000;113;2283;0;0;8948.16;12486.36607;generation
0008_ea_personalized_inst02_erdos_n50_k8_d025_s1002_s42;ea_personalized;inst02_erdos_n50_k8_d025_s1002;experiments\20260618_124336_best_configs\instances\inst02_erdos_n50_k8_d025_s1002.txt;erdos;50;8;280;0.25;1002;42;50000;114;2301;0;0;7883.7;11822.80262;generation
0008_ea_personalized_inst02_erdos_n50_k8_d025_s1002_s42;ea_personalized;inst02_erdos_n50_k8_d025_s1002;experiments\20260618_124336_best_configs\instances\inst02_erdos_n50_k8_d025_s1002.txt;erdos;50;8;280;0.25;1002;42;50000;115;2316;0;0;9695.69;12963.56349;generation
0008_ea_personalized_inst02_erdos_n50_k8_d025_s1002_s42;ea_personalized;inst02_erdos_n50_k8_d025_s1002;experiments\20260618_124336_best_configs\instances\inst02_erdos_n50_k8_d025_s1002.txt;erdos;50;8;280;0.25;1002;42;50000;116;2329;0;0;8739.46;12177.39155;generation
0008_ea_personalized_inst02_erdos_n50_k8_d025_s1002_s42;ea_personalized;inst02_erdos_n50_k8_d025_s1002;experiments\20260618_124336_best_configs\instances\inst02_erdos_n50_k8_d025_s1002.txt;erdos;50;8;280;0.25;1002;42;50000;117;2343;0;0;7679.06;11674.09997;generation
0008_ea_personalized_inst02_erdos_n50_k8_d025_s1002_s42;ea_personalized;inst02_erdos_n50_k8_d025_s1002;experiments\20260618_124336_best_configs\instances\inst02_erdos_n50_k8_d025_s1002.txt;erdos;50;8;280;0.25;1002;42;50000;118;2357;0;0;7248.93;10419.90252;generation
0008_ea_personalized_inst02_erdos_n50_k8_d025_s1002_s42;ea_personalized;inst02_erdos_n50_k8_d025_s1002;experiments\20260618_124336_best_configs\instances\inst02_erdos_n50_k8_d025_s1002.txt;erdos;50;8;280;0.25;1002;42;50000;119;2379;0;0;7247.09;12679.95067;generation
0008_ea_personalized_inst02_erdos_n50_k8_d025_s1002_s42;ea_personalized;inst02_erdos_n50_k8_d025_s1002;experiments\20260618_124336_best_configs\instances\inst02_erdos_n50_k8_d025_s1002.txt;erdos;50;8;280;0.25;1002;42;50000;120;2403;0;0;5756.82;10148.55118;generation
0008_ea_personalized_inst02_erdos_n50_k8_d025_s1002_s42;ea_personalized;inst02_erdos_n50_k8_d025_s1002;experiments\20260618_124336_best_configs\instances\inst02_erdos_n50_k8_d025_s1002.txt;erdos;50;8;280;0.25;1002;42;50000;121;2426;0;0;5118.57;10487.28748;generation
0008_ea_personalized_inst02_erdos_n50_k8_d025_s1002_s42;ea_personalized;inst02_erdos_n50_k8_d025_s1002;experiments\20260618_124336_best_configs\instances\inst02_erdos_n50_k8_d025_s1002.txt;erdos;50;8;280;0.25;1002;42;50000;122;2451;0;0;6500.65;11557.66978;generation
0008_ea_personalized_inst02_erdos_n50_k8_d025_s1002_s42;ea_personalized;inst02_erdos_n50_k8_d025_s1002;experiments\20260618_124336_best_configs\instances\inst02_erdos_n50_k8_d025_s1002.txt;erdos;50;8;280;0.25;1002;42;50000;123;2471;0;0;7776.45;11941.15808;generation
0008_ea_personalized_inst02_erdos_n50_k8_d025_s1002_s42;ea_personalized;inst02_erdos_n50_k8_d025_s1002;experiments\20260618_124336_best_configs\instances\inst02_erdos_n50_k8_d025_s1002.txt;erdos;50;8;280;0.25;1002;42;50000;124;2495;0;0;8524.45;13129.14091;generation
0008_ea_personalized_inst02_erdos_n50_k8_d025_s1002_s42;ea_personalized;inst02_erdos_n50_k8_d025_s1002;experiments\20260618_124336_best_configs\instances\inst02_erdos_n50_k8_d025_s1002.txt;erdos;50;8;280;0.25;1002;42;50000;125;2517;0;0;8633.46;13273.85149;generation
0008_ea_personalized_inst02_erdos_n50_k8_d025_s1002_s42;ea_personalized;inst02_erdos_n50_k8_d025_s1002;experiments\20260618_124336_best_configs\instances\inst02_erdos_n50_k8_d025_s1002.txt;erdos;50;8;280;0.25;1002;42;50000;126;2538;0;0;8101.14;11280.61124;generation
0008_ea_personalized_inst02_erdos_n50_k8_d025_s1002_s42;ea_personalized;inst02_erdos_n50_k8_d025_s1002;experiments\20260618_124336_best_configs\instances\inst02_erdos_n50_k8_d025_s1002.txt;erdos;50;8;280;0.25;1002;42;50000;127;2554;0;0;7672.68;12609.01221;generation
0008_ea_personalized_inst02_erdos_n50_k8_d025_s1002_s42;ea_personalized;inst02_erdos_n50_k8_d025_s1002;experiments\20260618_124336_best_configs\instances\inst02_erdos_n50_k8_d025_s1002.txt;erdos;50;8;280;0.25;1002;42;50000;128;2572;0;0;7572.27;11198.53504;generation
0008_ea_personalized_inst02_erdos_n50_k8_d025_s1002_s42;ea_personalized;inst02_erdos_n50_k8_d025_s1002;experiments\20260618_124336_best_configs\instances\inst02_erdos_n50_k8_d025_s1002.txt;erdos;50;8;280;0.25;1002;42;50000;129;2590;0;0;6505.88;11460.88485;generation
0008_ea_personalized_inst02_erdos_n50_k8_d025_s1002_s42;ea_personalized;inst02_erdos_n50_k8_d025_s1002;experiments\20260618_124336_best_configs\instances\inst02_erdos_n50_k8_d025_s1002.txt;erdos;50;8;280;0.25;1002;42;50000;130;2611;0;0;10340.93;12818.39359;generation
0008_ea_personalized_inst02_erdos_n50_k8_d025_s1002_s42;ea_personalized;inst02_erdos_n50_k8_d025_s1002;experiments\20260618_124336_best_configs\instances\inst02_erdos_n50_k8_d025_s1002.txt;erdos;50;8;280;0.25;1002;42;50000;131;2631;0;0;7262.54;12222.1445;generation
0008_ea_personalized_inst02_erdos_n50_k8_d025_s1002_s42;ea_personalized;inst02_erdos_n50_k8_d025_s1002;experiments\20260618_124336_best_configs\instances\inst02_erdos_n50_k8_d025_s1002.txt;erdos;50;8;280;0.25;1002;42;50000;132;2647;0;0;7045.97;11488.66543;generation
0008_ea_personalized_inst02_erdos_n50_k8_d025_s1002_s42;ea_personalized;inst02_erdos_n50_k8_d025_s1002;experiments\20260618_124336_best_configs\instances\inst02_erdos_n50_k8_d025_s1002.txt;erdos;50;8;280;0.25;1002;42;50000;133;2663;0;0;8100.51;11774.00165;generation
0008_ea_personalized_inst02_erdos_n50_k8_d025_s1002_s42;ea_personalized;inst02_erdos_n50_k8_d025_s1002;experiments\20260618_124336_best_configs\instances\inst02_erdos_n50_k8_d025_s1002.txt;erdos;50;8;280;0.25;1002;42;50000;134;2679;0;0;8736.73;14863.41928;generation
0008_ea_personalized_inst02_erdos_n50_k8_d025_s1002_s42;ea_personalized;inst02_erdos_n50_k8_d025_s1002;experiments\20260618_124336_best_configs\instances\inst02_erdos_n50_k8_d025_s1002.txt;erdos;50;8;280;0.25;1002;42;50000;135;2692;0;0;6076.04;9903.623469;generation
0008_ea_personalized_inst02_erdos_n50_k8_d025_s1002_s42;ea_personalized;inst02_erdos_n50_k8_d025_s1002;experiments\20260618_124336_best_configs\instances\inst02_erdos_n50_k8_d025_s1002.txt;erdos;50;8;280;0.25;1002;42;50000;136;2713;0;0;9165.62;13135.72467;generation
0008_ea_personalized_inst02_erdos_n50_k8_d025_s1002_s42;ea_personalized;inst02_erdos_n50_k8_d025_s1002;experiments\20260618_124336_best_configs\instances\inst02_erdos_n50_k8_d025_s1002.txt;erdos;50;8;280;0.25;1002;42;50000;137;2729;0;0;4373.87;9539.342683;generation
0008_ea_personalized_inst02_erdos_n50_k8_d025_s1002_s42;ea_personalized;inst02_erdos_n50_k8_d025_s1002;experiments\20260618_124336_best_configs\instances\inst02_erdos_n50_k8_d025_s1002.txt;erdos;50;8;280;0.25;1002;42;50000;138;2747;0;0;7674.25;12241.08168;generation
0008_ea_personalized_inst02_erdos_n50_k8_d025_s1002_s42;ea_personalized;inst02_erdos_n50_k8_d025_s1002;experiments\20260618_124336_best_configs\instances\inst02_erdos_n50_k8_d025_s1002.txt;erdos;50;8;280;0.25;1002;42;50000;139;2766;0;0;6927.26;9804.445599;generation
0008_ea_personalized_inst02_erdos_n50_k8_d025_s1002_s42;ea_personalized;inst02_erdos_n50_k8_d025_s1002;experiments\20260618_124336_best_configs\instances\inst02_erdos_n50_k8_d025_s1002.txt;erdos;50;8;280;0.25;1002;42;50000;140;2779;0;0;10971.22;15171.51141;generation
0008_ea_personalized_inst02_erdos_n50_k8_d025_s1002_s42;ea_personalized;inst02_erdos_n50_k8_d025_s1002;experiments\20260618_124336_best_configs\instances\inst02_erdos_n50_k8_d025_s1002.txt;erdos;50;8;280;0.25;1002;42;50000;141;2792;0;0;7250.37;10948.88567;generation
0008_ea_personalized_inst02_erdos_n50_k8_d025_s1002_s42;ea_personalized;inst02_erdos_n50_k8_d025_s1002;experiments\20260618_124336_best_configs\instances\inst02_erdos_n50_k8_d025_s1002.txt;erdos;50;8;280;0.25;1002;42;50000;142;2806;0;0;7461.15;12372.3433;generation
0008_ea_personalized_inst02_erdos_n50_k8_d025_s1002_s42;ea_personalized;inst02_erdos_n50_k8_d025_s1002;experiments\20260618_124336_best_configs\instances\inst02_erdos_n50_k8_d025_s1002.txt;erdos;50;8;280;0.25;1002;42;50000;143;2821;0;0;9909.44;13574.92399;generation
0008_ea_personalized_inst02_erdos_n50_k8_d025_s1002_s42;ea_personalized;inst02_erdos_n50_k8_d025_s1002;experiments\20260618_124336_best_configs\instances\inst02_erdos_n50_k8_d025_s1002.txt;erdos;50;8;280;0.25;1002;42;50000;144;2838;0;0;6926.65;11307.86167;generation
0008_ea_personalized_inst02_erdos_n50_k8_d025_s1002_s42;ea_personalized;inst02_erdos_n50_k8_d025_s1002;experiments\20260618_124336_best_configs\instances\inst02_erdos_n50_k8_d025_s1002.txt;erdos;50;8;280;0.25;1002;42;50000;145;2856;0;0;6713.15;11133.95991;generation
0008_ea_personalized_inst02_erdos_n50_k8_d025_s1002_s42;ea_personalized;inst02_erdos_n50_k8_d025_s1002;experiments\20260618_124336_best_configs\instances\inst02_erdos_n50_k8_d025_s1002.txt;erdos;50;8;280;0.25;1002;42;50000;146;2876;0;0;8309.42;12290.79022;generation
0008_ea_personalized_inst02_erdos_n50_k8_d025_s1002_s42;ea_personalized;inst02_erdos_n50_k8_d025_s1002;experiments\20260618_124336_best_configs\instances\inst02_erdos_n50_k8_d025_s1002.txt;erdos;50;8;280;0.25;1002;42;50000;147;2893;0;0;7246.1;12408.26335;generation
0008_ea_personalized_inst02_erdos_n50_k8_d025_s1002_s42;ea_personalized;inst02_erdos_n50_k8_d025_s1002;experiments\20260618_124336_best_configs\instances\inst02_erdos_n50_k8_d025_s1002.txt;erdos;50;8;280;0.25;1002;42;50000;148;2919;0;0;7991.19;12177.20136;generation
0008_ea_personalized_inst02_erdos_n50_k8_d025_s1002_s42;ea_personalized;inst02_erdos_n50_k8_d025_s1002;experiments\20260618_124336_best_configs\instances\inst02_erdos_n50_k8_d025_s1002.txt;erdos;50;8;280;0.25;1002;42;50000;149;2949;0;0;7252.5;12034.09982;generation
0008_ea_personalized_inst02_erdos_n50_k8_d025_s1002_s42;ea_personalized;inst02_erdos_n50_k8_d025_s1002;experiments\20260618_124336_best_configs\instances\inst02_erdos_n50_k8_d025_s1002.txt;erdos;50;8;280;0.25;1002;42;50000;150;2975;0;0;6930.67;12268.06139;generation
0008_ea_personalized_inst02_erdos_n50_k8_d025_s1002_s42;ea_personalized;inst02_erdos_n50_k8_d025_s1002;experiments\20260618_124336_best_configs\instances\inst02_erdos_n50_k8_d025_s1002.txt;erdos;50;8;280;0.25;1002;42;50000;151;3003;0;0;9378.32;12979.14011;generation
0008_ea_personalized_inst02_erdos_n50_k8_d025_s1002_s42;ea_personalized;inst02_erdos_n50_k8_d025_s1002;experiments\20260618_124336_best_configs\instances\inst02_erdos_n50_k8_d025_s1002.txt;erdos;50;8;280;0.25;1002;42;50000;152;3026;0;0;10017.63;13454.80741;generation
0008_ea_personalized_inst02_erdos_n50_k8_d025_s1002_s42;ea_personalized;inst02_erdos_n50_k8_d025_s1002;experiments\20260618_124336_best_configs\instances\inst02_erdos_n50_k8_d025_s1002.txt;erdos;50;8;280;0.25;1002;42;50000;153;3056;0;0;6715.96;10509.2971;generation
0008_ea_personalized_inst02_erdos_n50_k8_d025_s1002_s42;ea_personalized;inst02_erdos_n50_k8_d025_s1002;experiments\20260618_124336_best_configs\instances\inst02_erdos_n50_k8_d025_s1002.txt;erdos;50;8;280;0.25;1002;42;50000;154;3085;0;0;7460.41;11117.11545;generation
0008_ea_personalized_inst02_erdos_n50_k8_d025_s1002_s42;ea_personalized;inst02_erdos_n50_k8_d025_s1002;experiments\20260618_124336_best_configs\instances\inst02_erdos_n50_k8_d025_s1002.txt;erdos;50;8;280;0.25;1002;42;50000;155;3120;0;0;7245.76;11359.22527;generation
0008_ea_personalized_inst02_erdos_n50_k8_d025_s1002_s42;ea_personalized;inst02_erdos_n50_k8_d025_s1002;experiments\20260618_124336_best_configs\instances\inst02_erdos_n50_k8_d025_s1002.txt;erdos;50;8;280;0.25;1002;42;50000;156;3153;0;0;7883.28;11823.20399;generation
0008_ea_personalized_inst02_erdos_n50_k8_d025_s1002_s42;ea_personalized;inst02_erdos_n50_k8_d025_s1002;experiments\20260618_124336_best_configs\instances\inst02_erdos_n50_k8_d025_s1002.txt;erdos;50;8;280;0.25;1002;42;50000;157;3189;0;0;9162.17;11765.31596;generation
0008_ea_personalized_inst02_erdos_n50_k8_d025_s1002_s42;ea_personalized;inst02_erdos_n50_k8_d025_s1002;experiments\20260618_124336_best_configs\instances\inst02_erdos_n50_k8_d025_s1002.txt;erdos;50;8;280;0.25;1002;42;50000;158;3222;0;0;9482.35;12502.34632;generation
0008_ea_personalized_inst02_erdos_n50_k8_d025_s1002_s42;ea_personalized;inst02_erdos_n50_k8_d025_s1002;experiments\20260618_124336_best_configs\instances\inst02_erdos_n50_k8_d025_s1002.txt;erdos;50;8;280;0.25;1002;42;50000;159;3251;0;0;5757.81;10585.67645;generation
0008_ea_personalized_inst02_erdos_n50_k8_d025_s1002_s42;ea_personalized;inst02_erdos_n50_k8_d025_s1002;experiments\20260618_124336_best_configs\instances\inst02_erdos_n50_k8_d025_s1002.txt;erdos;50;8;280;0.25;1002;42;50000;160;3280;0;0;7247.6;12858.38857;generation
0008_ea_personalized_inst02_erdos_n50_k8_d025_s1002_s42;ea_personalized;inst02_erdos_n50_k8_d025_s1002;experiments\20260618_124336_best_configs\instances\inst02_erdos_n50_k8_d025_s1002.txt;erdos;50;8;280;0.25;1002;42;50000;161;3308;0;0;9159.97;12513.82471;generation
0008_ea_personalized_inst02_erdos_n50_k8_d025_s1002_s42;ea_personalized;inst02_erdos_n50_k8_d025_s1002;experiments\20260618_124336_best_configs\instances\inst02_erdos_n50_k8_d025_s1002.txt;erdos;50;8;280;0.25;1002;42;50000;162;3342;0;0;7991.01;11604.76781;generation
0008_ea_personalized_inst02_erdos_n50_k8_d025_s1002_s42;ea_personalized;inst02_erdos_n50_k8_d025_s1002;experiments\20260618_124336_best_configs\instances\inst02_erdos_n50_k8_d025_s1002.txt;erdos;50;8;280;0.25;1002;42;50000;163;3372;0;0;8738.32;12176.26224;generation
0008_ea_personalized_inst02_erdos_n50_k8_d025_s1002_s42;ea_personalized;inst02_erdos_n50_k8_d025_s1002;experiments\20260618_124336_best_configs\instances\inst02_erdos_n50_k8_d025_s1002.txt;erdos;50;8;280;0.25;1002;42;50000;164;3402;0;0;8848.55;14050.18926;generation
0008_ea_personalized_inst02_erdos_n50_k8_d025_s1002_s42;ea_personalized;inst02_erdos_n50_k8_d025_s1002;experiments\20260618_124336_best_configs\instances\inst02_erdos_n50_k8_d025_s1002.txt;erdos;50;8;280;0.25;1002;42;50000;165;3434;0;0;7249.42;11652.69462;generation
0008_ea_personalized_inst02_erdos_n50_k8_d025_s1002_s42;ea_personalized;inst02_erdos_n50_k8_d025_s1002;experiments\20260618_124336_best_configs\instances\inst02_erdos_n50_k8_d025_s1002.txt;erdos;50;8;280;0.25;1002;42;50000;166;3470;0;0;10334.9;13085.79552;generation
0008_ea_personalized_inst02_erdos_n50_k8_d025_s1002_s42;ea_personalized;inst02_erdos_n50_k8_d025_s1002;experiments\20260618_124336_best_configs\instances\inst02_erdos_n50_k8_d025_s1002.txt;erdos;50;8;280;0.25;1002;42;50000;167;3499;0;0;9269.26;13525.7209;generation
0008_ea_personalized_inst02_erdos_n50_k8_d025_s1002_s42;ea_personalized;inst02_erdos_n50_k8_d025_s1002;experiments\20260618_124336_best_configs\instances\inst02_erdos_n50_k8_d025_s1002.txt;erdos;50;8;280;0.25;1002;42;50000;168;3533;0;0;8531.69;12136.81633;generation
0008_ea_personalized_inst02_erdos_n50_k8_d025_s1002_s42;ea_personalized;inst02_erdos_n50_k8_d025_s1002;experiments\20260618_124336_best_configs\instances\inst02_erdos_n50_k8_d025_s1002.txt;erdos;50;8;280;0.25;1002;42;50000;169;3566;0;0;5557.82;10269.57905;generation
0008_ea_personalized_inst02_erdos_n50_k8_d025_s1002_s42;ea_personalized;inst02_erdos_n50_k8_d025_s1002;experiments\20260618_124336_best_configs\instances\inst02_erdos_n50_k8_d025_s1002.txt;erdos;50;8;280;0.25;1002;42;50000;170;3592;0;0;7889.17;11231.84858;generation
0008_ea_personalized_inst02_erdos_n50_k8_d025_s1002_s42;ea_personalized;inst02_erdos_n50_k8_d025_s1002;experiments\20260618_124336_best_configs\instances\inst02_erdos_n50_k8_d025_s1002.txt;erdos;50;8;280;0.25;1002;42;50000;171;3627;0;0;8740.09;13832.61054;generation
0008_ea_personalized_inst02_erdos_n50_k8_d025_s1002_s42;ea_personalized;inst02_erdos_n50_k8_d025_s1002;experiments\20260618_124336_best_configs\instances\inst02_erdos_n50_k8_d025_s1002.txt;erdos;50;8;280;0.25;1002;42;50000;172;3660;0;0;6606.58;10190.72514;generation
0008_ea_personalized_inst02_erdos_n50_k8_d025_s1002_s42;ea_personalized;inst02_erdos_n50_k8_d025_s1002;experiments\20260618_124336_best_configs\instances\inst02_erdos_n50_k8_d025_s1002.txt;erdos;50;8;280;0.25;1002;42;50000;173;3689;0;0;10019.2;13112.61055;generation
0008_ea_personalized_inst02_erdos_n50_k8_d025_s1002_s42;ea_personalized;inst02_erdos_n50_k8_d025_s1002;experiments\20260618_124336_best_configs\instances\inst02_erdos_n50_k8_d025_s1002.txt;erdos;50;8;280;0.25;1002;42;50000;174;3709;0;0;7680.68;12240.131;generation
0008_ea_personalized_inst02_erdos_n50_k8_d025_s1002_s42;ea_personalized;inst02_erdos_n50_k8_d025_s1002;experiments\20260618_124336_best_configs\instances\inst02_erdos_n50_k8_d025_s1002.txt;erdos;50;8;280;0.25;1002;42;50000;175;3744;0;0;8208.28;12218.95;generation
0008_ea_personalized_inst02_erdos_n50_k8_d025_s1002_s42;ea_personalized;inst02_erdos_n50_k8_d025_s1002;experiments\20260618_124336_best_configs\instances\inst02_erdos_n50_k8_d025_s1002.txt;erdos;50;8;280;0.25;1002;42;50000;176;3773;0;0;6930.88;10896.47099;generation
0008_ea_personalized_inst02_erdos_n50_k8_d025_s1002_s42;ea_personalized;inst02_erdos_n50_k8_d025_s1002;experiments\20260618_124336_best_configs\instances\inst02_erdos_n50_k8_d025_s1002.txt;erdos;50;8;280;0.25;1002;42;50000;177;3820;0;0;7461.16;10805.84239;generation
0008_ea_personalized_inst02_erdos_n50_k8_d025_s1002_s42;ea_personalized;inst02_erdos_n50_k8_d025_s1002;experiments\20260618_124336_best_configs\instances\inst02_erdos_n50_k8_d025_s1002.txt;erdos;50;8;280;0.25;1002;42;50000;178;3863;0;0;7356.33;11827.68177;generation
0008_ea_personalized_inst02_erdos_n50_k8_d025_s1002_s42;ea_personalized;inst02_erdos_n50_k8_d025_s1002;experiments\20260618_124336_best_configs\instances\inst02_erdos_n50_k8_d025_s1002.txt;erdos;50;8;280;0.25;1002;42;50000;179;3899;0;0;7990.73;11702.3053;generation
0008_ea_personalized_inst02_erdos_n50_k8_d025_s1002_s42;ea_personalized;inst02_erdos_n50_k8_d025_s1002;experiments\20260618_124336_best_configs\instances\inst02_erdos_n50_k8_d025_s1002.txt;erdos;50;8;280;0.25;1002;42;50000;180;3949;0;0;6396.83;11065.45583;generation
0008_ea_personalized_inst02_erdos_n50_k8_d025_s1002_s42;ea_personalized;inst02_erdos_n50_k8_d025_s1002;experiments\20260618_124336_best_configs\instances\inst02_erdos_n50_k8_d025_s1002.txt;erdos;50;8;280;0.25;1002;42;50000;181;3996;0;0;6501.21;10315.58294;generation
0008_ea_personalized_inst02_erdos_n50_k8_d025_s1002_s42;ea_personalized;inst02_erdos_n50_k8_d025_s1002;experiments\20260618_124336_best_configs\instances\inst02_erdos_n50_k8_d025_s1002.txt;erdos;50;8;280;0.25;1002;42;50000;182;4034;0;0;10440.58;13801.85615;generation
0008_ea_personalized_inst02_erdos_n50_k8_d025_s1002_s42;ea_personalized;inst02_erdos_n50_k8_d025_s1002;experiments\20260618_124336_best_configs\instances\inst02_erdos_n50_k8_d025_s1002.txt;erdos;50;8;280;0.25;1002;42;50000;183;4073;0;0;8100.65;10552.36071;generation
0008_ea_personalized_inst02_erdos_n50_k8_d025_s1002_s42;ea_personalized;inst02_erdos_n50_k8_d025_s1002;experiments\20260618_124336_best_configs\instances\inst02_erdos_n50_k8_d025_s1002.txt;erdos;50;8;280;0.25;1002;42;50000;184;4112;0;0;8523.69;11669.70277;generation
0008_ea_personalized_inst02_erdos_n50_k8_d025_s1002_s42;ea_personalized;inst02_erdos_n50_k8_d025_s1002;experiments\20260618_124336_best_configs\instances\inst02_erdos_n50_k8_d025_s1002.txt;erdos;50;8;280;0.25;1002;42;50000;185;4152;0;0;10227.68;13718.38861;generation
0008_ea_personalized_inst02_erdos_n50_k8_d025_s1002_s42;ea_personalized;inst02_erdos_n50_k8_d025_s1002;experiments\20260618_124336_best_configs\instances\inst02_erdos_n50_k8_d025_s1002.txt;erdos;50;8;280;0.25;1002;42;50000;186;4195;0;0;6927.49;11604.08503;generation
0008_ea_personalized_inst02_erdos_n50_k8_d025_s1002_s42;ea_personalized;inst02_erdos_n50_k8_d025_s1002;experiments\20260618_124336_best_configs\instances\inst02_erdos_n50_k8_d025_s1002.txt;erdos;50;8;280;0.25;1002;42;50000;187;4240;0;0;7777.5;10633.99286;generation
0008_ea_personalized_inst02_erdos_n50_k8_d025_s1002_s42;ea_personalized;inst02_erdos_n50_k8_d025_s1002;experiments\20260618_124336_best_configs\instances\inst02_erdos_n50_k8_d025_s1002.txt;erdos;50;8;280;0.25;1002;42;50000;188;4276;0;0;6823.33;10912.95016;generation
0008_ea_personalized_inst02_erdos_n50_k8_d025_s1002_s42;ea_personalized;inst02_erdos_n50_k8_d025_s1002;experiments\20260618_124336_best_configs\instances\inst02_erdos_n50_k8_d025_s1002.txt;erdos;50;8;280;0.25;1002;42;50000;189;4325;0;0;9060.67;12898.41119;generation
0008_ea_personalized_inst02_erdos_n50_k8_d025_s1002_s42;ea_personalized;inst02_erdos_n50_k8_d025_s1002;experiments\20260618_124336_best_configs\instances\inst02_erdos_n50_k8_d025_s1002.txt;erdos;50;8;280;0.25;1002;42;50000;190;4365;0;0;7780.45;12766.57736;generation
0008_ea_personalized_inst02_erdos_n50_k8_d025_s1002_s42;ea_personalized;inst02_erdos_n50_k8_d025_s1002;experiments\20260618_124336_best_configs\instances\inst02_erdos_n50_k8_d025_s1002.txt;erdos;50;8;280;0.25;1002;42;50000;191;4400;0;0;7036.13;12067.50343;generation
0008_ea_personalized_inst02_erdos_n50_k8_d025_s1002_s42;ea_personalized;inst02_erdos_n50_k8_d025_s1002;experiments\20260618_124336_best_configs\instances\inst02_erdos_n50_k8_d025_s1002.txt;erdos;50;8;280;0.25;1002;42;50000;192;4436;0;0;6393.58;10649.64392;generation
0008_ea_personalized_inst02_erdos_n50_k8_d025_s1002_s42;ea_personalized;inst02_erdos_n50_k8_d025_s1002;experiments\20260618_124336_best_configs\instances\inst02_erdos_n50_k8_d025_s1002.txt;erdos;50;8;280;0.25;1002;42;50000;193;4469;0;0;5009.7;8710.251197;generation
0008_ea_personalized_inst02_erdos_n50_k8_d025_s1002_s42;ea_personalized;inst02_erdos_n50_k8_d025_s1002;experiments\20260618_124336_best_configs\instances\inst02_erdos_n50_k8_d025_s1002.txt;erdos;50;8;280;0.25;1002;42;50000;194;4508;0;0;7882.9;11232.89393;generation
0008_ea_personalized_inst02_erdos_n50_k8_d025_s1002_s42;ea_personalized;inst02_erdos_n50_k8_d025_s1002;experiments\20260618_124336_best_configs\instances\inst02_erdos_n50_k8_d025_s1002.txt;erdos;50;8;280;0.25;1002;42;50000;195;4530;0;0;7355.06;11136.21386;generation
0008_ea_personalized_inst02_erdos_n50_k8_d025_s1002_s42;ea_personalized;inst02_erdos_n50_k8_d025_s1002;experiments\20260618_124336_best_configs\instances\inst02_erdos_n50_k8_d025_s1002.txt;erdos;50;8;280;0.25;1002;42;50000;196;4562;0;0;5438.78;9932.570216;generation
0008_ea_personalized_inst02_erdos_n50_k8_d025_s1002_s42;ea_personalized;inst02_erdos_n50_k8_d025_s1002;experiments\20260618_124336_best_configs\instances\inst02_erdos_n50_k8_d025_s1002.txt;erdos;50;8;280;0.25;1002;42;50000;197;4598;0;0;8739.11;12726.11344;generation
0008_ea_personalized_inst02_erdos_n50_k8_d025_s1002_s42;ea_personalized;inst02_erdos_n50_k8_d025_s1002;experiments\20260618_124336_best_configs\instances\inst02_erdos_n50_k8_d025_s1002.txt;erdos;50;8;280;0.25;1002;42;50000;198;4629;0;0;7569.03;11297.92303;generation
0008_ea_personalized_inst02_erdos_n50_k8_d025_s1002_s42;ea_personalized;inst02_erdos_n50_k8_d025_s1002;experiments\20260618_124336_best_configs\instances\inst02_erdos_n50_k8_d025_s1002.txt;erdos;50;8;280;0.25;1002;42;50000;199;4659;0;0;9486.1;13120.02167;generation
0008_ea_personalized_inst02_erdos_n50_k8_d025_s1002_s42;ea_personalized;inst02_erdos_n50_k8_d025_s1002;experiments\20260618_124336_best_configs\instances\inst02_erdos_n50_k8_d025_s1002.txt;erdos;50;8;280;0.25;1002;42;50000;200;4688;0;0;9058.89;12633.50365;generation
0008_ea_personalized_inst02_erdos_n50_k8_d025_s1002_s42;ea_personalized;inst02_erdos_n50_k8_d025_s1002;experiments\20260618_124336_best_configs\instances\inst02_erdos_n50_k8_d025_s1002.txt;erdos;50;8;280;0.25;1002;42;50000;201;4722;0;0;9485.49;12947.68782;generation
0008_ea_personalized_inst02_erdos_n50_k8_d025_s1002_s42;ea_personalized;inst02_erdos_n50_k8_d025_s1002;experiments\20260618_124336_best_configs\instances\inst02_erdos_n50_k8_d025_s1002.txt;erdos;50;8;280;0.25;1002;42;50000;202;4757;0;0;8417.82;11887.66079;generation
0008_ea_personalized_inst02_erdos_n50_k8_d025_s1002_s42;ea_personalized;inst02_erdos_n50_k8_d025_s1002;experiments\20260618_124336_best_configs\instances\inst02_erdos_n50_k8_d025_s1002.txt;erdos;50;8;280;0.25;1002;42;50000;203;4791;0;0;7349.88;11241.19656;generation
0008_ea_personalized_inst02_erdos_n50_k8_d025_s1002_s42;ea_personalized;inst02_erdos_n50_k8_d025_s1002;experiments\20260618_124336_best_configs\instances\inst02_erdos_n50_k8_d025_s1002.txt;erdos;50;8;280;0.25;1002;42;50000;204;4825;0;0;8949.14;11342.47665;generation
0008_ea_personalized_inst02_erdos_n50_k8_d025_s1002_s42;ea_personalized;inst02_erdos_n50_k8_d025_s1002;experiments\20260618_124336_best_configs\instances\inst02_erdos_n50_k8_d025_s1002.txt;erdos;50;8;280;0.25;1002;42;50000;205;4863;0;0;5226.02;9584.086718;generation
0008_ea_personalized_inst02_erdos_n50_k8_d025_s1002_s42;ea_personalized;inst02_erdos_n50_k8_d025_s1002;experiments\20260618_124336_best_configs\instances\inst02_erdos_n50_k8_d025_s1002.txt;erdos;50;8;280;0.25;1002;42;50000;206;4890;0;0;7884.6;12012.88919;generation
0008_ea_personalized_inst02_erdos_n50_k8_d025_s1002_s42;ea_personalized;inst02_erdos_n50_k8_d025_s1002;experiments\20260618_124336_best_configs\instances\inst02_erdos_n50_k8_d025_s1002.txt;erdos;50;8;280;0.25;1002;42;50000;207;4921;0;0;5967.4;11202.41603;generation
0008_ea_personalized_inst02_erdos_n50_k8_d025_s1002_s42;ea_personalized;inst02_erdos_n50_k8_d025_s1002;experiments\20260618_124336_best_configs\instances\inst02_erdos_n50_k8_d025_s1002.txt;erdos;50;8;280;0.25;1002;42;50000;208;4961;0;0;6287.21;10659.40339;generation
0008_ea_personalized_inst02_erdos_n50_k8_d025_s1002_s42;ea_personalized;inst02_erdos_n50_k8_d025_s1002;experiments\20260618_124336_best_configs\instances\inst02_erdos_n50_k8_d025_s1002.txt;erdos;50;8;280;0.25;1002;42;50000;209;4984;0;0;7140.88;11670.69834;generation
0008_ea_personalized_inst02_erdos_n50_k8_d025_s1002_s42;ea_personalized;inst02_erdos_n50_k8_d025_s1002;experiments\20260618_124336_best_configs\instances\inst02_erdos_n50_k8_d025_s1002.txt;erdos;50;8;280;0.25;1002;42;50000;210;5013;0;0;9379.28;12536.22738;generation
0008_ea_personalized_inst02_erdos_n50_k8_d025_s1002_s42;ea_personalized;inst02_erdos_n50_k8_d025_s1002;experiments\20260618_124336_best_configs\instances\inst02_erdos_n50_k8_d025_s1002.txt;erdos;50;8;280;0.25;1002;42;50000;211;5038;0;0;6928.02;11002.8592;generation
0008_ea_personalized_inst02_erdos_n50_k8_d025_s1002_s42;ea_personalized;inst02_erdos_n50_k8_d025_s1002;experiments\20260618_124336_best_configs\instances\inst02_erdos_n50_k8_d025_s1002.txt;erdos;50;8;280;0.25;1002;42;50000;212;5063;0;0;7034.13;10351.30208;generation
0008_ea_personalized_inst02_erdos_n50_k8_d025_s1002_s42;ea_personalized;inst02_erdos_n50_k8_d025_s1002;experiments\20260618_124336_best_configs\instances\inst02_erdos_n50_k8_d025_s1002.txt;erdos;50;8;280;0.25;1002;42;50000;213;5086;0;0;9373.16;11982.03791;generation
0008_ea_personalized_inst02_erdos_n50_k8_d025_s1002_s42;ea_personalized;inst02_erdos_n50_k8_d025_s1002;experiments\20260618_124336_best_configs\instances\inst02_erdos_n50_k8_d025_s1002.txt;erdos;50;8;280;0.25;1002;42;50000;214;5109;0;0;8521.34;12780.84032;generation
0008_ea_personalized_inst02_erdos_n50_k8_d025_s1002_s42;ea_personalized;inst02_erdos_n50_k8_d025_s1002;experiments\20260618_124336_best_configs\instances\inst02_erdos_n50_k8_d025_s1002.txt;erdos;50;8;280;0.25;1002;42;50000;215;5130;0;0;11184.77;12989.34342;generation
0008_ea_personalized_inst02_erdos_n50_k8_d025_s1002_s42;ea_personalized;inst02_erdos_n50_k8_d025_s1002;experiments\20260618_124336_best_configs\instances\inst02_erdos_n50_k8_d025_s1002.txt;erdos;50;8;280;0.25;1002;42;50000;216;5147;0;0;7460.3;12098.34244;generation
0008_ea_personalized_inst02_erdos_n50_k8_d025_s1002_s42;ea_personalized;inst02_erdos_n50_k8_d025_s1002;experiments\20260618_124336_best_configs\instances\inst02_erdos_n50_k8_d025_s1002.txt;erdos;50;8;280;0.25;1002;42;50000;217;5174;0;0;7140.85;11275.17286;generation
0008_ea_personalized_inst02_erdos_n50_k8_d025_s1002_s42;ea_personalized;inst02_erdos_n50_k8_d025_s1002;experiments\20260618_124336_best_configs\instances\inst02_erdos_n50_k8_d025_s1002.txt;erdos;50;8;280;0.25;1002;42;50000;218;5201;0;0;6827.42;10699.43715;generation
0008_ea_personalized_inst02_erdos_n50_k8_d025_s1002_s42;ea_personalized;inst02_erdos_n50_k8_d025_s1002;experiments\20260618_124336_best_configs\instances\inst02_erdos_n50_k8_d025_s1002.txt;erdos;50;8;280;0.25;1002;42;50000;219;5229;0;0;6936.64;12458.26721;generation
0008_ea_personalized_inst02_erdos_n50_k8_d025_s1002_s42;ea_personalized;inst02_erdos_n50_k8_d025_s1002;experiments\20260618_124336_best_configs\instances\inst02_erdos_n50_k8_d025_s1002.txt;erdos;50;8;280;0.25;1002;42;50000;220;5255;0;0;8101.51;11966.75182;generation
0008_ea_personalized_inst02_erdos_n50_k8_d025_s1002_s42;ea_personalized;inst02_erdos_n50_k8_d025_s1002;experiments\20260618_124336_best_configs\instances\inst02_erdos_n50_k8_d025_s1002.txt;erdos;50;8;280;0.25;1002;42;50000;221;5281;0;0;8202.92;12855.81335;generation
0008_ea_personalized_inst02_erdos_n50_k8_d025_s1002_s42;ea_personalized;inst02_erdos_n50_k8_d025_s1002;experiments\20260618_124336_best_configs\instances\inst02_erdos_n50_k8_d025_s1002.txt;erdos;50;8;280;0.25;1002;42;50000;222;5302;0;0;7246.34;11751.01652;generation
0008_ea_personalized_inst02_erdos_n50_k8_d025_s1002_s42;ea_personalized;inst02_erdos_n50_k8_d025_s1002;experiments\20260618_124336_best_configs\instances\inst02_erdos_n50_k8_d025_s1002.txt;erdos;50;8;280;0.25;1002;42;50000;223;5326;0;0;8316.74;12471.48841;generation
0008_ea_personalized_inst02_erdos_n50_k8_d025_s1002_s42;ea_personalized;inst02_erdos_n50_k8_d025_s1002;experiments\20260618_124336_best_configs\instances\inst02_erdos_n50_k8_d025_s1002.txt;erdos;50;8;280;0.25;1002;42;50000;224;5352;0;0;7784.35;12590.65331;generation
0008_ea_personalized_inst02_erdos_n50_k8_d025_s1002_s42;ea_personalized;inst02_erdos_n50_k8_d025_s1002;experiments\20260618_124336_best_configs\instances\inst02_erdos_n50_k8_d025_s1002.txt;erdos;50;8;280;0.25;1002;42;50000;225;5373;0;0;7037.92;11684.14427;generation
0008_ea_personalized_inst02_erdos_n50_k8_d025_s1002_s42;ea_personalized;inst02_erdos_n50_k8_d025_s1002;experiments\20260618_124336_best_configs\instances\inst02_erdos_n50_k8_d025_s1002.txt;erdos;50;8;280;0.25;1002;42;50000;226;5397;0;0;7780.69;11355.92027;generation
0008_ea_personalized_inst02_erdos_n50_k8_d025_s1002_s42;ea_personalized;inst02_erdos_n50_k8_d025_s1002;experiments\20260618_124336_best_configs\instances\inst02_erdos_n50_k8_d025_s1002.txt;erdos;50;8;280;0.25;1002;42;50000;227;5421;0;0;8206.54;12585.96528;generation
0008_ea_personalized_inst02_erdos_n50_k8_d025_s1002_s42;ea_personalized;inst02_erdos_n50_k8_d025_s1002;experiments\20260618_124336_best_configs\instances\inst02_erdos_n50_k8_d025_s1002.txt;erdos;50;8;280;0.25;1002;42;50000;228;5438;0;0;7144.25;10441.47109;generation
0008_ea_personalized_inst02_erdos_n50_k8_d025_s1002_s42;ea_personalized;inst02_erdos_n50_k8_d025_s1002;experiments\20260618_124336_best_configs\instances\inst02_erdos_n50_k8_d025_s1002.txt;erdos;50;8;280;0.25;1002;42;50000;229;5471;0;0;7565.82;11982.31323;generation
0008_ea_personalized_inst02_erdos_n50_k8_d025_s1002_s42;ea_personalized;inst02_erdos_n50_k8_d025_s1002;experiments\20260618_124336_best_configs\instances\inst02_erdos_n50_k8_d025_s1002.txt;erdos;50;8;280;0.25;1002;42;50000;230;5498;0;0;8101.01;12336.94843;generation
0008_ea_personalized_inst02_erdos_n50_k8_d025_s1002_s42;ea_personalized;inst02_erdos_n50_k8_d025_s1002;experiments\20260618_124336_best_configs\instances\inst02_erdos_n50_k8_d025_s1002.txt;erdos;50;8;280;0.25;1002;42;50000;231;5521;0;0;8637.69;11731.95241;generation
0008_ea_personalized_inst02_erdos_n50_k8_d025_s1002_s42;ea_personalized;inst02_erdos_n50_k8_d025_s1002;experiments\20260618_124336_best_configs\instances\inst02_erdos_n50_k8_d025_s1002.txt;erdos;50;8;280;0.25;1002;42;50000;232;5549;0;0;9912.33;12802.56901;generation
0008_ea_personalized_inst02_erdos_n50_k8_d025_s1002_s42;ea_personalized;inst02_erdos_n50_k8_d025_s1002;experiments\20260618_124336_best_configs\instances\inst02_erdos_n50_k8_d025_s1002.txt;erdos;50;8;280;0.25;1002;42;50000;233;5570;0;0;7037.16;11490.37805;generation
0008_ea_personalized_inst02_erdos_n50_k8_d025_s1002_s42;ea_personalized;inst02_erdos_n50_k8_d025_s1002;experiments\20260618_124336_best_configs\instances\inst02_erdos_n50_k8_d025_s1002.txt;erdos;50;8;280;0.25;1002;42;50000;234;5589;0;0;7460.23;11321.49874;generation
0008_ea_personalized_inst02_erdos_n50_k8_d025_s1002_s42;ea_personalized;inst02_erdos_n50_k8_d025_s1002;experiments\20260618_124336_best_configs\instances\inst02_erdos_n50_k8_d025_s1002.txt;erdos;50;8;280;0.25;1002;42;50000;235;5613;0;0;8417.61;12894.40617;generation
0008_ea_personalized_inst02_erdos_n50_k8_d025_s1002_s42;ea_personalized;inst02_erdos_n50_k8_d025_s1002;experiments\20260618_124336_best_configs\instances\inst02_erdos_n50_k8_d025_s1002.txt;erdos;50;8;280;0.25;1002;42;50000;236;5637;0;0;8524.7;12512.27418;generation
0008_ea_personalized_inst02_erdos_n50_k8_d025_s1002_s42;ea_personalized;inst02_erdos_n50_k8_d025_s1002;experiments\20260618_124336_best_configs\instances\inst02_erdos_n50_k8_d025_s1002.txt;erdos;50;8;280;0.25;1002;42;50000;237;5664;0;0;6290.49;10868.70028;generation
0008_ea_personalized_inst02_erdos_n50_k8_d025_s1002_s42;ea_personalized;inst02_erdos_n50_k8_d025_s1002;experiments\20260618_124336_best_configs\instances\inst02_erdos_n50_k8_d025_s1002.txt;erdos;50;8;280;0.25;1002;42;50000;238;5687;0;0;6074.74;11494.85126;generation
0008_ea_personalized_inst02_erdos_n50_k8_d025_s1002_s42;ea_personalized;inst02_erdos_n50_k8_d025_s1002;experiments\20260618_124336_best_configs\instances\inst02_erdos_n50_k8_d025_s1002.txt;erdos;50;8;280;0.25;1002;42;50000;239;5705;0;0;6498.71;13295.88366;generation
0008_ea_personalized_inst02_erdos_n50_k8_d025_s1002_s42;ea_personalized;inst02_erdos_n50_k8_d025_s1002;experiments\20260618_124336_best_configs\instances\inst02_erdos_n50_k8_d025_s1002.txt;erdos;50;8;280;0.25;1002;42;50000;240;5732;0;0;6074.61;10242.27252;generation
0008_ea_personalized_inst02_erdos_n50_k8_d025_s1002_s42;ea_personalized;inst02_erdos_n50_k8_d025_s1002;experiments\20260618_124336_best_configs\instances\inst02_erdos_n50_k8_d025_s1002.txt;erdos;50;8;280;0.25;1002;42;50000;241;5766;0;0;9483.74;12768.66488;generation
0008_ea_personalized_inst02_erdos_n50_k8_d025_s1002_s42;ea_personalized;inst02_erdos_n50_k8_d025_s1002;experiments\20260618_124336_best_configs\instances\inst02_erdos_n50_k8_d025_s1002.txt;erdos;50;8;280;0.25;1002;42;50000;242;5798;0;0;8208.77;13201.38473;generation
0008_ea_personalized_inst02_erdos_n50_k8_d025_s1002_s42;ea_personalized;inst02_erdos_n50_k8_d025_s1002;experiments\20260618_124336_best_configs\instances\inst02_erdos_n50_k8_d025_s1002.txt;erdos;50;8;280;0.25;1002;42;50000;243;5824;0;0;5653.5;8839.023502;generation
0008_ea_personalized_inst02_erdos_n50_k8_d025_s1002_s42;ea_personalized;inst02_erdos_n50_k8_d025_s1002;experiments\20260618_124336_best_configs\instances\inst02_erdos_n50_k8_d025_s1002.txt;erdos;50;8;280;0.25;1002;42;50000;244;5847;0;0;7143.65;11273.449;generation
0008_ea_personalized_inst02_erdos_n50_k8_d025_s1002_s42;ea_personalized;inst02_erdos_n50_k8_d025_s1002;experiments\20260618_124336_best_configs\instances\inst02_erdos_n50_k8_d025_s1002.txt;erdos;50;8;280;0.25;1002;42;50000;245;5880;0;0;8522.26;13217.89283;generation
0008_ea_personalized_inst02_erdos_n50_k8_d025_s1002_s42;ea_personalized;inst02_erdos_n50_k8_d025_s1002;experiments\20260618_124336_best_configs\instances\inst02_erdos_n50_k8_d025_s1002.txt;erdos;50;8;280;0.25;1002;42;50000;246;5906;0;0;7776.64;13118.22135;generation
0008_ea_personalized_inst02_erdos_n50_k8_d025_s1002_s42;ea_personalized;inst02_erdos_n50_k8_d025_s1002;experiments\20260618_124336_best_configs\instances\inst02_erdos_n50_k8_d025_s1002.txt;erdos;50;8;280;0.25;1002;42;50000;247;5933;0;0;9800.73;12298.94967;generation
0008_ea_personalized_inst02_erdos_n50_k8_d025_s1002_s42;ea_personalized;inst02_erdos_n50_k8_d025_s1002;experiments\20260618_124336_best_configs\instances\inst02_erdos_n50_k8_d025_s1002.txt;erdos;50;8;280;0.25;1002;42;50000;248;5957;0;0;6818.24;10915.112;generation
0008_ea_personalized_inst02_erdos_n50_k8_d025_s1002_s42;ea_personalized;inst02_erdos_n50_k8_d025_s1002;experiments\20260618_124336_best_configs\instances\inst02_erdos_n50_k8_d025_s1002.txt;erdos;50;8;280;0.25;1002;42;50000;249;5994;0;0;6503.29;10204.00963;generation
0008_ea_personalized_inst02_erdos_n50_k8_d025_s1002_s42;ea_personalized;inst02_erdos_n50_k8_d025_s1002;experiments\20260618_124336_best_configs\instances\inst02_erdos_n50_k8_d025_s1002.txt;erdos;50;8;280;0.25;1002;42;50000;250;6025;0;0;7143.81;10967.28126;generation
0008_ea_personalized_inst02_erdos_n50_k8_d025_s1002_s42;ea_personalized;inst02_erdos_n50_k8_d025_s1002;experiments\20260618_124336_best_configs\instances\inst02_erdos_n50_k8_d025_s1002.txt;erdos;50;8;280;0.25;1002;42;50000;251;6055;0;0;7674.57;12058.38649;generation
0008_ea_personalized_inst02_erdos_n50_k8_d025_s1002_s42;ea_personalized;inst02_erdos_n50_k8_d025_s1002;experiments\20260618_124336_best_configs\instances\inst02_erdos_n50_k8_d025_s1002.txt;erdos;50;8;280;0.25;1002;42;50000;252;6082;0;0;7458.73;11320.40053;generation
0008_ea_personalized_inst02_erdos_n50_k8_d025_s1002_s42;ea_personalized;inst02_erdos_n50_k8_d025_s1002;experiments\20260618_124336_best_configs\instances\inst02_erdos_n50_k8_d025_s1002.txt;erdos;50;8;280;0.25;1002;42;50000;253;6111;0;0;10121.43;13833.94512;generation
0008_ea_personalized_inst02_erdos_n50_k8_d025_s1002_s42;ea_personalized;inst02_erdos_n50_k8_d025_s1002;experiments\20260618_124336_best_configs\instances\inst02_erdos_n50_k8_d025_s1002.txt;erdos;50;8;280;0.25;1002;42;50000;254;6130;0;0;8842.47;12516.50726;generation
0008_ea_personalized_inst02_erdos_n50_k8_d025_s1002_s42;ea_personalized;inst02_erdos_n50_k8_d025_s1002;experiments\20260618_124336_best_configs\instances\inst02_erdos_n50_k8_d025_s1002.txt;erdos;50;8;280;0.25;1002;42;50000;255;6147;0;0;7032.06;10673.06346;generation
0008_ea_personalized_inst02_erdos_n50_k8_d025_s1002_s42;ea_personalized;inst02_erdos_n50_k8_d025_s1002;experiments\20260618_124336_best_configs\instances\inst02_erdos_n50_k8_d025_s1002.txt;erdos;50;8;280;0.25;1002;42;50000;256;6163;0;0;7673.53;12054.71954;generation
0008_ea_personalized_inst02_erdos_n50_k8_d025_s1002_s42;ea_personalized;inst02_erdos_n50_k8_d025_s1002;experiments\20260618_124336_best_configs\instances\inst02_erdos_n50_k8_d025_s1002.txt;erdos;50;8;280;0.25;1002;42;50000;257;6178;0;0;8209.12;12587.46608;generation
0008_ea_personalized_inst02_erdos_n50_k8_d025_s1002_s42;ea_personalized;inst02_erdos_n50_k8_d025_s1002;experiments\20260618_124336_best_configs\instances\inst02_erdos_n50_k8_d025_s1002.txt;erdos;50;8;280;0.25;1002;42;50000;258;6196;0;0;8737.01;13076.21036;generation
0008_ea_personalized_inst02_erdos_n50_k8_d025_s1002_s42;ea_personalized;inst02_erdos_n50_k8_d025_s1002;experiments\20260618_124336_best_configs\instances\inst02_erdos_n50_k8_d025_s1002.txt;erdos;50;8;280;0.25;1002;42;50000;259;6212;0;0;9376.07;12714.81572;generation
0008_ea_personalized_inst02_erdos_n50_k8_d025_s1002_s42;ea_personalized;inst02_erdos_n50_k8_d025_s1002;experiments\20260618_124336_best_configs\instances\inst02_erdos_n50_k8_d025_s1002.txt;erdos;50;8;280;0.25;1002;42;50000;260;6229;0;0;9377.28;12443.96489;generation
0008_ea_personalized_inst02_erdos_n50_k8_d025_s1002_s42;ea_personalized;inst02_erdos_n50_k8_d025_s1002;experiments\20260618_124336_best_configs\instances\inst02_erdos_n50_k8_d025_s1002.txt;erdos;50;8;280;0.25;1002;42;50000;261;6250;0;0;9908.82;14307.84102;generation
0008_ea_personalized_inst02_erdos_n50_k8_d025_s1002_s42;ea_personalized;inst02_erdos_n50_k8_d025_s1002;experiments\20260618_124336_best_configs\instances\inst02_erdos_n50_k8_d025_s1002.txt;erdos;50;8;280;0.25;1002;42;50000;262;6268;0;0;7784.26;12217.91499;generation
0008_ea_personalized_inst02_erdos_n50_k8_d025_s1002_s42;ea_personalized;inst02_erdos_n50_k8_d025_s1002;experiments\20260618_124336_best_configs\instances\inst02_erdos_n50_k8_d025_s1002.txt;erdos;50;8;280;0.25;1002;42;50000;263;6286;0;0;6611.09;11544.80034;generation
0008_ea_personalized_inst02_erdos_n50_k8_d025_s1002_s42;ea_personalized;inst02_erdos_n50_k8_d025_s1002;experiments\20260618_124336_best_configs\instances\inst02_erdos_n50_k8_d025_s1002.txt;erdos;50;8;280;0.25;1002;42;50000;264;6305;0;0;6399.57;10321.44742;generation
0008_ea_personalized_inst02_erdos_n50_k8_d025_s1002_s42;ea_personalized;inst02_erdos_n50_k8_d025_s1002;experiments\20260618_124336_best_configs\instances\inst02_erdos_n50_k8_d025_s1002.txt;erdos;50;8;280;0.25;1002;42;50000;265;6325;0;0;6935.6;12079.37471;generation
0008_ea_personalized_inst02_erdos_n50_k8_d025_s1002_s42;ea_personalized;inst02_erdos_n50_k8_d025_s1002;experiments\20260618_124336_best_configs\instances\inst02_erdos_n50_k8_d025_s1002.txt;erdos;50;8;280;0.25;1002;42;50000;266;6341;0;0;8311.44;12381.97768;generation
0008_ea_personalized_inst02_erdos_n50_k8_d025_s1002_s42;ea_personalized;inst02_erdos_n50_k8_d025_s1002;experiments\20260618_124336_best_configs\instances\inst02_erdos_n50_k8_d025_s1002.txt;erdos;50;8;280;0.25;1002;42;50000;267;6357;0;0;7994.64;11001.35457;generation
0008_ea_personalized_inst02_erdos_n50_k8_d025_s1002_s42;ea_personalized;inst02_erdos_n50_k8_d025_s1002;experiments\20260618_124336_best_configs\instances\inst02_erdos_n50_k8_d025_s1002.txt;erdos;50;8;280;0.25;1002;42;50000;268;6374;0;0;8848.31;12782.33255;generation
0008_ea_personalized_inst02_erdos_n50_k8_d025_s1002_s42;ea_personalized;inst02_erdos_n50_k8_d025_s1002;experiments\20260618_124336_best_configs\instances\inst02_erdos_n50_k8_d025_s1002.txt;erdos;50;8;280;0.25;1002;42;50000;269;6392;0;0;7251.75;11157.19096;generation
0008_ea_personalized_inst02_erdos_n50_k8_d025_s1002_s42;ea_personalized;inst02_erdos_n50_k8_d025_s1002;experiments\20260618_124336_best_configs\instances\inst02_erdos_n50_k8_d025_s1002.txt;erdos;50;8;280;0.25;1002;42;50000;270;6412;0;0;6613.09;10076.48606;generation
0008_ea_personalized_inst02_erdos_n50_k8_d025_s1002_s42;ea_personalized;inst02_erdos_n50_k8_d025_s1002;experiments\20260618_124336_best_configs\instances\inst02_erdos_n50_k8_d025_s1002.txt;erdos;50;8;280;0.25;1002;42;50000;271;6431;0;0;9273.13;12015.15835;generation
0008_ea_personalized_inst02_erdos_n50_k8_d025_s1002_s42;ea_personalized;inst02_erdos_n50_k8_d025_s1002;experiments\20260618_124336_best_configs\instances\inst02_erdos_n50_k8_d025_s1002.txt;erdos;50;8;280;0.25;1002;42;50000;272;6450;0;0;7565.08;11694.38497;generation
0008_ea_personalized_inst02_erdos_n50_k8_d025_s1002_s42;ea_personalized;inst02_erdos_n50_k8_d025_s1002;experiments\20260618_124336_best_configs\instances\inst02_erdos_n50_k8_d025_s1002.txt;erdos;50;8;280;0.25;1002;42;50000;273;6470;0;0;6074.8;10569.22752;generation
0008_ea_personalized_inst02_erdos_n50_k8_d025_s1002_s42;ea_personalized;inst02_erdos_n50_k8_d025_s1002;experiments\20260618_124336_best_configs\instances\inst02_erdos_n50_k8_d025_s1002.txt;erdos;50;8;280;0.25;1002;42;50000;274;6484;0;0;9802.12;13275.47271;generation
0008_ea_personalized_inst02_erdos_n50_k8_d025_s1002_s42;ea_personalized;inst02_erdos_n50_k8_d025_s1002;experiments\20260618_124336_best_configs\instances\inst02_erdos_n50_k8_d025_s1002.txt;erdos;50;8;280;0.25;1002;42;50000;275;6505;0;0;6395.94;11370.13467;generation
0008_ea_personalized_inst02_erdos_n50_k8_d025_s1002_s42;ea_personalized;inst02_erdos_n50_k8_d025_s1002;experiments\20260618_124336_best_configs\instances\inst02_erdos_n50_k8_d025_s1002.txt;erdos;50;8;280;0.25;1002;42;50000;276;6523;0;0;5755.31;10260.53781;generation
0008_ea_personalized_inst02_erdos_n50_k8_d025_s1002_s42;ea_personalized;inst02_erdos_n50_k8_d025_s1002;experiments\20260618_124336_best_configs\instances\inst02_erdos_n50_k8_d025_s1002.txt;erdos;50;8;280;0.25;1002;42;50000;277;6541;0;0;8308.98;12197.29967;generation
0008_ea_personalized_inst02_erdos_n50_k8_d025_s1002_s42;ea_personalized;inst02_erdos_n50_k8_d025_s1002;experiments\20260618_124336_best_configs\instances\inst02_erdos_n50_k8_d025_s1002.txt;erdos;50;8;280;0.25;1002;42;50000;278;6555;0;0;8951.13;12300.52972;generation
0008_ea_personalized_inst02_erdos_n50_k8_d025_s1002_s42;ea_personalized;inst02_erdos_n50_k8_d025_s1002;experiments\20260618_124336_best_configs\instances\inst02_erdos_n50_k8_d025_s1002.txt;erdos;50;8;280;0.25;1002;42;50000;279;6579;0;0;8524.67;12237.57419;generation
0008_ea_personalized_inst02_erdos_n50_k8_d025_s1002_s42;ea_personalized;inst02_erdos_n50_k8_d025_s1002;experiments\20260618_124336_best_configs\instances\inst02_erdos_n50_k8_d025_s1002.txt;erdos;50;8;280;0.25;1002;42;50000;280;6594;0;0;6393.96;10756.08825;generation
0008_ea_personalized_inst02_erdos_n50_k8_d025_s1002_s42;ea_personalized;inst02_erdos_n50_k8_d025_s1002;experiments\20260618_124336_best_configs\instances\inst02_erdos_n50_k8_d025_s1002.txt;erdos;50;8;280;0.25;1002;42;50000;281;6608;0;0;7354.48;11034.03891;generation
0008_ea_personalized_inst02_erdos_n50_k8_d025_s1002_s42;ea_personalized;inst02_erdos_n50_k8_d025_s1002;experiments\20260618_124336_best_configs\instances\inst02_erdos_n50_k8_d025_s1002.txt;erdos;50;8;280;0.25;1002;42;50000;282;6622;0;0;10442.82;13718.32776;generation
0008_ea_personalized_inst02_erdos_n50_k8_d025_s1002_s42;ea_personalized;inst02_erdos_n50_k8_d025_s1002;experiments\20260618_124336_best_configs\instances\inst02_erdos_n50_k8_d025_s1002.txt;erdos;50;8;280;0.25;1002;42;50000;283;6641;0;0;5542.06;9581.501339;generation
0008_ea_personalized_inst02_erdos_n50_k8_d025_s1002_s42;ea_personalized;inst02_erdos_n50_k8_d025_s1002;experiments\20260618_124336_best_configs\instances\inst02_erdos_n50_k8_d025_s1002.txt;erdos;50;8;280;0.25;1002;42;50000;284;6655;0;0;7672.07;12426.34164;generation
0008_ea_personalized_inst02_erdos_n50_k8_d025_s1002_s42;ea_personalized;inst02_erdos_n50_k8_d025_s1002;experiments\20260618_124336_best_configs\instances\inst02_erdos_n50_k8_d025_s1002.txt;erdos;50;8;280;0.25;1002;42;50000;285;6677;0;0;5967.36;10997.42361;generation
0008_ea_personalized_inst02_erdos_n50_k8_d025_s1002_s42;ea_personalized;inst02_erdos_n50_k8_d025_s1002;experiments\20260618_124336_best_configs\instances\inst02_erdos_n50_k8_d025_s1002.txt;erdos;50;8;280;0.25;1002;42;50000;286;6700;0;0;6715.5;11030.18593;generation
0008_ea_personalized_inst02_erdos_n50_k8_d025_s1002_s42;ea_personalized;inst02_erdos_n50_k8_d025_s1002;experiments\20260618_124336_best_configs\instances\inst02_erdos_n50_k8_d025_s1002.txt;erdos;50;8;280;0.25;1002;42;50000;287;6722;0;0;8949.71;11638.135;generation
0008_ea_personalized_inst02_erdos_n50_k8_d025_s1002_s42;ea_personalized;inst02_erdos_n50_k8_d025_s1002;experiments\20260618_124336_best_configs\instances\inst02_erdos_n50_k8_d025_s1002.txt;erdos;50;8;280;0.25;1002;42;50000;288;6743;0;0;8417.67;10789.20686;generation
0008_ea_personalized_inst02_erdos_n50_k8_d025_s1002_s42;ea_personalized;inst02_erdos_n50_k8_d025_s1002;experiments\20260618_124336_best_configs\instances\inst02_erdos_n50_k8_d025_s1002.txt;erdos;50;8;280;0.25;1002;42;50000;289;6757;0;0;7251.37;10843.8971;generation
0008_ea_personalized_inst02_erdos_n50_k8_d025_s1002_s42;ea_personalized;inst02_erdos_n50_k8_d025_s1002;experiments\20260618_124336_best_configs\instances\inst02_erdos_n50_k8_d025_s1002.txt;erdos;50;8;280;0.25;1002;42;50000;290;6778;0;0;7779.1;11652.593;generation
0008_ea_personalized_inst02_erdos_n50_k8_d025_s1002_s42;ea_personalized;inst02_erdos_n50_k8_d025_s1002;experiments\20260618_124336_best_configs\instances\inst02_erdos_n50_k8_d025_s1002.txt;erdos;50;8;280;0.25;1002;42;50000;291;6793;0;0;6508.98;10525.38548;generation
0008_ea_personalized_inst02_erdos_n50_k8_d025_s1002_s42;ea_personalized;inst02_erdos_n50_k8_d025_s1002;experiments\20260618_124336_best_configs\instances\inst02_erdos_n50_k8_d025_s1002.txt;erdos;50;8;280;0.25;1002;42;50000;292;6813;0;0;7357.78;11636.50376;generation
0008_ea_personalized_inst02_erdos_n50_k8_d025_s1002_s42;ea_personalized;inst02_erdos_n50_k8_d025_s1002;experiments\20260618_124336_best_configs\instances\inst02_erdos_n50_k8_d025_s1002.txt;erdos;50;8;280;0.25;1002;42;50000;293;6834;0;0;8632.48;13359.11124;generation
0008_ea_personalized_inst02_erdos_n50_k8_d025_s1002_s42;ea_personalized;inst02_erdos_n50_k8_d025_s1002;experiments\20260618_124336_best_configs\instances\inst02_erdos_n50_k8_d025_s1002.txt;erdos;50;8;280;0.25;1002;42;50000;294;6855;0;0;8845.16;11670.5981;generation
0008_ea_personalized_inst02_erdos_n50_k8_d025_s1002_s42;ea_personalized;inst02_erdos_n50_k8_d025_s1002;experiments\20260618_124336_best_configs\instances\inst02_erdos_n50_k8_d025_s1002.txt;erdos;50;8;280;0.25;1002;42;50000;295;6869;0;0;6605.85;12491.0923;generation
0008_ea_personalized_inst02_erdos_n50_k8_d025_s1002_s42;ea_personalized;inst02_erdos_n50_k8_d025_s1002;experiments\20260618_124336_best_configs\instances\inst02_erdos_n50_k8_d025_s1002.txt;erdos;50;8;280;0.25;1002;42;50000;296;6883;0;0;9377.37;13153.22777;generation
0008_ea_personalized_inst02_erdos_n50_k8_d025_s1002_s42;ea_personalized;inst02_erdos_n50_k8_d025_s1002;experiments\20260618_124336_best_configs\instances\inst02_erdos_n50_k8_d025_s1002.txt;erdos;50;8;280;0.25;1002;42;50000;297;6900;0;0;7354.37;11239.05269;generation
0008_ea_personalized_inst02_erdos_n50_k8_d025_s1002_s42;ea_personalized;inst02_erdos_n50_k8_d025_s1002;experiments\20260618_124336_best_configs\instances\inst02_erdos_n50_k8_d025_s1002.txt;erdos;50;8;280;0.25;1002;42;50000;298;6924;0;0;7893.14;12565.18015;generation
0008_ea_personalized_inst02_erdos_n50_k8_d025_s1002_s42;ea_personalized;inst02_erdos_n50_k8_d025_s1002;experiments\20260618_124336_best_configs\instances\inst02_erdos_n50_k8_d025_s1002.txt;erdos;50;8;280;0.25;1002;42;50000;299;6938;0;0;9484.14;11556.64024;generation
0008_ea_personalized_inst02_erdos_n50_k8_d025_s1002_s42;ea_personalized;inst02_erdos_n50_k8_d025_s1002;experiments\20260618_124336_best_configs\instances\inst02_erdos_n50_k8_d025_s1002.txt;erdos;50;8;280;0.25;1002;42;50000;300;6952;0;0;6077.71;9904.552277;generation
0008_ea_personalized_inst02_erdos_n50_k8_d025_s1002_s42;ea_personalized;inst02_erdos_n50_k8_d025_s1002;experiments\20260618_124336_best_configs\instances\inst02_erdos_n50_k8_d025_s1002.txt;erdos;50;8;280;0.25;1002;42;50000;301;6964;0;0;7459.51;11118.71274;generation
0008_ea_personalized_inst02_erdos_n50_k8_d025_s1002_s42;ea_personalized;inst02_erdos_n50_k8_d025_s1002;experiments\20260618_124336_best_configs\instances\inst02_erdos_n50_k8_d025_s1002.txt;erdos;50;8;280;0.25;1002;42;50000;302;6979;0;0;8100.79;10975.90266;generation
0008_ea_personalized_inst02_erdos_n50_k8_d025_s1002_s42;ea_personalized;inst02_erdos_n50_k8_d025_s1002;experiments\20260618_124336_best_configs\instances\inst02_erdos_n50_k8_d025_s1002.txt;erdos;50;8;280;0.25;1002;42;50000;303;6994;0;0;6397.46;10858.27204;generation
0008_ea_personalized_inst02_erdos_n50_k8_d025_s1002_s42;ea_personalized;inst02_erdos_n50_k8_d025_s1002;experiments\20260618_124336_best_configs\instances\inst02_erdos_n50_k8_d025_s1002.txt;erdos;50;8;280;0.25;1002;42;50000;304;7009;0;0;8958.11;12310.19015;generation
0008_ea_personalized_inst02_erdos_n50_k8_d025_s1002_s42;ea_personalized;inst02_erdos_n50_k8_d025_s1002;experiments\20260618_124336_best_configs\instances\inst02_erdos_n50_k8_d025_s1002.txt;erdos;50;8;280;0.25;1002;42;50000;305;7022;0;0;9698.06;13137.01953;generation
0008_ea_personalized_inst02_erdos_n50_k8_d025_s1002_s42;ea_personalized;inst02_erdos_n50_k8_d025_s1002;experiments\20260618_124336_best_configs\instances\inst02_erdos_n50_k8_d025_s1002.txt;erdos;50;8;280;0.25;1002;42;50000;306;7037;0;0;7033;11974.81868;generation
0008_ea_personalized_inst02_erdos_n50_k8_d025_s1002_s42;ea_personalized;inst02_erdos_n50_k8_d025_s1002;experiments\20260618_124336_best_configs\instances\inst02_erdos_n50_k8_d025_s1002.txt;erdos;50;8;280;0.25;1002;42;50000;307;7055;0;0;8630.67;12019.10942;generation
0008_ea_personalized_inst02_erdos_n50_k8_d025_s1002_s42;ea_personalized;inst02_erdos_n50_k8_d025_s1002;experiments\20260618_124336_best_configs\instances\inst02_erdos_n50_k8_d025_s1002.txt;erdos;50;8;280;0.25;1002;42;50000;308;7074;0;0;7781.89;11355.93904;generation
0008_ea_personalized_inst02_erdos_n50_k8_d025_s1002_s42;ea_personalized;inst02_erdos_n50_k8_d025_s1002;experiments\20260618_124336_best_configs\instances\inst02_erdos_n50_k8_d025_s1002.txt;erdos;50;8;280;0.25;1002;42;50000;309;7089;0;0;6608.28;9497.438118;generation
0008_ea_personalized_inst02_erdos_n50_k8_d025_s1002_s42;ea_personalized;inst02_erdos_n50_k8_d025_s1002;experiments\20260618_124336_best_configs\instances\inst02_erdos_n50_k8_d025_s1002.txt;erdos;50;8;280;0.25;1002;42;50000;310;7103;0;0;5867.79;10897.64804;generation
0008_ea_personalized_inst02_erdos_n50_k8_d025_s1002_s42;ea_personalized;inst02_erdos_n50_k8_d025_s1002;experiments\20260618_124336_best_configs\instances\inst02_erdos_n50_k8_d025_s1002.txt;erdos;50;8;280;0.25;1002;42;50000;311;7120;0;0;7677.26;11177.0638;generation
0008_ea_personalized_inst02_erdos_n50_k8_d025_s1002_s42;ea_personalized;inst02_erdos_n50_k8_d025_s1002;experiments\20260618_124336_best_configs\instances\inst02_erdos_n50_k8_d025_s1002.txt;erdos;50;8;280;0.25;1002;42;50000;312;7137;0;0;6926.36;11606.00323;generation
0008_ea_personalized_inst02_erdos_n50_k8_d025_s1002_s42;ea_personalized;inst02_erdos_n50_k8_d025_s1002;experiments\20260618_124336_best_configs\instances\inst02_erdos_n50_k8_d025_s1002.txt;erdos;50;8;280;0.25;1002;42;50000;313;7155;0;0;5863.66;10031.10696;generation
0008_ea_personalized_inst02_erdos_n50_k8_d025_s1002_s42;ea_personalized;inst02_erdos_n50_k8_d025_s1002;experiments\20260618_124336_best_configs\instances\inst02_erdos_n50_k8_d025_s1002.txt;erdos;50;8;280;0.25;1002;42;50000;314;7177;0;0;7997.11;11305.71174;generation
0008_ea_personalized_inst02_erdos_n50_k8_d025_s1002_s42;ea_personalized;inst02_erdos_n50_k8_d025_s1002;experiments\20260618_124336_best_configs\instances\inst02_erdos_n50_k8_d025_s1002.txt;erdos;50;8;280;0.25;1002;42;50000;315;7193;0;0;8954.47;12298.14065;generation
0008_ea_personalized_inst02_erdos_n50_k8_d025_s1002_s42;ea_personalized;inst02_erdos_n50_k8_d025_s1002;experiments\20260618_124336_best_configs\instances\inst02_erdos_n50_k8_d025_s1002.txt;erdos;50;8;280;0.25;1002;42;50000;316;7211;0;0;7781.81;11649.19083;generation
0008_ea_personalized_inst02_erdos_n50_k8_d025_s1002_s42;ea_personalized;inst02_erdos_n50_k8_d025_s1002;experiments\20260618_124336_best_configs\instances\inst02_erdos_n50_k8_d025_s1002.txt;erdos;50;8;280;0.25;1002;42;50000;317;7233;0;0;5329.75;10158.19652;generation
0008_ea_personalized_inst02_erdos_n50_k8_d025_s1002_s42;ea_personalized;inst02_erdos_n50_k8_d025_s1002;experiments\20260618_124336_best_configs\instances\inst02_erdos_n50_k8_d025_s1002.txt;erdos;50;8;280;0.25;1002;42;50000;318;7250;0;0;9270.25;12111.21912;generation
0008_ea_personalized_inst02_erdos_n50_k8_d025_s1002_s42;ea_personalized;inst02_erdos_n50_k8_d025_s1002;experiments\20260618_124336_best_configs\instances\inst02_erdos_n50_k8_d025_s1002.txt;erdos;50;8;280;0.25;1002;42;50000;319;7264;0;0;7032.06;11089.85416;generation
0008_ea_personalized_inst02_erdos_n50_k8_d025_s1002_s42;ea_personalized;inst02_erdos_n50_k8_d025_s1002;experiments\20260618_124336_best_configs\instances\inst02_erdos_n50_k8_d025_s1002.txt;erdos;50;8;280;0.25;1002;42;50000;320;7279;0;0;7886.98;11529.10469;generation
0008_ea_personalized_inst02_erdos_n50_k8_d025_s1002_s42;ea_personalized;inst02_erdos_n50_k8_d025_s1002;experiments\20260618_124336_best_configs\instances\inst02_erdos_n50_k8_d025_s1002.txt;erdos;50;8;280;0.25;1002;42;50000;321;7303;0;0;6393.88;11571.44239;generation
0008_ea_personalized_inst02_erdos_n50_k8_d025_s1002_s42;ea_personalized;inst02_erdos_n50_k8_d025_s1002;experiments\20260618_124336_best_configs\instances\inst02_erdos_n50_k8_d025_s1002.txt;erdos;50;8;280;0.25;1002;42;50000;322;7326;0;0;6925.74;10582.60951;generation
0008_ea_personalized_inst02_erdos_n50_k8_d025_s1002_s42;ea_personalized;inst02_erdos_n50_k8_d025_s1002;experiments\20260618_124336_best_configs\instances\inst02_erdos_n50_k8_d025_s1002.txt;erdos;50;8;280;0.25;1002;42;50000;323;7352;0;0;8951.08;12392.46783;generation
0008_ea_personalized_inst02_erdos_n50_k8_d025_s1002_s42;ea_personalized;inst02_erdos_n50_k8_d025_s1002;experiments\20260618_124336_best_configs\instances\inst02_erdos_n50_k8_d025_s1002.txt;erdos;50;8;280;0.25;1002;42;50000;324;7369;0;0;8736.03;12991.00524;generation
0008_ea_personalized_inst02_erdos_n50_k8_d025_s1002_s42;ea_personalized;inst02_erdos_n50_k8_d025_s1002;experiments\20260618_124336_best_configs\instances\inst02_erdos_n50_k8_d025_s1002.txt;erdos;50;8;280;0.25;1002;42;50000;325;7388;0;0;7990.32;11799.12354;generation
0008_ea_personalized_inst02_erdos_n50_k8_d025_s1002_s42;ea_personalized;inst02_erdos_n50_k8_d025_s1002;experiments\20260618_124336_best_configs\instances\inst02_erdos_n50_k8_d025_s1002.txt;erdos;50;8;280;0.25;1002;42;50000;326;7418;0;0;7039.61;11085.58139;generation
0008_ea_personalized_inst02_erdos_n50_k8_d025_s1002_s42;ea_personalized;inst02_erdos_n50_k8_d025_s1002;experiments\20260618_124336_best_configs\instances\inst02_erdos_n50_k8_d025_s1002.txt;erdos;50;8;280;0.25;1002;42;50000;327;7443;0;0;6926.6;9687.497826;generation
0008_ea_personalized_inst02_erdos_n50_k8_d025_s1002_s42;ea_personalized;inst02_erdos_n50_k8_d025_s1002;experiments\20260618_124336_best_configs\instances\inst02_erdos_n50_k8_d025_s1002.txt;erdos;50;8;280;0.25;1002;42;50000;328;7471;0;0;8097.85;11872.20086;generation
0008_ea_personalized_inst02_erdos_n50_k8_d025_s1002_s42;ea_personalized;inst02_erdos_n50_k8_d025_s1002;experiments\20260618_124336_best_configs\instances\inst02_erdos_n50_k8_d025_s1002.txt;erdos;50;8;280;0.25;1002;42;50000;329;7496;0;0;6075.97;9904.000417;generation
0008_ea_personalized_inst02_erdos_n50_k8_d025_s1002_s42;ea_personalized;inst02_erdos_n50_k8_d025_s1002;experiments\20260618_124336_best_configs\instances\inst02_erdos_n50_k8_d025_s1002.txt;erdos;50;8;280;0.25;1002;42;50000;330;7519;0;0;7139.94;11959.64929;generation
0008_ea_personalized_inst02_erdos_n50_k8_d025_s1002_s42;ea_personalized;inst02_erdos_n50_k8_d025_s1002;experiments\20260618_124336_best_configs\instances\inst02_erdos_n50_k8_d025_s1002.txt;erdos;50;8;280;0.25;1002;42;50000;331;7546;0;0;8420.69;12444.39692;generation
0008_ea_personalized_inst02_erdos_n50_k8_d025_s1002_s42;ea_personalized;inst02_erdos_n50_k8_d025_s1002;experiments\20260618_124336_best_configs\instances\inst02_erdos_n50_k8_d025_s1002.txt;erdos;50;8;280;0.25;1002;42;50000;332;7575;0;0;7034.75;10243.68653;generation
0008_ea_personalized_inst02_erdos_n50_k8_d025_s1002_s42;ea_personalized;inst02_erdos_n50_k8_d025_s1002;experiments\20260618_124336_best_configs\instances\inst02_erdos_n50_k8_d025_s1002.txt;erdos;50;8;280;0.25;1002;42;50000;333;7599;0;0;6607.82;11840.8397;generation
0008_ea_personalized_inst02_erdos_n50_k8_d025_s1002_s42;ea_personalized;inst02_erdos_n50_k8_d025_s1002;experiments\20260618_124336_best_configs\instances\inst02_erdos_n50_k8_d025_s1002.txt;erdos;50;8;280;0.25;1002;42;50000;334;7620;0;0;6825.77;10805.96428;generation
0008_ea_personalized_inst02_erdos_n50_k8_d025_s1002_s42;ea_personalized;inst02_erdos_n50_k8_d025_s1002;experiments\20260618_124336_best_configs\instances\inst02_erdos_n50_k8_d025_s1002.txt;erdos;50;8;280;0.25;1002;42;50000;335;7646;0;0;5119.58;9813.770211;generation
0008_ea_personalized_inst02_erdos_n50_k8_d025_s1002_s42;ea_personalized;inst02_erdos_n50_k8_d025_s1002;experiments\20260618_124336_best_configs\instances\inst02_erdos_n50_k8_d025_s1002.txt;erdos;50;8;280;0.25;1002;42;50000;336;7670;0;0;6826.42;11116.06666;generation
0008_ea_personalized_inst02_erdos_n50_k8_d025_s1002_s42;ea_personalized;inst02_erdos_n50_k8_d025_s1002;experiments\20260618_124336_best_configs\instances\inst02_erdos_n50_k8_d025_s1002.txt;erdos;50;8;280;0.25;1002;42;50000;337;7694;0;0;9383;13325.54372;generation
0008_ea_personalized_inst02_erdos_n50_k8_d025_s1002_s42;ea_personalized;inst02_erdos_n50_k8_d025_s1002;experiments\20260618_124336_best_configs\instances\inst02_erdos_n50_k8_d025_s1002.txt;erdos;50;8;280;0.25;1002;42;50000;338;7722;0;0;7571.92;11796.10359;generation
0008_ea_personalized_inst02_erdos_n50_k8_d025_s1002_s42;ea_personalized;inst02_erdos_n50_k8_d025_s1002;experiments\20260618_124336_best_configs\instances\inst02_erdos_n50_k8_d025_s1002.txt;erdos;50;8;280;0.25;1002;42;50000;339;7745;0;0;7032.79;9903.226863;generation
0008_ea_personalized_inst02_erdos_n50_k8_d025_s1002_s42;ea_personalized;inst02_erdos_n50_k8_d025_s1002;experiments\20260618_124336_best_configs\instances\inst02_erdos_n50_k8_d025_s1002.txt;erdos;50;8;280;0.25;1002;42;50000;340;7768;0;0;6719.68;12292.66826;generation
0008_ea_personalized_inst02_erdos_n50_k8_d025_s1002_s42;ea_personalized;inst02_erdos_n50_k8_d025_s1002;experiments\20260618_124336_best_configs\instances\inst02_erdos_n50_k8_d025_s1002.txt;erdos;50;8;280;0.25;1002;42;50000;341;7789;0;0;8740.25;11000.74493;generation
0008_ea_personalized_inst02_erdos_n50_k8_d025_s1002_s42;ea_personalized;inst02_erdos_n50_k8_d025_s1002;experiments\20260618_124336_best_configs\instances\inst02_erdos_n50_k8_d025_s1002.txt;erdos;50;8;280;0.25;1002;42;50000;342;7816;0;0;9063.49;13159.64199;generation
0008_ea_personalized_inst02_erdos_n50_k8_d025_s1002_s42;ea_personalized;inst02_erdos_n50_k8_d025_s1002;experiments\20260618_124336_best_configs\instances\inst02_erdos_n50_k8_d025_s1002.txt;erdos;50;8;280;0.25;1002;42;50000;343;7838;0;0;7567.41;12892.60385;generation
0008_ea_personalized_inst02_erdos_n50_k8_d025_s1002_s42;ea_personalized;inst02_erdos_n50_k8_d025_s1002;experiments\20260618_124336_best_configs\instances\inst02_erdos_n50_k8_d025_s1002.txt;erdos;50;8;280;0.25;1002;42;50000;344;7864;0;0;6501.93;10423.58238;generation
0008_ea_personalized_inst02_erdos_n50_k8_d025_s1002_s42;ea_personalized;inst02_erdos_n50_k8_d025_s1002;experiments\20260618_124336_best_configs\instances\inst02_erdos_n50_k8_d025_s1002.txt;erdos;50;8;280;0.25;1002;42;50000;345;7897;0;0;8099.27;12342.25061;generation
0008_ea_personalized_inst02_erdos_n50_k8_d025_s1002_s42;ea_personalized;inst02_erdos_n50_k8_d025_s1002;experiments\20260618_124336_best_configs\instances\inst02_erdos_n50_k8_d025_s1002.txt;erdos;50;8;280;0.25;1002;42;50000;346;7922;0;0;10332.99;13255.69186;generation
0008_ea_personalized_inst02_erdos_n50_k8_d025_s1002_s42;ea_personalized;inst02_erdos_n50_k8_d025_s1002;experiments\20260618_124336_best_configs\instances\inst02_erdos_n50_k8_d025_s1002.txt;erdos;50;8;280;0.25;1002;42;50000;347;7948;0;0;6928.24;11306.83806;generation
0008_ea_personalized_inst02_erdos_n50_k8_d025_s1002_s42;ea_personalized;inst02_erdos_n50_k8_d025_s1002;experiments\20260618_124336_best_configs\instances\inst02_erdos_n50_k8_d025_s1002.txt;erdos;50;8;280;0.25;1002;42;50000;348;7975;0;0;5765.54;10691.56073;generation
0008_ea_personalized_inst02_erdos_n50_k8_d025_s1002_s42;ea_personalized;inst02_erdos_n50_k8_d025_s1002;experiments\20260618_124336_best_configs\instances\inst02_erdos_n50_k8_d025_s1002.txt;erdos;50;8;280;0.25;1002;42;50000;349;7998;0;0;7142.57;11376.07369;generation
0008_ea_personalized_inst02_erdos_n50_k8_d025_s1002_s42;ea_personalized;inst02_erdos_n50_k8_d025_s1002;experiments\20260618_124336_best_configs\instances\inst02_erdos_n50_k8_d025_s1002.txt;erdos;50;8;280;0.25;1002;42;50000;350;8024;0;0;8203.77;12855.60784;generation
0008_ea_personalized_inst02_erdos_n50_k8_d025_s1002_s42;ea_personalized;inst02_erdos_n50_k8_d025_s1002;experiments\20260618_124336_best_configs\instances\inst02_erdos_n50_k8_d025_s1002.txt;erdos;50;8;280;0.25;1002;42;50000;351;8048;0;0;5861.63;10689.25556;generation
0008_ea_personalized_inst02_erdos_n50_k8_d025_s1002_s42;ea_personalized;inst02_erdos_n50_k8_d025_s1002;experiments\20260618_124336_best_configs\instances\inst02_erdos_n50_k8_d025_s1002.txt;erdos;50;8;280;0.25;1002;42;50000;352;8078;0;0;8951.23;12754.55165;generation
0008_ea_personalized_inst02_erdos_n50_k8_d025_s1002_s42;ea_personalized;inst02_erdos_n50_k8_d025_s1002;experiments\20260618_124336_best_configs\instances\inst02_erdos_n50_k8_d025_s1002.txt;erdos;50;8;280;0.25;1002;42;50000;353;8104;0;0;9164.21;13046.02779;generation
0008_ea_personalized_inst02_erdos_n50_k8_d025_s1002_s42;ea_personalized;inst02_erdos_n50_k8_d025_s1002;experiments\20260618_124336_best_configs\instances\inst02_erdos_n50_k8_d025_s1002.txt;erdos;50;8;280;0.25;1002;42;50000;354;8129;0;0;7140.29;10766.40895;generation
0008_ea_personalized_inst02_erdos_n50_k8_d025_s1002_s42;ea_personalized;inst02_erdos_n50_k8_d025_s1002;experiments\20260618_124336_best_configs\instances\inst02_erdos_n50_k8_d025_s1002.txt;erdos;50;8;280;0.25;1002;42;50000;355;8150;0;0;7998.85;12265.0294;generation
0008_ea_personalized_inst02_erdos_n50_k8_d025_s1002_s42;ea_personalized;inst02_erdos_n50_k8_d025_s1002;experiments\20260618_124336_best_configs\instances\inst02_erdos_n50_k8_d025_s1002.txt;erdos;50;8;280;0.25;1002;42;50000;356;8175;0;0;9059.47;11797.05829;generation
0008_ea_personalized_inst02_erdos_n50_k8_d025_s1002_s42;ea_personalized;inst02_erdos_n50_k8_d025_s1002;experiments\20260618_124336_best_configs\instances\inst02_erdos_n50_k8_d025_s1002.txt;erdos;50;8;280;0.25;1002;42;50000;357;8197;0;0;7354.62;11438.49689;generation
0008_ea_personalized_inst02_erdos_n50_k8_d025_s1002_s42;ea_personalized;inst02_erdos_n50_k8_d025_s1002;experiments\20260618_124336_best_configs\instances\inst02_erdos_n50_k8_d025_s1002.txt;erdos;50;8;280;0.25;1002;42;50000;358;8224;0;0;6818.67;11018.43078;generation
0008_ea_personalized_inst02_erdos_n50_k8_d025_s1002_s42;ea_personalized;inst02_erdos_n50_k8_d025_s1002;experiments\20260618_124336_best_configs\instances\inst02_erdos_n50_k8_d025_s1002.txt;erdos;50;8;280;0.25;1002;42;50000;359;8249;0;0;7671.57;11770.3854;generation
0008_ea_personalized_inst02_erdos_n50_k8_d025_s1002_s42;ea_personalized;inst02_erdos_n50_k8_d025_s1002;experiments\20260618_124336_best_configs\instances\inst02_erdos_n50_k8_d025_s1002.txt;erdos;50;8;280;0.25;1002;42;50000;360;8274;0;0;7781.57;11746.37031;generation
0008_ea_personalized_inst02_erdos_n50_k8_d025_s1002_s42;ea_personalized;inst02_erdos_n50_k8_d025_s1002;experiments\20260618_124336_best_configs\instances\inst02_erdos_n50_k8_d025_s1002.txt;erdos;50;8;280;0.25;1002;42;50000;361;8299;0;0;8738.44;11799.5916;generation
0008_ea_personalized_inst02_erdos_n50_k8_d025_s1002_s42;ea_personalized;inst02_erdos_n50_k8_d025_s1002;experiments\20260618_124336_best_configs\instances\inst02_erdos_n50_k8_d025_s1002.txt;erdos;50;8;280;0.25;1002;42;50000;362;8326;0;0;9909.45;13150.72945;generation
0008_ea_personalized_inst02_erdos_n50_k8_d025_s1002_s42;ea_personalized;inst02_erdos_n50_k8_d025_s1002;experiments\20260618_124336_best_configs\instances\inst02_erdos_n50_k8_d025_s1002.txt;erdos;50;8;280;0.25;1002;42;50000;363;8349;0;0;7673.84;11077.57993;generation
0008_ea_personalized_inst02_erdos_n50_k8_d025_s1002_s42;ea_personalized;inst02_erdos_n50_k8_d025_s1002;experiments\20260618_124336_best_configs\instances\inst02_erdos_n50_k8_d025_s1002.txt;erdos;50;8;280;0.25;1002;42;50000;364;8380;0;0;9271.09;11435.35552;generation
0008_ea_personalized_inst02_erdos_n50_k8_d025_s1002_s42;ea_personalized;inst02_erdos_n50_k8_d025_s1002;experiments\20260618_124336_best_configs\instances\inst02_erdos_n50_k8_d025_s1002.txt;erdos;50;8;280;0.25;1002;42;50000;365;8408;0;0;8525.84;11953.51733;generation
0008_ea_personalized_inst02_erdos_n50_k8_d025_s1002_s42;ea_personalized;inst02_erdos_n50_k8_d025_s1002;experiments\20260618_124336_best_configs\instances\inst02_erdos_n50_k8_d025_s1002.txt;erdos;50;8;280;0.25;1002;42;50000;366;8437;0;0;9379.68;14228.16537;generation
0008_ea_personalized_inst02_erdos_n50_k8_d025_s1002_s42;ea_personalized;inst02_erdos_n50_k8_d025_s1002;experiments\20260618_124336_best_configs\instances\inst02_erdos_n50_k8_d025_s1002.txt;erdos;50;8;280;0.25;1002;42;50000;367;8466;0;0;5544.19;9815.357196;generation
0008_ea_personalized_inst02_erdos_n50_k8_d025_s1002_s42;ea_personalized;inst02_erdos_n50_k8_d025_s1002;experiments\20260618_124336_best_configs\instances\inst02_erdos_n50_k8_d025_s1002.txt;erdos;50;8;280;0.25;1002;42;50000;368;8492;0;0;10014.74;12673.83088;generation
0008_ea_personalized_inst02_erdos_n50_k8_d025_s1002_s42;ea_personalized;inst02_erdos_n50_k8_d025_s1002;experiments\20260618_124336_best_configs\instances\inst02_erdos_n50_k8_d025_s1002.txt;erdos;50;8;280;0.25;1002;42;50000;369;8521;0;0;7141.81;11273.95487;generation
0008_ea_personalized_inst02_erdos_n50_k8_d025_s1002_s42;ea_personalized;inst02_erdos_n50_k8_d025_s1002;experiments\20260618_124336_best_configs\instances\inst02_erdos_n50_k8_d025_s1002.txt;erdos;50;8;280;0.25;1002;42;50000;370;8549;0;0;8315.94;11910.15813;generation
0008_ea_personalized_inst02_erdos_n50_k8_d025_s1002_s42;ea_personalized;inst02_erdos_n50_k8_d025_s1002;experiments\20260618_124336_best_configs\instances\inst02_erdos_n50_k8_d025_s1002.txt;erdos;50;8;280;0.25;1002;42;50000;371;8579;0;0;8950.28;12117.14025;generation
0008_ea_personalized_inst02_erdos_n50_k8_d025_s1002_s42;ea_personalized;inst02_erdos_n50_k8_d025_s1002;experiments\20260618_124336_best_configs\instances\inst02_erdos_n50_k8_d025_s1002.txt;erdos;50;8;280;0.25;1002;42;50000;372;8607;0;0;9375.96;12892.12955;generation
0008_ea_personalized_inst02_erdos_n50_k8_d025_s1002_s42;ea_personalized;inst02_erdos_n50_k8_d025_s1002;experiments\20260618_124336_best_configs\instances\inst02_erdos_n50_k8_d025_s1002.txt;erdos;50;8;280;0.25;1002;42;50000;373;8638;0;0;7141.13;11767.25019;generation
0008_ea_personalized_inst02_erdos_n50_k8_d025_s1002_s42;ea_personalized;inst02_erdos_n50_k8_d025_s1002;experiments\20260618_124336_best_configs\instances\inst02_erdos_n50_k8_d025_s1002.txt;erdos;50;8;280;0.25;1002;42;50000;374;8666;0;0;7886.83;11726.60528;generation
0008_ea_personalized_inst02_erdos_n50_k8_d025_s1002_s42;ea_personalized;inst02_erdos_n50_k8_d025_s1002;experiments\20260618_124336_best_configs\instances\inst02_erdos_n50_k8_d025_s1002.txt;erdos;50;8;280;0.25;1002;42;50000;375;8690;0;0;9059.88;11986.45787;generation
0008_ea_personalized_inst02_erdos_n50_k8_d025_s1002_s42;ea_personalized;inst02_erdos_n50_k8_d025_s1002;experiments\20260618_124336_best_configs\instances\inst02_erdos_n50_k8_d025_s1002.txt;erdos;50;8;280;0.25;1002;42;50000;376;8716;0;0;8422.81;12262.81658;generation
0008_ea_personalized_inst02_erdos_n50_k8_d025_s1002_s42;ea_personalized;inst02_erdos_n50_k8_d025_s1002;experiments\20260618_124336_best_configs\instances\inst02_erdos_n50_k8_d025_s1002.txt;erdos;50;8;280;0.25;1002;42;50000;377;8739;0;0;6506.34;9626.901604;generation
0008_ea_personalized_inst02_erdos_n50_k8_d025_s1002_s42;ea_personalized;inst02_erdos_n50_k8_d025_s1002;experiments\20260618_124336_best_configs\instances\inst02_erdos_n50_k8_d025_s1002.txt;erdos;50;8;280;0.25;1002;42;50000;378;8764;0;0;8208.9;11650.2338;generation
0008_ea_personalized_inst02_erdos_n50_k8_d025_s1002_s42;ea_personalized;inst02_erdos_n50_k8_d025_s1002;experiments\20260618_124336_best_configs\instances\inst02_erdos_n50_k8_d025_s1002.txt;erdos;50;8;280;0.25;1002;42;50000;379;8786;0;0;7138.6;12333.18715;generation
0008_ea_personalized_inst02_erdos_n50_k8_d025_s1002_s42;ea_personalized;inst02_erdos_n50_k8_d025_s1002;experiments\20260618_124336_best_configs\instances\inst02_erdos_n50_k8_d025_s1002.txt;erdos;50;8;280;0.25;1002;42;50000;380;8807;0;0;7143.28;10105.62281;generation
0008_ea_personalized_inst02_erdos_n50_k8_d025_s1002_s42;ea_personalized;inst02_erdos_n50_k8_d025_s1002;experiments\20260618_124336_best_configs\instances\inst02_erdos_n50_k8_d025_s1002.txt;erdos;50;8;280;0.25;1002;42;50000;381;8831;0;0;5755.91;10153.2936;generation
0008_ea_personalized_inst02_erdos_n50_k8_d025_s1002_s42;ea_personalized;inst02_erdos_n50_k8_d025_s1002;experiments\20260618_124336_best_configs\instances\inst02_erdos_n50_k8_d025_s1002.txt;erdos;50;8;280;0.25;1002;42;50000;382;8852;0;0;8635.51;13442.21261;generation
0008_ea_personalized_inst02_erdos_n50_k8_d025_s1002_s42;ea_personalized;inst02_erdos_n50_k8_d025_s1002;experiments\20260618_124336_best_configs\instances\inst02_erdos_n50_k8_d025_s1002.txt;erdos;50;8;280;0.25;1002;42;50000;383;8871;0;0;8207.12;11253.49607;generation
0008_ea_personalized_inst02_erdos_n50_k8_d025_s1002_s42;ea_personalized;inst02_erdos_n50_k8_d025_s1002;experiments\20260618_124336_best_configs\instances\inst02_erdos_n50_k8_d025_s1002.txt;erdos;50;8;280;0.25;1002;42;50000;384;8887;0;0;7994.78;11799.69423;generation
0008_ea_personalized_inst02_erdos_n50_k8_d025_s1002_s42;ea_personalized;inst02_erdos_n50_k8_d025_s1002;experiments\20260618_124336_best_configs\instances\inst02_erdos_n50_k8_d025_s1002.txt;erdos;50;8;280;0.25;1002;42;50000;385;8907;0;0;6290.67;10550.72068;generation
0008_ea_personalized_inst02_erdos_n50_k8_d025_s1002_s42;ea_personalized;inst02_erdos_n50_k8_d025_s1002;experiments\20260618_124336_best_configs\instances\inst02_erdos_n50_k8_d025_s1002.txt;erdos;50;8;280;0.25;1002;42;50000;386;8929;0;0;5756.18;10150.15517;generation
0008_ea_personalized_inst02_erdos_n50_k8_d025_s1002_s42;ea_personalized;inst02_erdos_n50_k8_d025_s1002;experiments\20260618_124336_best_configs\instances\inst02_erdos_n50_k8_d025_s1002.txt;erdos;50;8;280;0.25;1002;42;50000;387;8947;0;0;8844.93;12693.85912;generation
0008_ea_personalized_inst02_erdos_n50_k8_d025_s1002_s42;ea_personalized;inst02_erdos_n50_k8_d025_s1002;experiments\20260618_124336_best_configs\instances\inst02_erdos_n50_k8_d025_s1002.txt;erdos;50;8;280;0.25;1002;42;50000;388;8967;0;0;7138.72;11671.38459;generation
0008_ea_personalized_inst02_erdos_n50_k8_d025_s1002_s42;ea_personalized;inst02_erdos_n50_k8_d025_s1002;experiments\20260618_124336_best_configs\instances\inst02_erdos_n50_k8_d025_s1002.txt;erdos;50;8;280;0.25;1002;42;50000;389;8983;0;0;9165.76;13044.17855;generation
0008_ea_personalized_inst02_erdos_n50_k8_d025_s1002_s42;ea_personalized;inst02_erdos_n50_k8_d025_s1002;experiments\20260618_124336_best_configs\instances\inst02_erdos_n50_k8_d025_s1002.txt;erdos;50;8;280;0.25;1002;42;50000;390;9005;0;0;7776.1;11941.38583;generation
0008_ea_personalized_inst02_erdos_n50_k8_d025_s1002_s42;ea_personalized;inst02_erdos_n50_k8_d025_s1002;experiments\20260618_124336_best_configs\instances\inst02_erdos_n50_k8_d025_s1002.txt;erdos;50;8;280;0.25;1002;42;50000;391;9031;0;0;7140.42;11572.74115;generation
0008_ea_personalized_inst02_erdos_n50_k8_d025_s1002_s42;ea_personalized;inst02_erdos_n50_k8_d025_s1002;experiments\20260618_124336_best_configs\instances\inst02_erdos_n50_k8_d025_s1002.txt;erdos;50;8;280;0.25;1002;42;50000;392;9050;0;0;10016.69;12854.54097;generation
0008_ea_personalized_inst02_erdos_n50_k8_d025_s1002_s42;ea_personalized;inst02_erdos_n50_k8_d025_s1002;experiments\20260618_124336_best_configs\instances\inst02_erdos_n50_k8_d025_s1002.txt;erdos;50;8;280;0.25;1002;42;50000;393;9070;0;0;8630.57;12573.31604;generation
0008_ea_personalized_inst02_erdos_n50_k8_d025_s1002_s42;ea_personalized;inst02_erdos_n50_k8_d025_s1002;experiments\20260618_124336_best_configs\instances\inst02_erdos_n50_k8_d025_s1002.txt;erdos;50;8;280;0.25;1002;42;50000;394;9088;0;0;9488.56;14670.99242;generation
0008_ea_personalized_inst02_erdos_n50_k8_d025_s1002_s42;ea_personalized;inst02_erdos_n50_k8_d025_s1002;experiments\20260618_124336_best_configs\instances\inst02_erdos_n50_k8_d025_s1002.txt;erdos;50;8;280;0.25;1002;42;50000;395;9106;0;0;7783.4;12416.74654;generation
0008_ea_personalized_inst02_erdos_n50_k8_d025_s1002_s42;ea_personalized;inst02_erdos_n50_k8_d025_s1002;experiments\20260618_124336_best_configs\instances\inst02_erdos_n50_k8_d025_s1002.txt;erdos;50;8;280;0.25;1002;42;50000;396;9127;0;0;7780.87;11152.23781;generation
0008_ea_personalized_inst02_erdos_n50_k8_d025_s1002_s42;ea_personalized;inst02_erdos_n50_k8_d025_s1002;experiments\20260618_124336_best_configs\instances\inst02_erdos_n50_k8_d025_s1002.txt;erdos;50;8;280;0.25;1002;42;50000;397;9145;0;0;8632.4;12303.6217;generation
0008_ea_personalized_inst02_erdos_n50_k8_d025_s1002_s42;ea_personalized;inst02_erdos_n50_k8_d025_s1002;experiments\20260618_124336_best_configs\instances\inst02_erdos_n50_k8_d025_s1002.txt;erdos;50;8;280;0.25;1002;42;50000;398;9165;0;0;9059.74;13073.30718;generation
0008_ea_personalized_inst02_erdos_n50_k8_d025_s1002_s42;ea_personalized;inst02_erdos_n50_k8_d025_s1002;experiments\20260618_124336_best_configs\instances\inst02_erdos_n50_k8_d025_s1002.txt;erdos;50;8;280;0.25;1002;42;50000;399;9181;0;0;8846.81;12422.43568;generation
0008_ea_personalized_inst02_erdos_n50_k8_d025_s1002_s42;ea_personalized;inst02_erdos_n50_k8_d025_s1002;experiments\20260618_124336_best_configs\instances\inst02_erdos_n50_k8_d025_s1002.txt;erdos;50;8;280;0.25;1002;42;50000;400;9202;0;0;8310.78;12831.28568;generation
0008_ea_personalized_inst02_erdos_n50_k8_d025_s1002_s42;ea_personalized;inst02_erdos_n50_k8_d025_s1002;experiments\20260618_124336_best_configs\instances\inst02_erdos_n50_k8_d025_s1002.txt;erdos;50;8;280;0.25;1002;42;50000;401;9219;0;0;6716.03;10396.13545;generation
0008_ea_personalized_inst02_erdos_n50_k8_d025_s1002_s42;ea_personalized;inst02_erdos_n50_k8_d025_s1002;experiments\20260618_124336_best_configs\instances\inst02_erdos_n50_k8_d025_s1002.txt;erdos;50;8;280;0.25;1002;42;50000;402;9235;0;0;8417.76;12893.51721;generation
0008_ea_personalized_inst02_erdos_n50_k8_d025_s1002_s42;ea_personalized;inst02_erdos_n50_k8_d025_s1002;experiments\20260618_124336_best_configs\instances\inst02_erdos_n50_k8_d025_s1002.txt;erdos;50;8;280;0.25;1002;42;50000;403;9252;0;0;5860.2;10899.87929;generation
0008_ea_personalized_inst02_erdos_n50_k8_d025_s1002_s42;ea_personalized;inst02_erdos_n50_k8_d025_s1002;experiments\20260618_124336_best_configs\instances\inst02_erdos_n50_k8_d025_s1002.txt;erdos;50;8;280;0.25;1002;42;50000;404;9267;0;0;6504.43;10846.61113;generation
0008_ea_personalized_inst02_erdos_n50_k8_d025_s1002_s42;ea_personalized;inst02_erdos_n50_k8_d025_s1002;experiments\20260618_124336_best_configs\instances\inst02_erdos_n50_k8_d025_s1002.txt;erdos;50;8;280;0.25;1002;42;50000;405;9286;0;0;7142.76;12052.95048;generation
0008_ea_personalized_inst02_erdos_n50_k8_d025_s1002_s42;ea_personalized;inst02_erdos_n50_k8_d025_s1002;experiments\20260618_124336_best_configs\instances\inst02_erdos_n50_k8_d025_s1002.txt;erdos;50;8;280;0.25;1002;42;50000;406;9303;0;0;7354.78;11634.9936;generation
0008_ea_personalized_inst02_erdos_n50_k8_d025_s1002_s42;ea_personalized;inst02_erdos_n50_k8_d025_s1002;experiments\20260618_124336_best_configs\instances\inst02_erdos_n50_k8_d025_s1002.txt;erdos;50;8;280;0.25;1002;42;50000;407;9322;0;0;7247.68;11941.39997;generation
0008_ea_personalized_inst02_erdos_n50_k8_d025_s1002_s42;ea_personalized;inst02_erdos_n50_k8_d025_s1002;experiments\20260618_124336_best_configs\instances\inst02_erdos_n50_k8_d025_s1002.txt;erdos;50;8;280;0.25;1002;42;50000;408;9338;0;0;7248.01;11750.60026;generation
0008_ea_personalized_inst02_erdos_n50_k8_d025_s1002_s42;ea_personalized;inst02_erdos_n50_k8_d025_s1002;experiments\20260618_124336_best_configs\instances\inst02_erdos_n50_k8_d025_s1002.txt;erdos;50;8;280;0.25;1002;42;50000;409;9355;0;0;7246.33;12318.45863;generation
0008_ea_personalized_inst02_erdos_n50_k8_d025_s1002_s42;ea_personalized;inst02_erdos_n50_k8_d025_s1002;experiments\20260618_124336_best_configs\instances\inst02_erdos_n50_k8_d025_s1002.txt;erdos;50;8;280;0.25;1002;42;50000;410;9376;0;0;8314.72;12005.93788;generation
0008_ea_personalized_inst02_erdos_n50_k8_d025_s1002_s42;ea_personalized;inst02_erdos_n50_k8_d025_s1002;experiments\20260618_124336_best_configs\instances\inst02_erdos_n50_k8_d025_s1002.txt;erdos;50;8;280;0.25;1002;42;50000;411;9398;0;0;7467.56;12008.33272;generation
0008_ea_personalized_inst02_erdos_n50_k8_d025_s1002_s42;ea_personalized;inst02_erdos_n50_k8_d025_s1002;experiments\20260618_124336_best_configs\instances\inst02_erdos_n50_k8_d025_s1002.txt;erdos;50;8;280;0.25;1002;42;50000;412;9413;0;0;7778.95;11254.904;generation
0008_ea_personalized_inst02_erdos_n50_k8_d025_s1002_s42;ea_personalized;inst02_erdos_n50_k8_d025_s1002;experiments\20260618_124336_best_configs\instances\inst02_erdos_n50_k8_d025_s1002.txt;erdos;50;8;280;0.25;1002;42;50000;413;9428;0;0;5968.66;10576.04007;generation
0008_ea_personalized_inst02_erdos_n50_k8_d025_s1002_s42;ea_personalized;inst02_erdos_n50_k8_d025_s1002;experiments\20260618_124336_best_configs\instances\inst02_erdos_n50_k8_d025_s1002.txt;erdos;50;8;280;0.25;1002;42;50000;414;9445;0;0;9697.21;14135.4657;generation
0008_ea_personalized_inst02_erdos_n50_k8_d025_s1002_s42;ea_personalized;inst02_erdos_n50_k8_d025_s1002;experiments\20260618_124336_best_configs\instances\inst02_erdos_n50_k8_d025_s1002.txt;erdos;50;8;280;0.25;1002;42;50000;415;9471;0;0;7995.65;11404.43862;generation
0008_ea_personalized_inst02_erdos_n50_k8_d025_s1002_s42;ea_personalized;inst02_erdos_n50_k8_d025_s1002;experiments\20260618_124336_best_configs\instances\inst02_erdos_n50_k8_d025_s1002.txt;erdos;50;8;280;0.25;1002;42;50000;416;9534;0;0;7468.48;12194.244;generation
0008_ea_personalized_inst02_erdos_n50_k8_d025_s1002_s42;ea_personalized;inst02_erdos_n50_k8_d025_s1002;experiments\20260618_124336_best_configs\instances\inst02_erdos_n50_k8_d025_s1002.txt;erdos;50;8;280;0.25;1002;42;50000;417;9567;0;0;6820.05;11221.52559;generation
0008_ea_personalized_inst02_erdos_n50_k8_d025_s1002_s42;ea_personalized;inst02_erdos_n50_k8_d025_s1002;experiments\20260618_124336_best_configs\instances\inst02_erdos_n50_k8_d025_s1002.txt;erdos;50;8;280;0.25;1002;42;50000;418;9601;0;0;8096.68;12521.92688;generation
0008_ea_personalized_inst02_erdos_n50_k8_d025_s1002_s42;ea_personalized;inst02_erdos_n50_k8_d025_s1002;experiments\20260618_124336_best_configs\instances\inst02_erdos_n50_k8_d025_s1002.txt;erdos;50;8;280;0.25;1002;42;50000;419;9630;0;0;7461.26;12188.36316;generation
0008_ea_personalized_inst02_erdos_n50_k8_d025_s1002_s42;ea_personalized;inst02_erdos_n50_k8_d025_s1002;experiments\20260618_124336_best_configs\instances\inst02_erdos_n50_k8_d025_s1002.txt;erdos;50;8;280;0.25;1002;42;50000;420;9666;0;0;9485.46;13874.52746;generation
0008_ea_personalized_inst02_erdos_n50_k8_d025_s1002_s42;ea_personalized;inst02_erdos_n50_k8_d025_s1002;experiments\20260618_124336_best_configs\instances\inst02_erdos_n50_k8_d025_s1002.txt;erdos;50;8;280;0.25;1002;42;50000;421;9697;0;0;5864.48;9447.875741;generation
0008_ea_personalized_inst02_erdos_n50_k8_d025_s1002_s42;ea_personalized;inst02_erdos_n50_k8_d025_s1002;experiments\20260618_124336_best_configs\instances\inst02_erdos_n50_k8_d025_s1002.txt;erdos;50;8;280;0.25;1002;42;50000;422;9720;0;0;9593.5;13000.49621;generation
0008_ea_personalized_inst02_erdos_n50_k8_d025_s1002_s42;ea_personalized;inst02_erdos_n50_k8_d025_s1002;experiments\20260618_124336_best_configs\instances\inst02_erdos_n50_k8_d025_s1002.txt;erdos;50;8;280;0.25;1002;42;50000;423;9752;0;0;5653.02;9810.281654;generation
0008_ea_personalized_inst02_erdos_n50_k8_d025_s1002_s42;ea_personalized;inst02_erdos_n50_k8_d025_s1002;experiments\20260618_124336_best_configs\instances\inst02_erdos_n50_k8_d025_s1002.txt;erdos;50;8;280;0.25;1002;42;50000;424;9779;0;0;7354.5;11829.02276;generation
0008_ea_personalized_inst02_erdos_n50_k8_d025_s1002_s42;ea_personalized;inst02_erdos_n50_k8_d025_s1002;experiments\20260618_124336_best_configs\instances\inst02_erdos_n50_k8_d025_s1002.txt;erdos;50;8;280;0.25;1002;42;50000;425;9812;0;0;7891.56;11125.35475;generation
0008_ea_personalized_inst02_erdos_n50_k8_d025_s1002_s42;ea_personalized;inst02_erdos_n50_k8_d025_s1002;experiments\20260618_124336_best_configs\instances\inst02_erdos_n50_k8_d025_s1002.txt;erdos;50;8;280;0.25;1002;42;50000;426;9845;0;0;9059.99;13159.45737;generation
0008_ea_personalized_inst02_erdos_n50_k8_d025_s1002_s42;ea_personalized;inst02_erdos_n50_k8_d025_s1002;experiments\20260618_124336_best_configs\instances\inst02_erdos_n50_k8_d025_s1002.txt;erdos;50;8;280;0.25;1002;42;50000;427;9869;0;0;9161.16;12330.30277;generation
0008_ea_personalized_inst02_erdos_n50_k8_d025_s1002_s42;ea_personalized;inst02_erdos_n50_k8_d025_s1002;experiments\20260618_124336_best_configs\instances\inst02_erdos_n50_k8_d025_s1002.txt;erdos;50;8;280;0.25;1002;42;50000;428;9891;0;0;7670.92;13050.42515;generation
0008_ea_personalized_inst02_erdos_n50_k8_d025_s1002_s42;ea_personalized;inst02_erdos_n50_k8_d025_s1002;experiments\20260618_124336_best_configs\instances\inst02_erdos_n50_k8_d025_s1002.txt;erdos;50;8;280;0.25;1002;42;50000;429;9912;0;0;7671.25;11378.43839;generation
0008_ea_personalized_inst02_erdos_n50_k8_d025_s1002_s42;ea_personalized;inst02_erdos_n50_k8_d025_s1002;experiments\20260618_124336_best_configs\instances\inst02_erdos_n50_k8_d025_s1002.txt;erdos;50;8;280;0.25;1002;42;50000;430;9939;0;0;9057.29;12452.44629;generation
0008_ea_personalized_inst02_erdos_n50_k8_d025_s1002_s42;ea_personalized;inst02_erdos_n50_k8_d025_s1002;experiments\20260618_124336_best_configs\instances\inst02_erdos_n50_k8_d025_s1002.txt;erdos;50;8;280;0.25;1002;42;50000;431;9967;0;0;7678.91;11865.61278;generation
0008_ea_personalized_inst02_erdos_n50_k8_d025_s1002_s42;ea_personalized;inst02_erdos_n50_k8_d025_s1002;experiments\20260618_124336_best_configs\instances\inst02_erdos_n50_k8_d025_s1002.txt;erdos;50;8;280;0.25;1002;42;50000;432;10000;0;0;9596.22;12644.41039;generation
0008_ea_personalized_inst02_erdos_n50_k8_d025_s1002_s42;ea_personalized;inst02_erdos_n50_k8_d025_s1002;experiments\20260618_124336_best_configs\instances\inst02_erdos_n50_k8_d025_s1002.txt;erdos;50;8;280;0.25;1002;42;50000;433;10029;0;0;9063.19;13582.95129;generation
0008_ea_personalized_inst02_erdos_n50_k8_d025_s1002_s42;ea_personalized;inst02_erdos_n50_k8_d025_s1002;experiments\20260618_124336_best_configs\instances\inst02_erdos_n50_k8_d025_s1002.txt;erdos;50;8;280;0.25;1002;42;50000;434;10061;0;0;8847.91;12959.38152;generation
0008_ea_personalized_inst02_erdos_n50_k8_d025_s1002_s42;ea_personalized;inst02_erdos_n50_k8_d025_s1002;experiments\20260618_124336_best_configs\instances\inst02_erdos_n50_k8_d025_s1002.txt;erdos;50;8;280;0.25;1002;42;50000;435;10107;0;0;9062.17;13071.99113;generation
0008_ea_personalized_inst02_erdos_n50_k8_d025_s1002_s42;ea_personalized;inst02_erdos_n50_k8_d025_s1002;experiments\20260618_124336_best_configs\instances\inst02_erdos_n50_k8_d025_s1002.txt;erdos;50;8;280;0.25;1002;42;50000;436;10135;0;0;5975.12;10890.5165;generation
0008_ea_personalized_inst02_erdos_n50_k8_d025_s1002_s42;ea_personalized;inst02_erdos_n50_k8_d025_s1002;experiments\20260618_124336_best_configs\instances\inst02_erdos_n50_k8_d025_s1002.txt;erdos;50;8;280;0.25;1002;42;50000;437;10166;0;0;7248.62;11846.66119;generation
0008_ea_personalized_inst02_erdos_n50_k8_d025_s1002_s42;ea_personalized;inst02_erdos_n50_k8_d025_s1002;experiments\20260618_124336_best_configs\instances\inst02_erdos_n50_k8_d025_s1002.txt;erdos;50;8;280;0.25;1002;42;50000;438;10192;0;0;7780.07;12131.73321;generation
0008_ea_personalized_inst02_erdos_n50_k8_d025_s1002_s42;ea_personalized;inst02_erdos_n50_k8_d025_s1002;experiments\20260618_124336_best_configs\instances\inst02_erdos_n50_k8_d025_s1002.txt;erdos;50;8;280;0.25;1002;42;50000;439;10218;0;0;5544.68;9929.229342;generation
0008_ea_personalized_inst02_erdos_n50_k8_d025_s1002_s42;ea_personalized;inst02_erdos_n50_k8_d025_s1002;experiments\20260618_124336_best_configs\instances\inst02_erdos_n50_k8_d025_s1002.txt;erdos;50;8;280;0.25;1002;42;50000;440;10246;0;0;7569.07;11886.01987;generation
0008_ea_personalized_inst02_erdos_n50_k8_d025_s1002_s42;ea_personalized;inst02_erdos_n50_k8_d025_s1002;experiments\20260618_124336_best_configs\instances\inst02_erdos_n50_k8_d025_s1002.txt;erdos;50;8;280;0.25;1002;42;50000;441;10280;0;0;5651.56;9576.874575;generation
0008_ea_personalized_inst02_erdos_n50_k8_d025_s1002_s42;ea_personalized;inst02_erdos_n50_k8_d025_s1002;experiments\20260618_124336_best_configs\instances\inst02_erdos_n50_k8_d025_s1002.txt;erdos;50;8;280;0.25;1002;42;50000;442;10303;0;0;7888.61;12290.28668;generation
0008_ea_personalized_inst02_erdos_n50_k8_d025_s1002_s42;ea_personalized;inst02_erdos_n50_k8_d025_s1002;experiments\20260618_124336_best_configs\instances\inst02_erdos_n50_k8_d025_s1002.txt;erdos;50;8;280;0.25;1002;42;50000;443;10322;0;0;8630.45;12752.90314;generation
0008_ea_personalized_inst02_erdos_n50_k8_d025_s1002_s42;ea_personalized;inst02_erdos_n50_k8_d025_s1002;experiments\20260618_124336_best_configs\instances\inst02_erdos_n50_k8_d025_s1002.txt;erdos;50;8;280;0.25;1002;42;50000;444;10349;0;0;9697.53;13476.93908;generation
0008_ea_personalized_inst02_erdos_n50_k8_d025_s1002_s42;ea_personalized;inst02_erdos_n50_k8_d025_s1002;experiments\20260618_124336_best_configs\instances\inst02_erdos_n50_k8_d025_s1002.txt;erdos;50;8;280;0.25;1002;42;50000;445;10380;0;0;7033.32;10777.78305;generation
0008_ea_personalized_inst02_erdos_n50_k8_d025_s1002_s42;ea_personalized;inst02_erdos_n50_k8_d025_s1002;experiments\20260618_124336_best_configs\instances\inst02_erdos_n50_k8_d025_s1002.txt;erdos;50;8;280;0.25;1002;42;50000;446;10412;0;0;7567.17;12626.56054;generation
0008_ea_personalized_inst02_erdos_n50_k8_d025_s1002_s42;ea_personalized;inst02_erdos_n50_k8_d025_s1002;experiments\20260618_124336_best_configs\instances\inst02_erdos_n50_k8_d025_s1002.txt;erdos;50;8;280;0.25;1002;42;50000;447;10432;0;0;9271.99;12013.76701;generation
0008_ea_personalized_inst02_erdos_n50_k8_d025_s1002_s42;ea_personalized;inst02_erdos_n50_k8_d025_s1002;experiments\20260618_124336_best_configs\instances\inst02_erdos_n50_k8_d025_s1002.txt;erdos;50;8;280;0.25;1002;42;50000;448;10456;0;0;7034.72;10347.72052;generation
0008_ea_personalized_inst02_erdos_n50_k8_d025_s1002_s42;ea_personalized;inst02_erdos_n50_k8_d025_s1002;experiments\20260618_124336_best_configs\instances\inst02_erdos_n50_k8_d025_s1002.txt;erdos;50;8;280;0.25;1002;42;50000;449;10482;0;0;8316.35;12469.10166;generation
0008_ea_personalized_inst02_erdos_n50_k8_d025_s1002_s42;ea_personalized;inst02_erdos_n50_k8_d025_s1002;experiments\20260618_124336_best_configs\instances\inst02_erdos_n50_k8_d025_s1002.txt;erdos;50;8;280;0.25;1002;42;50000;450;10506;0;0;6930.63;10896.79317;generation
0008_ea_personalized_inst02_erdos_n50_k8_d025_s1002_s42;ea_personalized;inst02_erdos_n50_k8_d025_s1002;experiments\20260618_124336_best_configs\instances\inst02_erdos_n50_k8_d025_s1002.txt;erdos;50;8;280;0.25;1002;42;50000;451;10526;0;0;7041.19;11195.78321;generation
0008_ea_personalized_inst02_erdos_n50_k8_d025_s1002_s42;ea_personalized;inst02_erdos_n50_k8_d025_s1002;experiments\20260618_124336_best_configs\instances\inst02_erdos_n50_k8_d025_s1002.txt;erdos;50;8;280;0.25;1002;42;50000;452;10549;0;0;7140.81;10870.85093;generation
0008_ea_personalized_inst02_erdos_n50_k8_d025_s1002_s42;ea_personalized;inst02_erdos_n50_k8_d025_s1002;experiments\20260618_124336_best_configs\instances\inst02_erdos_n50_k8_d025_s1002.txt;erdos;50;8;280;0.25;1002;42;50000;453;10576;0;0;7353.62;11732.40602;generation
0008_ea_personalized_inst02_erdos_n50_k8_d025_s1002_s42;ea_personalized;inst02_erdos_n50_k8_d025_s1002;experiments\20260618_124336_best_configs\instances\inst02_erdos_n50_k8_d025_s1002.txt;erdos;50;8;280;0.25;1002;42;50000;454;10594;0;0;8737.14;11702.10677;generation
0008_ea_personalized_inst02_erdos_n50_k8_d025_s1002_s42;ea_personalized;inst02_erdos_n50_k8_d025_s1002;experiments\20260618_124336_best_configs\instances\inst02_erdos_n50_k8_d025_s1002.txt;erdos;50;8;280;0.25;1002;42;50000;455;10620;0;0;6611.07;11041.9401;generation
0008_ea_personalized_inst02_erdos_n50_k8_d025_s1002_s42;ea_personalized;inst02_erdos_n50_k8_d025_s1002;experiments\20260618_124336_best_configs\instances\inst02_erdos_n50_k8_d025_s1002.txt;erdos;50;8;280;0.25;1002;42;50000;456;10647;0;0;7249.15;10950.9485;generation
0008_ea_personalized_inst02_erdos_n50_k8_d025_s1002_s42;ea_personalized;inst02_erdos_n50_k8_d025_s1002;experiments\20260618_124336_best_configs\instances\inst02_erdos_n50_k8_d025_s1002.txt;erdos;50;8;280;0.25;1002;42;50000;457;10667;0;0;6821.9;11016.4189;generation
0008_ea_personalized_inst02_erdos_n50_k8_d025_s1002_s42;ea_personalized;inst02_erdos_n50_k8_d025_s1002;experiments\20260618_124336_best_configs\instances\inst02_erdos_n50_k8_d025_s1002.txt;erdos;50;8;280;0.25;1002;42;50000;458;10689;0;0;6182.24;9545.444835;generation
0008_ea_personalized_inst02_erdos_n50_k8_d025_s1002_s42;ea_personalized;inst02_erdos_n50_k8_d025_s1002;experiments\20260618_124336_best_configs\instances\inst02_erdos_n50_k8_d025_s1002.txt;erdos;50;8;280;0.25;1002;42;50000;459;10714;0;0;9593.05;11808.85163;generation
0008_ea_personalized_inst02_erdos_n50_k8_d025_s1002_s42;ea_personalized;inst02_erdos_n50_k8_d025_s1002;experiments\20260618_124336_best_configs\instances\inst02_erdos_n50_k8_d025_s1002.txt;erdos;50;8;280;0.25;1002;42;50000;460;10740;0;0;6935.42;12449.19373;generation
0008_ea_personalized_inst02_erdos_n50_k8_d025_s1002_s42;ea_personalized;inst02_erdos_n50_k8_d025_s1002;experiments\20260618_124336_best_configs\instances\inst02_erdos_n50_k8_d025_s1002.txt;erdos;50;8;280;0.25;1002;42;50000;461;10761;0;0;6510.22;11155.47746;generation
0008_ea_personalized_inst02_erdos_n50_k8_d025_s1002_s42;ea_personalized;inst02_erdos_n50_k8_d025_s1002;experiments\20260618_124336_best_configs\instances\inst02_erdos_n50_k8_d025_s1002.txt;erdos;50;8;280;0.25;1002;42;50000;462;10775;0;0;8525.23;13387.96628;generation
0008_ea_personalized_inst02_erdos_n50_k8_d025_s1002_s42;ea_personalized;inst02_erdos_n50_k8_d025_s1002;experiments\20260618_124336_best_configs\instances\inst02_erdos_n50_k8_d025_s1002.txt;erdos;50;8;280;0.25;1002;42;50000;463;10790;0;0;7041.19;11490.48701;generation
0008_ea_personalized_inst02_erdos_n50_k8_d025_s1002_s42;ea_personalized;inst02_erdos_n50_k8_d025_s1002;experiments\20260618_124336_best_configs\instances\inst02_erdos_n50_k8_d025_s1002.txt;erdos;50;8;280;0.25;1002;42;50000;464;10803;0;0;9494.23;13713.23418;generation
0008_ea_personalized_inst02_erdos_n50_k8_d025_s1002_s42;ea_personalized;inst02_erdos_n50_k8_d025_s1002;experiments\20260618_124336_best_configs\instances\inst02_erdos_n50_k8_d025_s1002.txt;erdos;50;8;280;0.25;1002;42;50000;465;10827;0;0;7681.34;11672.99017;generation
0008_ea_personalized_inst02_erdos_n50_k8_d025_s1002_s42;ea_personalized;inst02_erdos_n50_k8_d025_s1002;experiments\20260618_124336_best_configs\instances\inst02_erdos_n50_k8_d025_s1002.txt;erdos;50;8;280;0.25;1002;42;50000;466;10846;0;0;6499.46;10202.925;generation
0008_ea_personalized_inst02_erdos_n50_k8_d025_s1002_s42;ea_personalized;inst02_erdos_n50_k8_d025_s1002;experiments\20260618_124336_best_configs\instances\inst02_erdos_n50_k8_d025_s1002.txt;erdos;50;8;280;0.25;1002;42;50000;467;10863;0;0;9382.2;12893.11643;generation
0008_ea_personalized_inst02_erdos_n50_k8_d025_s1002_s42;ea_personalized;inst02_erdos_n50_k8_d025_s1002;experiments\20260618_124336_best_configs\instances\inst02_erdos_n50_k8_d025_s1002.txt;erdos;50;8;280;0.25;1002;42;50000;468;10880;0;0;5757.43;10036.8798;generation
0008_ea_personalized_inst02_erdos_n50_k8_d025_s1002_s42;ea_personalized;inst02_erdos_n50_k8_d025_s1002;experiments\20260618_124336_best_configs\instances\inst02_erdos_n50_k8_d025_s1002.txt;erdos;50;8;280;0.25;1002;42;50000;469;10894;0;0;8420.84;13325.65317;generation
0008_ea_personalized_inst02_erdos_n50_k8_d025_s1002_s42;ea_personalized;inst02_erdos_n50_k8_d025_s1002;experiments\20260618_124336_best_configs\instances\inst02_erdos_n50_k8_d025_s1002.txt;erdos;50;8;280;0.25;1002;42;50000;470;10908;0;0;9694.09;12789.54033;generation
0008_ea_personalized_inst02_erdos_n50_k8_d025_s1002_s42;ea_personalized;inst02_erdos_n50_k8_d025_s1002;experiments\20260618_124336_best_configs\instances\inst02_erdos_n50_k8_d025_s1002.txt;erdos;50;8;280;0.25;1002;42;50000;471;10921;0;0;7781.07;11552.0694;generation
0008_ea_personalized_inst02_erdos_n50_k8_d025_s1002_s42;ea_personalized;inst02_erdos_n50_k8_d025_s1002;experiments\20260618_124336_best_configs\instances\inst02_erdos_n50_k8_d025_s1002.txt;erdos;50;8;280;0.25;1002;42;50000;472;10943;0;0;8958.71;13692.74519;generation
0008_ea_personalized_inst02_erdos_n50_k8_d025_s1002_s42;ea_personalized;inst02_erdos_n50_k8_d025_s1002;experiments\20260618_124336_best_configs\instances\inst02_erdos_n50_k8_d025_s1002.txt;erdos;50;8;280;0.25;1002;42;50000;473;10957;0;0;9486.43;12768.53579;generation
0008_ea_personalized_inst02_erdos_n50_k8_d025_s1002_s42;ea_personalized;inst02_erdos_n50_k8_d025_s1002;experiments\20260618_124336_best_configs\instances\inst02_erdos_n50_k8_d025_s1002.txt;erdos;50;8;280;0.25;1002;42;50000;474;10969;0;0;6822.98;10913.0586;generation
0008_ea_personalized_inst02_erdos_n50_k8_d025_s1002_s42;ea_personalized;inst02_erdos_n50_k8_d025_s1002;experiments\20260618_124336_best_configs\instances\inst02_erdos_n50_k8_d025_s1002.txt;erdos;50;8;280;0.25;1002;42;50000;475;10991;0;0;6294;9650.368589;generation
0008_ea_personalized_inst02_erdos_n50_k8_d025_s1002_s42;ea_personalized;inst02_erdos_n50_k8_d025_s1002;experiments\20260618_124336_best_configs\instances\inst02_erdos_n50_k8_d025_s1002.txt;erdos;50;8;280;0.25;1002;42;50000;476;11011;0;0;6399.38;9987.117213;generation
0008_ea_personalized_inst02_erdos_n50_k8_d025_s1002_s42;ea_personalized;inst02_erdos_n50_k8_d025_s1002;experiments\20260618_124336_best_configs\instances\inst02_erdos_n50_k8_d025_s1002.txt;erdos;50;8;280;0.25;1002;42;50000;477;11029;0;0;6287.98;10227.00059;generation
0008_ea_personalized_inst02_erdos_n50_k8_d025_s1002_s42;ea_personalized;inst02_erdos_n50_k8_d025_s1002;experiments\20260618_124336_best_configs\instances\inst02_erdos_n50_k8_d025_s1002.txt;erdos;50;8;280;0.25;1002;42;50000;478;11047;0;0;5332.05;10157.01045;generation
0008_ea_personalized_inst02_erdos_n50_k8_d025_s1002_s42;ea_personalized;inst02_erdos_n50_k8_d025_s1002;experiments\20260618_124336_best_configs\instances\inst02_erdos_n50_k8_d025_s1002.txt;erdos;50;8;280;0.25;1002;42;50000;479;11072;0;0;8735.23;13587.367;generation
0008_ea_personalized_inst02_erdos_n50_k8_d025_s1002_s42;ea_personalized;inst02_erdos_n50_k8_d025_s1002;experiments\20260618_124336_best_configs\instances\inst02_erdos_n50_k8_d025_s1002.txt;erdos;50;8;280;0.25;1002;42;50000;480;11096;0;0;6824.84;10709.55321;generation
0008_ea_personalized_inst02_erdos_n50_k8_d025_s1002_s42;ea_personalized;inst02_erdos_n50_k8_d025_s1002;experiments\20260618_124336_best_configs\instances\inst02_erdos_n50_k8_d025_s1002.txt;erdos;50;8;280;0.25;1002;42;50000;481;11121;0;0;7992.79;12723.24455;generation
0008_ea_personalized_inst02_erdos_n50_k8_d025_s1002_s42;ea_personalized;inst02_erdos_n50_k8_d025_s1002;experiments\20260618_124336_best_configs\instances\inst02_erdos_n50_k8_d025_s1002.txt;erdos;50;8;280;0.25;1002;42;50000;482;11145;0;0;9483.42;12679.94221;generation
0008_ea_personalized_inst02_erdos_n50_k8_d025_s1002_s42;ea_personalized;inst02_erdos_n50_k8_d025_s1002;experiments\20260618_124336_best_configs\instances\inst02_erdos_n50_k8_d025_s1002.txt;erdos;50;8;280;0.25;1002;42;50000;483;11162;0;0;6184.72;10982.72032;generation
0008_ea_personalized_inst02_erdos_n50_k8_d025_s1002_s42;ea_personalized;inst02_erdos_n50_k8_d025_s1002;experiments\20260618_124336_best_configs\instances\inst02_erdos_n50_k8_d025_s1002.txt;erdos;50;8;280;0.25;1002;42;50000;484;11181;0;0;9057.3;12176.17839;generation
0008_ea_personalized_inst02_erdos_n50_k8_d025_s1002_s42;ea_personalized;inst02_erdos_n50_k8_d025_s1002;experiments\20260618_124336_best_configs\instances\inst02_erdos_n50_k8_d025_s1002.txt;erdos;50;8;280;0.25;1002;42;50000;485;11203;0;0;6718.06;11433.37526;generation
0008_ea_personalized_inst02_erdos_n50_k8_d025_s1002_s42;ea_personalized;inst02_erdos_n50_k8_d025_s1002;experiments\20260618_124336_best_configs\instances\inst02_erdos_n50_k8_d025_s1002.txt;erdos;50;8;280;0.25;1002;42;50000;486;11223;0;0;6721.22;11725.23568;generation
0008_ea_personalized_inst02_erdos_n50_k8_d025_s1002_s42;ea_personalized;inst02_erdos_n50_k8_d025_s1002;experiments\20260618_124336_best_configs\instances\inst02_erdos_n50_k8_d025_s1002.txt;erdos;50;8;280;0.25;1002;42;50000;487;11242;0;0;8850.33;13389.82338;generation
0008_ea_personalized_inst02_erdos_n50_k8_d025_s1002_s42;ea_personalized;inst02_erdos_n50_k8_d025_s1002;experiments\20260618_124336_best_configs\instances\inst02_erdos_n50_k8_d025_s1002.txt;erdos;50;8;280;0.25;1002;42;50000;488;11260;0;0;9906.81;14466.82871;generation
0008_ea_personalized_inst02_erdos_n50_k8_d025_s1002_s42;ea_personalized;inst02_erdos_n50_k8_d025_s1002;experiments\20260618_124336_best_configs\instances\inst02_erdos_n50_k8_d025_s1002.txt;erdos;50;8;280;0.25;1002;42;50000;489;11278;0;0;7994.08;11104.28029;generation
0008_ea_personalized_inst02_erdos_n50_k8_d025_s1002_s42;ea_personalized;inst02_erdos_n50_k8_d025_s1002;experiments\20260618_124336_best_configs\instances\inst02_erdos_n50_k8_d025_s1002.txt;erdos;50;8;280;0.25;1002;42;50000;490;11306;0;0;5653.86;9577.37319;generation
0008_ea_personalized_inst02_erdos_n50_k8_d025_s1002_s42;ea_personalized;inst02_erdos_n50_k8_d025_s1002;experiments\20260618_124336_best_configs\instances\inst02_erdos_n50_k8_d025_s1002.txt;erdos;50;8;280;0.25;1002;42;50000;491;11321;0;0;7994.5;11206.79541;generation
0008_ea_personalized_inst02_erdos_n50_k8_d025_s1002_s42;ea_personalized;inst02_erdos_n50_k8_d025_s1002;experiments\20260618_124336_best_configs\instances\inst02_erdos_n50_k8_d025_s1002.txt;erdos;50;8;280;0.25;1002;42;50000;492;11342;0;0;6926.94;10032.36123;generation
0008_ea_personalized_inst02_erdos_n50_k8_d025_s1002_s42;ea_personalized;inst02_erdos_n50_k8_d025_s1002;experiments\20260618_124336_best_configs\instances\inst02_erdos_n50_k8_d025_s1002.txt;erdos;50;8;280;0.25;1002;42;50000;493;11366;0;0;9377.94;12979.03835;generation
0008_ea_personalized_inst02_erdos_n50_k8_d025_s1002_s42;ea_personalized;inst02_erdos_n50_k8_d025_s1002;experiments\20260618_124336_best_configs\instances\inst02_erdos_n50_k8_d025_s1002.txt;erdos;50;8;280;0.25;1002;42;50000;494;11389;0;0;6717.51;12017.75675;generation
0008_ea_personalized_inst02_erdos_n50_k8_d025_s1002_s42;ea_personalized;inst02_erdos_n50_k8_d025_s1002;experiments\20260618_124336_best_configs\instances\inst02_erdos_n50_k8_d025_s1002.txt;erdos;50;8;280;0.25;1002;42;50000;495;11414;0;0;6711.9;9836.454724;generation
0008_ea_personalized_inst02_erdos_n50_k8_d025_s1002_s42;ea_personalized;inst02_erdos_n50_k8_d025_s1002;experiments\20260618_124336_best_configs\instances\inst02_erdos_n50_k8_d025_s1002.txt;erdos;50;8;280;0.25;1002;42;50000;496;11433;0;0;8628.7;12020.48706;generation
0008_ea_personalized_inst02_erdos_n50_k8_d025_s1002_s42;ea_personalized;inst02_erdos_n50_k8_d025_s1002;experiments\20260618_124336_best_configs\instances\inst02_erdos_n50_k8_d025_s1002.txt;erdos;50;8;280;0.25;1002;42;50000;497;11455;0;0;7030.37;11393.73718;generation
0008_ea_personalized_inst02_erdos_n50_k8_d025_s1002_s42;ea_personalized;inst02_erdos_n50_k8_d025_s1002;experiments\20260618_124336_best_configs\instances\inst02_erdos_n50_k8_d025_s1002.txt;erdos;50;8;280;0.25;1002;42;50000;498;11477;0;0;9588.77;13172.48698;generation
0008_ea_personalized_inst02_erdos_n50_k8_d025_s1002_s42;ea_personalized;inst02_erdos_n50_k8_d025_s1002;experiments\20260618_124336_best_configs\instances\inst02_erdos_n50_k8_d025_s1002.txt;erdos;50;8;280;0.25;1002;42;50000;499;11494;0;0;7459.97;12734.387;generation
0008_ea_personalized_inst02_erdos_n50_k8_d025_s1002_s42;ea_personalized;inst02_erdos_n50_k8_d025_s1002;experiments\20260618_124336_best_configs\instances\inst02_erdos_n50_k8_d025_s1002.txt;erdos;50;8;280;0.25;1002;42;50000;500;11512;0;0;8204.21;13376.16578;generation
0008_ea_personalized_inst02_erdos_n50_k8_d025_s1002_s42;ea_personalized;inst02_erdos_n50_k8_d025_s1002;experiments\20260618_124336_best_configs\instances\inst02_erdos_n50_k8_d025_s1002.txt;erdos;50;8;280;0.25;1002;42;50000;501;11532;0;0;7461.64;10156.0783;generation
0008_ea_personalized_inst02_erdos_n50_k8_d025_s1002_s42;ea_personalized;inst02_erdos_n50_k8_d025_s1002;experiments\20260618_124336_best_configs\instances\inst02_erdos_n50_k8_d025_s1002.txt;erdos;50;8;280;0.25;1002;42;50000;502;11559;0;0;9168.12;12611.17083;generation
0008_ea_personalized_inst02_erdos_n50_k8_d025_s1002_s42;ea_personalized;inst02_erdos_n50_k8_d025_s1002;experiments\20260618_124336_best_configs\instances\inst02_erdos_n50_k8_d025_s1002.txt;erdos;50;8;280;0.25;1002;42;50000;503;11595;0;0;9378.96;12890.11757;generation
0008_ea_personalized_inst02_erdos_n50_k8_d025_s1002_s42;ea_personalized;inst02_erdos_n50_k8_d025_s1002;experiments\20260618_124336_best_configs\instances\inst02_erdos_n50_k8_d025_s1002.txt;erdos;50;8;280;0.25;1002;42;50000;504;11634;0;0;9059.05;13073.65893;generation
0008_ea_personalized_inst02_erdos_n50_k8_d025_s1002_s42;ea_personalized;inst02_erdos_n50_k8_d025_s1002;experiments\20260618_124336_best_configs\instances\inst02_erdos_n50_k8_d025_s1002.txt;erdos;50;8;280;0.25;1002;42;50000;505;11662;0;0;7569.79;11888.05523;generation
0008_ea_personalized_inst02_erdos_n50_k8_d025_s1002_s42;ea_personalized;inst02_erdos_n50_k8_d025_s1002;experiments\20260618_124336_best_configs\instances\inst02_erdos_n50_k8_d025_s1002.txt;erdos;50;8;280;0.25;1002;42;50000;506;11696;0;0;9276.53;12920.06898;generation
0008_ea_personalized_inst02_erdos_n50_k8_d025_s1002_s42;ea_personalized;inst02_erdos_n50_k8_d025_s1002;experiments\20260618_124336_best_configs\instances\inst02_erdos_n50_k8_d025_s1002.txt;erdos;50;8;280;0.25;1002;42;50000;507;11725;0;0;6294.43;10973.0234;generation
0008_ea_personalized_inst02_erdos_n50_k8_d025_s1002_s42;ea_personalized;inst02_erdos_n50_k8_d025_s1002;experiments\20260618_124336_best_configs\instances\inst02_erdos_n50_k8_d025_s1002.txt;erdos;50;8;280;0.25;1002;42;50000;508;11753;0;0;8634.35;11922.69974;generation
0008_ea_personalized_inst02_erdos_n50_k8_d025_s1002_s42;ea_personalized;inst02_erdos_n50_k8_d025_s1002;experiments\20260618_124336_best_configs\instances\inst02_erdos_n50_k8_d025_s1002.txt;erdos;50;8;280;0.25;1002;42;50000;509;11782;0;0;7670.67;12963.7321;generation
0008_ea_personalized_inst02_erdos_n50_k8_d025_s1002_s42;ea_personalized;inst02_erdos_n50_k8_d025_s1002;experiments\20260618_124336_best_configs\instances\inst02_erdos_n50_k8_d025_s1002.txt;erdos;50;8;280;0.25;1002;42;50000;510;11793;0;0;1278.12;5058.944703;generation
