run_id;algorithm;instance_id;instance_path;graph;n;k;m;density;instance_seed;algorithm_seed;budget;iteration;time_ms;current_cost;best_cost;avg_cost;std_cost;note
0010_ea_personalized_inst02_erdos_n50_k8_d025_s1002_s1042;ea_personalized;inst02_erdos_n50_k8_d025_s1002;experiments\20260618_124336_best_configs\instances\inst02_erdos_n50_k8_d025_s1002.txt;erdos;50;8;280;0.25;1002;1042;50000;0;7;31984;31984;238812.04;97435.49835;init
0010_ea_personalized_inst02_erdos_n50_k8_d025_s1002_s1042;ea_personalized;inst02_erdos_n50_k8_d025_s1002;experiments\20260618_124336_best_configs\instances\inst02_erdos_n50_k8_d025_s1002.txt;erdos;50;8;280;0.25;1002;1042;50000;1;21;0;0;6081.66;10145.20379;generation
0010_ea_personalized_inst02_erdos_n50_k8_d025_s1002_s1042;ea_personalized;inst02_erdos_n50_k8_d025_s1002;experiments\20260618_124336_best_configs\instances\inst02_erdos_n50_k8_d025_s1002.txt;erdos;50;8;280;0.25;1002;1042;50000;2;35;0;0;7480.35;11622.84585;generation
0010_ea_personalized_inst02_erdos_n50_k8_d025_s1002_s1042;ea_personalized;inst02_erdos_n50_k8_d025_s1002;experiments\20260618_124336_best_configs\instances\inst02_erdos_n50_k8_d025_s1002.txt;erdos;50;8;280;0.25;1002;1042;50000;3;50;0;0;8288.06;12039.46992;generation
0010_ea_personalized_inst02_erdos_n50_k8_d025_s1002_s1042;ea_personalized;inst02_erdos_n50_k8_d025_s1002;experiments\20260618_124336_best_configs\instances\inst02_erdos_n50_k8_d025_s1002.txt;erdos;50;8;280;0.25;1002;1042;50000;4;66;0;0;7414.55;12582.92001;generation
0010_ea_personalized_inst02_erdos_n50_k8_d025_s1002_s1042;ea_personalized;inst02_erdos_n50_k8_d025_s1002;experiments\20260618_124336_best_configs\instances\inst02_erdos_n50_k8_d025_s1002.txt;erdos;50;8;280;0.25;1002;1042;50000;5;87;0;0;6753.94;11621.3996;generation
0010_ea_personalized_inst02_erdos_n50_k8_d025_s1002_s1042;ea_personalized;inst02_erdos_n50_k8_d025_s1002;experiments\20260618_124336_best_configs\instances\inst02_erdos_n50_k8_d025_s1002.txt;erdos;50;8;280;0.25;1002;1042;50000;6;101;0;0;6857.37;10163.75131;generation
0010_ea_personalized_inst02_erdos_n50_k8_d025_s1002_s1042;ea_personalized;inst02_erdos_n50_k8_d025_s1002;experiments\20260618_124336_best_configs\instances\inst02_erdos_n50_k8_d025_s1002.txt;erdos;50;8;280;0.25;1002;1042;50000;7;114;0;0;6632.24;10937.86065;generation
0010_ea_personalized_inst02_erdos_n50_k8_d025_s1002_s1042;ea_personalized;inst02_erdos_n50_k8_d025_s1002;experiments\20260618_124336_best_configs\instances\inst02_erdos_n50_k8_d025_s1002.txt;erdos;50;8;280;0.25;1002;1042;50000;8;128;0;0;6408.26;11062.59237;generation
0010_ea_personalized_inst02_erdos_n50_k8_d025_s1002_s1042;ea_personalized;inst02_erdos_n50_k8_d025_s1002;experiments\20260618_124336_best_configs\instances\inst02_erdos_n50_k8_d025_s1002.txt;erdos;50;8;280;0.25;1002;1042;50000;9;141;0;0;5443.81;9218.775001;generation
0010_ea_personalized_inst02_erdos_n50_k8_d025_s1002_s1042;ea_personalized;inst02_erdos_n50_k8_d025_s1002;experiments\20260618_124336_best_configs\instances\inst02_erdos_n50_k8_d025_s1002.txt;erdos;50;8;280;0.25;1002;1042;50000;10;153;0;0;7260.12;10949.47857;generation
0010_ea_personalized_inst02_erdos_n50_k8_d025_s1002_s1042;ea_personalized;inst02_erdos_n50_k8_d025_s1002;experiments\20260618_124336_best_configs\instances\inst02_erdos_n50_k8_d025_s1002.txt;erdos;50;8;280;0.25;1002;1042;50000;11;166;0;0;7580.12;11098.8548;generation
0010_ea_personalized_inst02_erdos_n50_k8_d025_s1002_s1042;ea_personalized;inst02_erdos_n50_k8_d025_s1002;experiments\20260618_124336_best_configs\instances\inst02_erdos_n50_k8_d025_s1002.txt;erdos;50;8;280;0.25;1002;1042;50000;12;180;0;0;7895.31;12378.45235;generation
0010_ea_personalized_inst02_erdos_n50_k8_d025_s1002_s1042;ea_personalized;inst02_erdos_n50_k8_d025_s1002;experiments\20260618_124336_best_configs\instances\inst02_erdos_n50_k8_d025_s1002.txt;erdos;50;8;280;0.25;1002;1042;50000;13;193;0;0;7466.76;10810.48085;generation
0010_ea_personalized_inst02_erdos_n50_k8_d025_s1002_s1042;ea_personalized;inst02_erdos_n50_k8_d025_s1002;experiments\20260618_124336_best_configs\instances\inst02_erdos_n50_k8_d025_s1002.txt;erdos;50;8;280;0.25;1002;1042;50000;14;205;0;0;6716.97;11132.49817;generation
0010_ea_personalized_inst02_erdos_n50_k8_d025_s1002_s1042;ea_personalized;inst02_erdos_n50_k8_d025_s1002;experiments\20260618_124336_best_configs\instances\inst02_erdos_n50_k8_d025_s1002.txt;erdos;50;8;280;0.25;1002;1042;50000;15;218;0;0;8420.4;13154.40532;generation
0010_ea_personalized_inst02_erdos_n50_k8_d025_s1002_s1042;ea_personalized;inst02_erdos_n50_k8_d025_s1002;experiments\20260618_124336_best_configs\instances\inst02_erdos_n50_k8_d025_s1002.txt;erdos;50;8;280;0.25;1002;1042;50000;16;230;0;0;7676.51;12335.93049;generation
0010_ea_personalized_inst02_erdos_n50_k8_d025_s1002_s1042;ea_personalized;inst02_erdos_n50_k8_d025_s1002;experiments\20260618_124336_best_configs\instances\inst02_erdos_n50_k8_d025_s1002.txt;erdos;50;8;280;0.25;1002;1042;50000;17;242;0;0;6402.8;10966.11628;generation
0010_ea_personalized_inst02_erdos_n50_k8_d025_s1002_s1042;ea_personalized;inst02_erdos_n50_k8_d025_s1002;experiments\20260618_124336_best_configs\instances\inst02_erdos_n50_k8_d025_s1002.txt;erdos;50;8;280;0.25;1002;1042;50000;18;254;0;0;6511.45;11358.24496;generation
0010_ea_personalized_inst02_erdos_n50_k8_d025_s1002_s1042;ea_personalized;inst02_erdos_n50_k8_d025_s1002;experiments\20260618_124336_best_configs\instances\inst02_erdos_n50_k8_d025_s1002.txt;erdos;50;8;280;0.25;1002;1042;50000;19;266;0;0;7038.54;10346.74045;generation
0010_ea_personalized_inst02_erdos_n50_k8_d025_s1002_s1042;ea_personalized;inst02_erdos_n50_k8_d025_s1002;experiments\20260618_124336_best_configs\instances\inst02_erdos_n50_k8_d025_s1002.txt;erdos;50;8;280;0.25;1002;1042;50000;20;278;0;0;6610.38;10733.35622;generation
0010_ea_personalized_inst02_erdos_n50_k8_d025_s1002_s1042;ea_personalized;inst02_erdos_n50_k8_d025_s1002;experiments\20260618_124336_best_configs\instances\inst02_erdos_n50_k8_d025_s1002.txt;erdos;50;8;280;0.25;1002;1042;50000;21;290;0;0;9271.96;12296.95337;generation
0010_ea_personalized_inst02_erdos_n50_k8_d025_s1002_s1042;ea_personalized;inst02_erdos_n50_k8_d025_s1002;experiments\20260618_124336_best_configs\instances\inst02_erdos_n50_k8_d025_s1002.txt;erdos;50;8;280;0.25;1002;1042;50000;22;302;0;0;6827.2;11221.75877;generation
0010_ea_personalized_inst02_erdos_n50_k8_d025_s1002_s1042;ea_personalized;inst02_erdos_n50_k8_d025_s1002;experiments\20260618_124336_best_configs\instances\inst02_erdos_n50_k8_d025_s1002.txt;erdos;50;8;280;0.25;1002;1042;50000;23;313;0;0;7032.02;11590.60647;generation
0010_ea_personalized_inst02_erdos_n50_k8_d025_s1002_s1042;ea_personalized;inst02_erdos_n50_k8_d025_s1002;experiments\20260618_124336_best_configs\instances\inst02_erdos_n50_k8_d025_s1002.txt;erdos;50;8;280;0.25;1002;1042;50000;24;325;0;0;10866.05;12866.40357;generation
0010_ea_personalized_inst02_erdos_n50_k8_d025_s1002_s1042;ea_personalized;inst02_erdos_n50_k8_d025_s1002;experiments\20260618_124336_best_configs\instances\inst02_erdos_n50_k8_d025_s1002.txt;erdos;50;8;280;0.25;1002;1042;50000;25;337;0;0;5864.57;9448.679157;generation
0010_ea_personalized_inst02_erdos_n50_k8_d025_s1002_s1042;ea_personalized;inst02_erdos_n50_k8_d025_s1002;experiments\20260618_124336_best_configs\instances\inst02_erdos_n50_k8_d025_s1002.txt;erdos;50;8;280;0.25;1002;1042;50000;26;349;0;0;9804.9;12660.22813;generation
0010_ea_personalized_inst02_erdos_n50_k8_d025_s1002_s1042;ea_personalized;inst02_erdos_n50_k8_d025_s1002;experiments\20260618_124336_best_configs\instances\inst02_erdos_n50_k8_d025_s1002.txt;erdos;50;8;280;0.25;1002;1042;50000;27;363;0;0;7886.71;12384.23892;generation
0010_ea_personalized_inst02_erdos_n50_k8_d025_s1002_s1042;ea_personalized;inst02_erdos_n50_k8_d025_s1002;experiments\20260618_124336_best_configs\instances\inst02_erdos_n50_k8_d025_s1002.txt;erdos;50;8;280;0.25;1002;1042;50000;28;375;0;0;8313.46;12561.26058;generation
0010_ea_personalized_inst02_erdos_n50_k8_d025_s1002_s1042;ea_personalized;inst02_erdos_n50_k8_d025_s1002;experiments\20260618_124336_best_configs\instances\inst02_erdos_n50_k8_d025_s1002.txt;erdos;50;8;280;0.25;1002;1042;50000;29;397;0;0;8420.1;11398.2474;generation
0010_ea_personalized_inst02_erdos_n50_k8_d025_s1002_s1042;ea_personalized;inst02_erdos_n50_k8_d025_s1002;experiments\20260618_124336_best_configs\instances\inst02_erdos_n50_k8_d025_s1002.txt;erdos;50;8;280;0.25;1002;1042;50000;30;415;0;0;9277.28;13700.00858;generation
0010_ea_personalized_inst02_erdos_n50_k8_d025_s1002_s1042;ea_personalized;inst02_erdos_n50_k8_d025_s1002;experiments\20260618_124336_best_configs\instances\inst02_erdos_n50_k8_d025_s1002.txt;erdos;50;8;280;0.25;1002;1042;50000;31;430;0;0;8216.08;12400.19864;generation
0010_ea_personalized_inst02_erdos_n50_k8_d025_s1002_s1042;ea_personalized;inst02_erdos_n50_k8_d025_s1002;experiments\20260618_124336_best_configs\instances\inst02_erdos_n50_k8_d025_s1002.txt;erdos;50;8;280;0.25;1002;1042;50000;32;443;0;0;7145.12;12512.58124;generation
0010_ea_personalized_inst02_erdos_n50_k8_d025_s1002_s1042;ea_personalized;inst02_erdos_n50_k8_d025_s1002;experiments\20260618_124336_best_configs\instances\inst02_erdos_n50_k8_d025_s1002.txt;erdos;50;8;280;0.25;1002;1042;50000;33;456;0;0;7358.29;12660.55054;generation
0010_ea_personalized_inst02_erdos_n50_k8_d025_s1002_s1042;ea_personalized;inst02_erdos_n50_k8_d025_s1002;experiments\20260618_124336_best_configs\instances\inst02_erdos_n50_k8_d025_s1002.txt;erdos;50;8;280;0.25;1002;1042;50000;34;468;0;0;8205.77;12586.74419;generation
0010_ea_personalized_inst02_erdos_n50_k8_d025_s1002_s1042;ea_personalized;inst02_erdos_n50_k8_d025_s1002;experiments\20260618_124336_best_configs\instances\inst02_erdos_n50_k8_d025_s1002.txt;erdos;50;8;280;0.25;1002;1042;50000;35;480;0;0;5330;9222.963216;generation
0010_ea_personalized_inst02_erdos_n50_k8_d025_s1002_s1042;ea_personalized;inst02_erdos_n50_k8_d025_s1002;experiments\20260618_124336_best_configs\instances\inst02_erdos_n50_k8_d025_s1002.txt;erdos;50;8;280;0.25;1002;1042;50000;36;492;0;0;5648.28;10591.59486;generation
0010_ea_personalized_inst02_erdos_n50_k8_d025_s1002_s1042;ea_personalized;inst02_erdos_n50_k8_d025_s1002;experiments\20260618_124336_best_configs\instances\inst02_erdos_n50_k8_d025_s1002.txt;erdos;50;8;280;0.25;1002;1042;50000;37;509;0;0;8950.24;13367.4726;generation
0010_ea_personalized_inst02_erdos_n50_k8_d025_s1002_s1042;ea_personalized;inst02_erdos_n50_k8_d025_s1002;experiments\20260618_124336_best_configs\instances\inst02_erdos_n50_k8_d025_s1002.txt;erdos;50;8;280;0.25;1002;1042;50000;38;525;0;0;6393.71;10756.30091;generation
0010_ea_personalized_inst02_erdos_n50_k8_d025_s1002_s1042;ea_personalized;inst02_erdos_n50_k8_d025_s1002;experiments\20260618_124336_best_configs\instances\inst02_erdos_n50_k8_d025_s1002.txt;erdos;50;8;280;0.25;1002;1042;50000;39;542;0;0;8101.45;11081.77228;generation
0010_ea_personalized_inst02_erdos_n50_k8_d025_s1002_s1042;ea_personalized;inst02_erdos_n50_k8_d025_s1002;experiments\20260618_124336_best_configs\instances\inst02_erdos_n50_k8_d025_s1002.txt;erdos;50;8;280;0.25;1002;1042;50000;40;558;0;0;8206.87;11938.15241;generation
0010_ea_personalized_inst02_erdos_n50_k8_d025_s1002_s1042;ea_personalized;inst02_erdos_n50_k8_d025_s1002;experiments\20260618_124336_best_configs\instances\inst02_erdos_n50_k8_d025_s1002.txt;erdos;50;8;280;0.25;1002;1042;50000;41;571;0;0;6184.63;10666.70673;generation
0010_ea_personalized_inst02_erdos_n50_k8_d025_s1002_s1042;ea_personalized;inst02_erdos_n50_k8_d025_s1002;experiments\20260618_124336_best_configs\instances\inst02_erdos_n50_k8_d025_s1002.txt;erdos;50;8;280;0.25;1002;1042;50000;42;583;0;0;8631.17;12929.00474;generation
0010_ea_personalized_inst02_erdos_n50_k8_d025_s1002_s1042;ea_personalized;inst02_erdos_n50_k8_d025_s1002;experiments\20260618_124336_best_configs\instances\inst02_erdos_n50_k8_d025_s1002.txt;erdos;50;8;280;0.25;1002;1042;50000;43;596;0;0;7993.28;12362.02504;generation
0010_ea_personalized_inst02_erdos_n50_k8_d025_s1002_s1042;ea_personalized;inst02_erdos_n50_k8_d025_s1002;experiments\20260618_124336_best_configs\instances\inst02_erdos_n50_k8_d025_s1002.txt;erdos;50;8;280;0.25;1002;1042;50000;44;609;0;0;7457.67;12374.64041;generation
0010_ea_personalized_inst02_erdos_n50_k8_d025_s1002_s1042;ea_personalized;inst02_erdos_n50_k8_d025_s1002;experiments\20260618_124336_best_configs\instances\inst02_erdos_n50_k8_d025_s1002.txt;erdos;50;8;280;0.25;1002;1042;50000;45;620;0;0;7031.15;9902.54693;generation
0010_ea_personalized_inst02_erdos_n50_k8_d025_s1002_s1042;ea_personalized;inst02_erdos_n50_k8_d025_s1002;experiments\20260618_124336_best_configs\instances\inst02_erdos_n50_k8_d025_s1002.txt;erdos;50;8;280;0.25;1002;1042;50000;46;632;0;0;7674.42;11376.3343;generation
0010_ea_personalized_inst02_erdos_n50_k8_d025_s1002_s1042;ea_personalized;inst02_erdos_n50_k8_d025_s1002;experiments\20260618_124336_best_configs\instances\inst02_erdos_n50_k8_d025_s1002.txt;erdos;50;8;280;0.25;1002;1042;50000;47;644;0;0;7889.52;12289.46887;generation
0010_ea_personalized_inst02_erdos_n50_k8_d025_s1002_s1042;ea_personalized;inst02_erdos_n50_k8_d025_s1002;experiments\20260618_124336_best_configs\instances\inst02_erdos_n50_k8_d025_s1002.txt;erdos;50;8;280;0.25;1002;1042;50000;48;659;0;0;7250.28;11943.56363;generation
0010_ea_personalized_inst02_erdos_n50_k8_d025_s1002_s1042;ea_personalized;inst02_erdos_n50_k8_d025_s1002;experiments\20260618_124336_best_configs\instances\inst02_erdos_n50_k8_d025_s1002.txt;erdos;50;8;280;0.25;1002;1042;50000;49;676;0;0;6398.77;11372.13965;generation
0010_ea_personalized_inst02_erdos_n50_k8_d025_s1002_s1042;ea_personalized;inst02_erdos_n50_k8_d025_s1002;experiments\20260618_124336_best_configs\instances\inst02_erdos_n50_k8_d025_s1002.txt;erdos;50;8;280;0.25;1002;1042;50000;50;691;0;0;7361.22;11437.3928;generation
0010_ea_personalized_inst02_erdos_n50_k8_d025_s1002_s1042;ea_personalized;inst02_erdos_n50_k8_d025_s1002;experiments\20260618_124336_best_configs\instances\inst02_erdos_n50_k8_d025_s1002.txt;erdos;50;8;280;0.25;1002;1042;50000;51;709;0;0;6715.45;11921.15252;generation
0010_ea_personalized_inst02_erdos_n50_k8_d025_s1002_s1042;ea_personalized;inst02_erdos_n50_k8_d025_s1002;experiments\20260618_124336_best_configs\instances\inst02_erdos_n50_k8_d025_s1002.txt;erdos;50;8;280;0.25;1002;1042;50000;52;724;0;0;9164.29;13216.61517;generation
0010_ea_personalized_inst02_erdos_n50_k8_d025_s1002_s1042;ea_personalized;inst02_erdos_n50_k8_d025_s1002;experiments\20260618_124336_best_configs\instances\inst02_erdos_n50_k8_d025_s1002.txt;erdos;50;8;280;0.25;1002;1042;50000;53;737;0;0;6821.06;11221.75712;generation
0010_ea_personalized_inst02_erdos_n50_k8_d025_s1002_s1042;ea_personalized;inst02_erdos_n50_k8_d025_s1002;experiments\20260618_124336_best_configs\instances\inst02_erdos_n50_k8_d025_s1002.txt;erdos;50;8;280;0.25;1002;1042;50000;54;753;0;0;9167.76;12777.36496;generation
0010_ea_personalized_inst02_erdos_n50_k8_d025_s1002_s1042;ea_personalized;inst02_erdos_n50_k8_d025_s1002;experiments\20260618_124336_best_configs\instances\inst02_erdos_n50_k8_d025_s1002.txt;erdos;50;8;280;0.25;1002;1042;50000;55;776;0;0;6191;10662.95544;generation
0010_ea_personalized_inst02_erdos_n50_k8_d025_s1002_s1042;ea_personalized;inst02_erdos_n50_k8_d025_s1002;experiments\20260618_124336_best_configs\instances\inst02_erdos_n50_k8_d025_s1002.txt;erdos;50;8;280;0.25;1002;1042;50000;56;796;0;0;7785.49;11149.06734;generation
0010_ea_personalized_inst02_erdos_n50_k8_d025_s1002_s1042;ea_personalized;inst02_erdos_n50_k8_d025_s1002;experiments\20260618_124336_best_configs\instances\inst02_erdos_n50_k8_d025_s1002.txt;erdos;50;8;280;0.25;1002;1042;50000;57;816;0;0;6931.7;11607.55664;generation
0010_ea_personalized_inst02_erdos_n50_k8_d025_s1002_s1042;ea_personalized;inst02_erdos_n50_k8_d025_s1002;experiments\20260618_124336_best_configs\instances\inst02_erdos_n50_k8_d025_s1002.txt;erdos;50;8;280;0.25;1002;1042;50000;58;838;0;0;6824.42;10598.2762;generation
0010_ea_personalized_inst02_erdos_n50_k8_d025_s1002_s1042;ea_personalized;inst02_erdos_n50_k8_d025_s1002;experiments\20260618_124336_best_configs\instances\inst02_erdos_n50_k8_d025_s1002.txt;erdos;50;8;280;0.25;1002;1042;50000;59;852;0;0;8845.94;13640.88777;generation
0010_ea_personalized_inst02_erdos_n50_k8_d025_s1002_s1042;ea_personalized;inst02_erdos_n50_k8_d025_s1002;experiments\20260618_124336_best_configs\instances\inst02_erdos_n50_k8_d025_s1002.txt;erdos;50;8;280;0.25;1002;1042;50000;60;873;0;0;8633.38;13695.80866;generation
0010_ea_personalized_inst02_erdos_n50_k8_d025_s1002_s1042;ea_personalized;inst02_erdos_n50_k8_d025_s1002;experiments\20260618_124336_best_configs\instances\inst02_erdos_n50_k8_d025_s1002.txt;erdos;50;8;280;0.25;1002;1042;50000;61;894;0;0;9273.38;12835.07403;generation
0010_ea_personalized_inst02_erdos_n50_k8_d025_s1002_s1042;ea_personalized;inst02_erdos_n50_k8_d025_s1002;experiments\20260618_124336_best_configs\instances\inst02_erdos_n50_k8_d025_s1002.txt;erdos;50;8;280;0.25;1002;1042;50000;62;912;0;0;6397.13;11268.39644;generation
0010_ea_personalized_inst02_erdos_n50_k8_d025_s1002_s1042;ea_personalized;inst02_erdos_n50_k8_d025_s1002;experiments\20260618_124336_best_configs\instances\inst02_erdos_n50_k8_d025_s1002.txt;erdos;50;8;280;0.25;1002;1042;50000;63;926;0;0;6927.3;12084.83905;generation
0010_ea_personalized_inst02_erdos_n50_k8_d025_s1002_s1042;ea_personalized;inst02_erdos_n50_k8_d025_s1002;experiments\20260618_124336_best_configs\instances\inst02_erdos_n50_k8_d025_s1002.txt;erdos;50;8;280;0.25;1002;1042;50000;64;946;0;0;6289.5;10223.56479;generation
0010_ea_personalized_inst02_erdos_n50_k8_d025_s1002_s1042;ea_personalized;inst02_erdos_n50_k8_d025_s1002;experiments\20260618_124336_best_configs\instances\inst02_erdos_n50_k8_d025_s1002.txt;erdos;50;8;280;0.25;1002;1042;50000;65;968;0;0;7462.03;11517.09531;generation
0010_ea_personalized_inst02_erdos_n50_k8_d025_s1002_s1042;ea_personalized;inst02_erdos_n50_k8_d025_s1002;experiments\20260618_124336_best_configs\instances\inst02_erdos_n50_k8_d025_s1002.txt;erdos;50;8;280;0.25;1002;1042;50000;66;990;0;0;9485;12226.24776;generation
0010_ea_personalized_inst02_erdos_n50_k8_d025_s1002_s1042;ea_personalized;inst02_erdos_n50_k8_d025_s1002;experiments\20260618_124336_best_configs\instances\inst02_erdos_n50_k8_d025_s1002.txt;erdos;50;8;280;0.25;1002;1042;50000;67;1011;0;0;11509.39;13694.71213;generation
0010_ea_personalized_inst02_erdos_n50_k8_d025_s1002_s1042;ea_personalized;inst02_erdos_n50_k8_d025_s1002;experiments\20260618_124336_best_configs\instances\inst02_erdos_n50_k8_d025_s1002.txt;erdos;50;8;280;0.25;1002;1042;50000;68;1034;0;0;9492.88;13548.62967;generation
0010_ea_personalized_inst02_erdos_n50_k8_d025_s1002_s1042;ea_personalized;inst02_erdos_n50_k8_d025_s1002;experiments\20260618_124336_best_configs\instances\inst02_erdos_n50_k8_d025_s1002.txt;erdos;50;8;280;0.25;1002;1042;50000;69;1056;0;0;9377.06;11790.09959;generation
0010_ea_personalized_inst02_erdos_n50_k8_d025_s1002_s1042;ea_personalized;inst02_erdos_n50_k8_d025_s1002;experiments\20260618_124336_best_configs\instances\inst02_erdos_n50_k8_d025_s1002.txt;erdos;50;8;280;0.25;1002;1042;50000;70;1076;0;0;6078.27;10569.34209;generation
0010_ea_personalized_inst02_erdos_n50_k8_d025_s1002_s1042;ea_personalized;inst02_erdos_n50_k8_d025_s1002;experiments\20260618_124336_best_configs\instances\inst02_erdos_n50_k8_d025_s1002.txt;erdos;50;8;280;0.25;1002;1042;50000;71;1092;0;0;6607.43;10189.41979;generation
0010_ea_personalized_inst02_erdos_n50_k8_d025_s1002_s1042;ea_personalized;inst02_erdos_n50_k8_d025_s1002;experiments\20260618_124336_best_configs\instances\inst02_erdos_n50_k8_d025_s1002.txt;erdos;50;8;280;0.25;1002;1042;50000;72;1107;0;0;6184.49;9780.782341;generation
0010_ea_personalized_inst02_erdos_n50_k8_d025_s1002_s1042;ea_personalized;inst02_erdos_n50_k8_d025_s1002;experiments\20260618_124336_best_configs\instances\inst02_erdos_n50_k8_d025_s1002.txt;erdos;50;8;280;0.25;1002;1042;50000;73;1127;0;0;7990.45;12270.58283;generation
0010_ea_personalized_inst02_erdos_n50_k8_d025_s1002_s1042;ea_personalized;inst02_erdos_n50_k8_d025_s1002;experiments\20260618_124336_best_configs\instances\inst02_erdos_n50_k8_d025_s1002.txt;erdos;50;8;280;0.25;1002;1042;50000;74;1140;0;0;6930.18;10793.55956;generation
0010_ea_personalized_inst02_erdos_n50_k8_d025_s1002_s1042;ea_personalized;inst02_erdos_n50_k8_d025_s1002;experiments\20260618_124336_best_configs\instances\inst02_erdos_n50_k8_d025_s1002.txt;erdos;50;8;280;0.25;1002;1042;50000;75;1152;0;0;7251.88;11751.50574;generation
0010_ea_personalized_inst02_erdos_n50_k8_d025_s1002_s1042;ea_personalized;inst02_erdos_n50_k8_d025_s1002;experiments\20260618_124336_best_configs\instances\inst02_erdos_n50_k8_d025_s1002.txt;erdos;50;8;280;0.25;1002;1042;50000;76;1166;0;0;7891.37;11721.57901;generation
0010_ea_personalized_inst02_erdos_n50_k8_d025_s1002_s1042;ea_personalized;inst02_erdos_n50_k8_d025_s1002;experiments\20260618_124336_best_configs\instances\inst02_erdos_n50_k8_d025_s1002.txt;erdos;50;8;280;0.25;1002;1042;50000;77;1179;0;0;7355.15;12390.50659;generation
0010_ea_personalized_inst02_erdos_n50_k8_d025_s1002_s1042;ea_personalized;inst02_erdos_n50_k8_d025_s1002;experiments\20260618_124336_best_configs\instances\inst02_erdos_n50_k8_d025_s1002.txt;erdos;50;8;280;0.25;1002;1042;50000;78;1192;0;0;8209.83;12765.25002;generation
0010_ea_personalized_inst02_erdos_n50_k8_d025_s1002_s1042;ea_personalized;inst02_erdos_n50_k8_d025_s1002;experiments\20260618_124336_best_configs\instances\inst02_erdos_n50_k8_d025_s1002.txt;erdos;50;8;280;0.25;1002;1042;50000;79;1204;0;0;8526.06;12777.72011;generation
0010_ea_personalized_inst02_erdos_n50_k8_d025_s1002_s1042;ea_personalized;inst02_erdos_n50_k8_d025_s1002;experiments\20260618_124336_best_configs\instances\inst02_erdos_n50_k8_d025_s1002.txt;erdos;50;8;280;0.25;1002;1042;50000;80;1217;0;0;6191.74;9421.502583;generation
0010_ea_personalized_inst02_erdos_n50_k8_d025_s1002_s1042;ea_personalized;inst02_erdos_n50_k8_d025_s1002;experiments\20260618_124336_best_configs\instances\inst02_erdos_n50_k8_d025_s1002.txt;erdos;50;8;280;0.25;1002;1042;50000;81;1230;0;0;7677.53;11276.06021;generation
0010_ea_personalized_inst02_erdos_n50_k8_d025_s1002_s1042;ea_personalized;inst02_erdos_n50_k8_d025_s1002;experiments\20260618_124336_best_configs\instances\inst02_erdos_n50_k8_d025_s1002.txt;erdos;50;8;280;0.25;1002;1042;50000;82;1245;0;0;8739.98;12900.81859;generation
0010_ea_personalized_inst02_erdos_n50_k8_d025_s1002_s1042;ea_personalized;inst02_erdos_n50_k8_d025_s1002;experiments\20260618_124336_best_configs\instances\inst02_erdos_n50_k8_d025_s1002.txt;erdos;50;8;280;0.25;1002;1042;50000;83;1260;0;0;6289.01;11479.47528;generation
0010_ea_personalized_inst02_erdos_n50_k8_d025_s1002_s1042;ea_personalized;inst02_erdos_n50_k8_d025_s1002;experiments\20260618_124336_best_configs\instances\inst02_erdos_n50_k8_d025_s1002.txt;erdos;50;8;280;0.25;1002;1042;50000;84;1284;0;0;7778.59;12128.31958;generation
0010_ea_personalized_inst02_erdos_n50_k8_d025_s1002_s1042;ea_personalized;inst02_erdos_n50_k8_d025_s1002;experiments\20260618_124336_best_configs\instances\inst02_erdos_n50_k8_d025_s1002.txt;erdos;50;8;280;0.25;1002;1042;50000;85;1303;0;0;7888.17;12566.08397;generation
0010_ea_personalized_inst02_erdos_n50_k8_d025_s1002_s1042;ea_personalized;inst02_erdos_n50_k8_d025_s1002;experiments\20260618_124336_best_configs\instances\inst02_erdos_n50_k8_d025_s1002.txt;erdos;50;8;280;0.25;1002;1042;50000;86;1325;0;0;7460.87;12189.45833;generation
0010_ea_personalized_inst02_erdos_n50_k8_d025_s1002_s1042;ea_personalized;inst02_erdos_n50_k8_d025_s1002;experiments\20260618_124336_best_configs\instances\inst02_erdos_n50_k8_d025_s1002.txt;erdos;50;8;280;0.25;1002;1042;50000;87;1346;0;0;9590.67;13847.87072;generation
0010_ea_personalized_inst02_erdos_n50_k8_d025_s1002_s1042;ea_personalized;inst02_erdos_n50_k8_d025_s1002;experiments\20260618_124336_best_configs\instances\inst02_erdos_n50_k8_d025_s1002.txt;erdos;50;8;280;0.25;1002;1042;50000;88;1370;0;0;8104.09;11377.52541;generation
0010_ea_personalized_inst02_erdos_n50_k8_d025_s1002_s1042;ea_personalized;inst02_erdos_n50_k8_d025_s1002;experiments\20260618_124336_best_configs\instances\inst02_erdos_n50_k8_d025_s1002.txt;erdos;50;8;280;0.25;1002;1042;50000;89;1396;0;0;7885.96;12295.63603;generation
0010_ea_personalized_inst02_erdos_n50_k8_d025_s1002_s1042;ea_personalized;inst02_erdos_n50_k8_d025_s1002;experiments\20260618_124336_best_configs\instances\inst02_erdos_n50_k8_d025_s1002.txt;erdos;50;8;280;0.25;1002;1042;50000;90;1425;0;0;7351.52;12299.99847;generation
0010_ea_personalized_inst02_erdos_n50_k8_d025_s1002_s1042;ea_personalized;inst02_erdos_n50_k8_d025_s1002;experiments\20260618_124336_best_configs\instances\inst02_erdos_n50_k8_d025_s1002.txt;erdos;50;8;280;0.25;1002;1042;50000;91;1448;0;0;7139.27;11174.48165;generation
0010_ea_personalized_inst02_erdos_n50_k8_d025_s1002_s1042;ea_personalized;inst02_erdos_n50_k8_d025_s1002;experiments\20260618_124336_best_configs\instances\inst02_erdos_n50_k8_d025_s1002.txt;erdos;50;8;280;0.25;1002;1042;50000;92;1478;0;0;10119.87;12902.00215;generation
0010_ea_personalized_inst02_erdos_n50_k8_d025_s1002_s1042;ea_personalized;inst02_erdos_n50_k8_d025_s1002;experiments\20260618_124336_best_configs\instances\inst02_erdos_n50_k8_d025_s1002.txt;erdos;50;8;280;0.25;1002;1042;50000;93;1500;0;0;8203.75;12677.57632;generation
0010_ea_personalized_inst02_erdos_n50_k8_d025_s1002_s1042;ea_personalized;inst02_erdos_n50_k8_d025_s1002;experiments\20260618_124336_best_configs\instances\inst02_erdos_n50_k8_d025_s1002.txt;erdos;50;8;280;0.25;1002;1042;50000;94;1524;0;0;6822.69;12738.88505;generation
0010_ea_personalized_inst02_erdos_n50_k8_d025_s1002_s1042;ea_personalized;inst02_erdos_n50_k8_d025_s1002;experiments\20260618_124336_best_configs\instances\inst02_erdos_n50_k8_d025_s1002.txt;erdos;50;8;280;0.25;1002;1042;50000;95;1546;0;0;7354.25;10931.19507;generation
0010_ea_personalized_inst02_erdos_n50_k8_d025_s1002_s1042;ea_personalized;inst02_erdos_n50_k8_d025_s1002;experiments\20260618_124336_best_configs\instances\inst02_erdos_n50_k8_d025_s1002.txt;erdos;50;8;280;0.25;1002;1042;50000;96;1566;0;0;10869.26;14520.75606;generation
0010_ea_personalized_inst02_erdos_n50_k8_d025_s1002_s1042;ea_personalized;inst02_erdos_n50_k8_d025_s1002;experiments\20260618_124336_best_configs\instances\inst02_erdos_n50_k8_d025_s1002.txt;erdos;50;8;280;0.25;1002;1042;50000;97;1586;0;0;10873.61;15056.8671;generation
0010_ea_personalized_inst02_erdos_n50_k8_d025_s1002_s1042;ea_personalized;inst02_erdos_n50_k8_d025_s1002;experiments\20260618_124336_best_configs\instances\inst02_erdos_n50_k8_d025_s1002.txt;erdos;50;8;280;0.25;1002;1042;50000;98;1603;0;0;9389.83;13322.4022;generation
0010_ea_personalized_inst02_erdos_n50_k8_d025_s1002_s1042;ea_personalized;inst02_erdos_n50_k8_d025_s1002;experiments\20260618_124336_best_configs\instances\inst02_erdos_n50_k8_d025_s1002.txt;erdos;50;8;280;0.25;1002;1042;50000;99;1618;0;0;6824.6;10914.2978;generation
0010_ea_personalized_inst02_erdos_n50_k8_d025_s1002_s1042;ea_personalized;inst02_erdos_n50_k8_d025_s1002;experiments\20260618_124336_best_configs\instances\inst02_erdos_n50_k8_d025_s1002.txt;erdos;50;8;280;0.25;1002;1042;50000;100;1635;0;0;7463.01;12553.07057;generation
0010_ea_personalized_inst02_erdos_n50_k8_d025_s1002_s1042;ea_personalized;inst02_erdos_n50_k8_d025_s1002;experiments\20260618_124336_best_configs\instances\inst02_erdos_n50_k8_d025_s1002.txt;erdos;50;8;280;0.25;1002;1042;50000;101;1651;0;0;7353.74;11438.47268;generation
0010_ea_personalized_inst02_erdos_n50_k8_d025_s1002_s1042;ea_personalized;inst02_erdos_n50_k8_d025_s1002;experiments\20260618_124336_best_configs\instances\inst02_erdos_n50_k8_d025_s1002.txt;erdos;50;8;280;0.25;1002;1042;50000;102;1668;0;0;8740.22;11796.39658;generation
0010_ea_personalized_inst02_erdos_n50_k8_d025_s1002_s1042;ea_personalized;inst02_erdos_n50_k8_d025_s1002;experiments\20260618_124336_best_configs\instances\inst02_erdos_n50_k8_d025_s1002.txt;erdos;50;8;280;0.25;1002;1042;50000;103;1682;0;0;6288.3;9888.172931;generation
0010_ea_personalized_inst02_erdos_n50_k8_d025_s1002_s1042;ea_personalized;inst02_erdos_n50_k8_d025_s1002;experiments\20260618_124336_best_configs\instances\inst02_erdos_n50_k8_d025_s1002.txt;erdos;50;8;280;0.25;1002;1042;50000;104;1703;0;0;7353.3;10399.71271;generation
0010_ea_personalized_inst02_erdos_n50_k8_d025_s1002_s1042;ea_personalized;inst02_erdos_n50_k8_d025_s1002;experiments\20260618_124336_best_configs\instances\inst02_erdos_n50_k8_d025_s1002.txt;erdos;50;8;280;0.25;1002;1042;50000;105;1719;0;0;5862.75;9568.481019;generation
0010_ea_personalized_inst02_erdos_n50_k8_d025_s1002_s1042;ea_personalized;inst02_erdos_n50_k8_d025_s1002;experiments\20260618_124336_best_configs\instances\inst02_erdos_n50_k8_d025_s1002.txt;erdos;50;8;280;0.25;1002;1042;50000;106;1734;0;0;7887.17;12385.24734;generation
0010_ea_personalized_inst02_erdos_n50_k8_d025_s1002_s1042;ea_personalized;inst02_erdos_n50_k8_d025_s1002;experiments\20260618_124336_best_configs\instances\inst02_erdos_n50_k8_d025_s1002.txt;erdos;50;8;280;0.25;1002;1042;50000;107;1749;0;0;7355.48;10616.44398;generation
0010_ea_personalized_inst02_erdos_n50_k8_d025_s1002_s1042;ea_personalized;inst02_erdos_n50_k8_d025_s1002;experiments\20260618_124336_best_configs\instances\inst02_erdos_n50_k8_d025_s1002.txt;erdos;50;8;280;0.25;1002;1042;50000;108;1765;0;0;9590.28;13596.39375;generation
0010_ea_personalized_inst02_erdos_n50_k8_d025_s1002_s1042;ea_personalized;inst02_erdos_n50_k8_d025_s1002;experiments\20260618_124336_best_configs\instances\inst02_erdos_n50_k8_d025_s1002.txt;erdos;50;8;280;0.25;1002;1042;50000;109;1778;0;0;8001.67;12540.26776;generation
0010_ea_personalized_inst02_erdos_n50_k8_d025_s1002_s1042;ea_personalized;inst02_erdos_n50_k8_d025_s1002;experiments\20260618_124336_best_configs\instances\inst02_erdos_n50_k8_d025_s1002.txt;erdos;50;8;280;0.25;1002;1042;50000;110;1792;0;0;8105.21;12335.61189;generation
0010_ea_personalized_inst02_erdos_n50_k8_d025_s1002_s1042;ea_personalized;inst02_erdos_n50_k8_d025_s1002;experiments\20260618_124336_best_configs\instances\inst02_erdos_n50_k8_d025_s1002.txt;erdos;50;8;280;0.25;1002;1042;50000;111;1806;0;0;9702.1;12870.79452;generation
0010_ea_personalized_inst02_erdos_n50_k8_d025_s1002_s1042;ea_personalized;inst02_erdos_n50_k8_d025_s1002;experiments\20260618_124336_best_configs\instances\inst02_erdos_n50_k8_d025_s1002.txt;erdos;50;8;280;0.25;1002;1042;50000;112;1819;0;0;8098.01;10661.32862;generation
0010_ea_personalized_inst02_erdos_n50_k8_d025_s1002_s1042;ea_personalized;inst02_erdos_n50_k8_d025_s1002;experiments\20260618_124336_best_configs\instances\inst02_erdos_n50_k8_d025_s1002.txt;erdos;50;8;280;0.25;1002;1042;50000;113;1835;0;0;7996.05;11505.66314;generation
0010_ea_personalized_inst02_erdos_n50_k8_d025_s1002_s1042;ea_personalized;inst02_erdos_n50_k8_d025_s1002;experiments\20260618_124336_best_configs\instances\inst02_erdos_n50_k8_d025_s1002.txt;erdos;50;8;280;0.25;1002;1042;50000;114;1849;0;0;8315.04;12470.64815;generation
0010_ea_personalized_inst02_erdos_n50_k8_d025_s1002_s1042;ea_personalized;inst02_erdos_n50_k8_d025_s1002;experiments\20260618_124336_best_configs\instances\inst02_erdos_n50_k8_d025_s1002.txt;erdos;50;8;280;0.25;1002;1042;50000;115;1867;0;0;8095.64;11678.63857;generation
0010_ea_personalized_inst02_erdos_n50_k8_d025_s1002_s1042;ea_personalized;inst02_erdos_n50_k8_d025_s1002;experiments\20260618_124336_best_configs\instances\inst02_erdos_n50_k8_d025_s1002.txt;erdos;50;8;280;0.25;1002;1042;50000;116;1881;0;0;7353.25;10402.18016;generation
0010_ea_personalized_inst02_erdos_n50_k8_d025_s1002_s1042;ea_personalized;inst02_erdos_n50_k8_d025_s1002;experiments\20260618_124336_best_configs\instances\inst02_erdos_n50_k8_d025_s1002.txt;erdos;50;8;280;0.25;1002;1042;50000;117;1897;0;0;9376.87;11981.58807;generation
0010_ea_personalized_inst02_erdos_n50_k8_d025_s1002_s1042;ea_personalized;inst02_erdos_n50_k8_d025_s1002;experiments\20260618_124336_best_configs\instances\inst02_erdos_n50_k8_d025_s1002.txt;erdos;50;8;280;0.25;1002;1042;50000;118;1911;0;0;6929.1;11103.6529;generation
0010_ea_personalized_inst02_erdos_n50_k8_d025_s1002_s1042;ea_personalized;inst02_erdos_n50_k8_d025_s1002;experiments\20260618_124336_best_configs\instances\inst02_erdos_n50_k8_d025_s1002.txt;erdos;50;8;280;0.25;1002;1042;50000;119;1937;0;0;9169.3;11472.97392;generation
0010_ea_personalized_inst02_erdos_n50_k8_d025_s1002_s1042;ea_personalized;inst02_erdos_n50_k8_d025_s1002;experiments\20260618_124336_best_configs\instances\inst02_erdos_n50_k8_d025_s1002.txt;erdos;50;8;280;0.25;1002;1042;50000;120;1956;0;0;8737.77;12269.58622;generation
0010_ea_personalized_inst02_erdos_n50_k8_d025_s1002_s1042;ea_personalized;inst02_erdos_n50_k8_d025_s1002;experiments\20260618_124336_best_configs\instances\inst02_erdos_n50_k8_d025_s1002.txt;erdos;50;8;280;0.25;1002;1042;50000;121;1974;0;0;7567.37;11982.36574;generation
0010_ea_personalized_inst02_erdos_n50_k8_d025_s1002_s1042;ea_personalized;inst02_erdos_n50_k8_d025_s1002;experiments\20260618_124336_best_configs\instances\inst02_erdos_n50_k8_d025_s1002.txt;erdos;50;8;280;0.25;1002;1042;50000;122;1988;0;0;9167.67;11856.37518;generation
0010_ea_personalized_inst02_erdos_n50_k8_d025_s1002_s1042;ea_personalized;inst02_erdos_n50_k8_d025_s1002;experiments\20260618_124336_best_configs\instances\inst02_erdos_n50_k8_d025_s1002.txt;erdos;50;8;280;0.25;1002;1042;50000;123;2006;0;0;7248.68;11057.1064;generation
0010_ea_personalized_inst02_erdos_n50_k8_d025_s1002_s1042;ea_personalized;inst02_erdos_n50_k8_d025_s1002;experiments\20260618_124336_best_configs\instances\inst02_erdos_n50_k8_d025_s1002.txt;erdos;50;8;280;0.25;1002;1042;50000;124;2025;0;0;7993.26;11894.42018;generation
0010_ea_personalized_inst02_erdos_n50_k8_d025_s1002_s1042;ea_personalized;inst02_erdos_n50_k8_d025_s1002;experiments\20260618_124336_best_configs\instances\inst02_erdos_n50_k8_d025_s1002.txt;erdos;50;8;280;0.25;1002;1042;50000;125;2046;0;0;7676.09;11477.5828;generation
0010_ea_personalized_inst02_erdos_n50_k8_d025_s1002_s1042;ea_personalized;inst02_erdos_n50_k8_d025_s1002;experiments\20260618_124336_best_configs\instances\inst02_erdos_n50_k8_d025_s1002.txt;erdos;50;8;280;0.25;1002;1042;50000;126;2065;0;0;7249.74;11155.40361;generation
0010_ea_personalized_inst02_erdos_n50_k8_d025_s1002_s1042;ea_personalized;inst02_erdos_n50_k8_d025_s1002;experiments\20260618_124336_best_configs\instances\inst02_erdos_n50_k8_d025_s1002.txt;erdos;50;8;280;0.25;1002;1042;50000;127;2082;0;0;8525.78;13215.16799;generation
0010_ea_personalized_inst02_erdos_n50_k8_d025_s1002_s1042;ea_personalized;inst02_erdos_n50_k8_d025_s1002;experiments\20260618_124336_best_configs\instances\inst02_erdos_n50_k8_d025_s1002.txt;erdos;50;8;280;0.25;1002;1042;50000;128;2098;0;0;7042.8;10345.31646;generation
0010_ea_personalized_inst02_erdos_n50_k8_d025_s1002_s1042;ea_personalized;inst02_erdos_n50_k8_d025_s1002;experiments\20260618_124336_best_configs\instances\inst02_erdos_n50_k8_d025_s1002.txt;erdos;50;8;280;0.25;1002;1042;50000;129;2112;0;0;8846.21;12051.52053;generation
0010_ea_personalized_inst02_erdos_n50_k8_d025_s1002_s1042;ea_personalized;inst02_erdos_n50_k8_d025_s1002;experiments\20260618_124336_best_configs\instances\inst02_erdos_n50_k8_d025_s1002.txt;erdos;50;8;280;0.25;1002;1042;50000;130;2127;0;0;8415.38;10995.65441;generation
0010_ea_personalized_inst02_erdos_n50_k8_d025_s1002_s1042;ea_personalized;inst02_erdos_n50_k8_d025_s1002;experiments\20260618_124336_best_configs\instances\inst02_erdos_n50_k8_d025_s1002.txt;erdos;50;8;280;0.25;1002;1042;50000;131;2141;0;0;7352.68;11538.03192;generation
0010_ea_personalized_inst02_erdos_n50_k8_d025_s1002_s1042;ea_personalized;inst02_erdos_n50_k8_d025_s1002;experiments\20260618_124336_best_configs\instances\inst02_erdos_n50_k8_d025_s1002.txt;erdos;50;8;280;0.25;1002;1042;50000;132;2173;0;0;8951.29;13361.47468;generation
0010_ea_personalized_inst02_erdos_n50_k8_d025_s1002_s1042;ea_personalized;inst02_erdos_n50_k8_d025_s1002;experiments\20260618_124336_best_configs\instances\inst02_erdos_n50_k8_d025_s1002.txt;erdos;50;8;280;0.25;1002;1042;50000;133;2186;0;0;6716.98;11436.78608;generation
0010_ea_personalized_inst02_erdos_n50_k8_d025_s1002_s1042;ea_personalized;inst02_erdos_n50_k8_d025_s1002;experiments\20260618_124336_best_configs\instances\inst02_erdos_n50_k8_d025_s1002.txt;erdos;50;8;280;0.25;1002;1042;50000;134;2200;0;0;7778.79;12854.73869;generation
0010_ea_personalized_inst02_erdos_n50_k8_d025_s1002_s1042;ea_personalized;inst02_erdos_n50_k8_d025_s1002;experiments\20260618_124336_best_configs\instances\inst02_erdos_n50_k8_d025_s1002.txt;erdos;50;8;280;0.25;1002;1042;50000;135;2214;0;0;9057.97;14157.59839;generation
0010_ea_personalized_inst02_erdos_n50_k8_d025_s1002_s1042;ea_personalized;inst02_erdos_n50_k8_d025_s1002;experiments\20260618_124336_best_configs\instances\inst02_erdos_n50_k8_d025_s1002.txt;erdos;50;8;280;0.25;1002;1042;50000;136;2229;0;0;9377.85;13495.9699;generation
0010_ea_personalized_inst02_erdos_n50_k8_d025_s1002_s1042;ea_personalized;inst02_erdos_n50_k8_d025_s1002;experiments\20260618_124336_best_configs\instances\inst02_erdos_n50_k8_d025_s1002.txt;erdos;50;8;280;0.25;1002;1042;50000;137;2250;0;0;7675.79;12518.91223;generation
0010_ea_personalized_inst02_erdos_n50_k8_d025_s1002_s1042;ea_personalized;inst02_erdos_n50_k8_d025_s1002;experiments\20260618_124336_best_configs\instances\inst02_erdos_n50_k8_d025_s1002.txt;erdos;50;8;280;0.25;1002;1042;50000;138;2265;0;0;10975.64;15902.49008;generation
0010_ea_personalized_inst02_erdos_n50_k8_d025_s1002_s1042;ea_personalized;inst02_erdos_n50_k8_d025_s1002;experiments\20260618_124336_best_configs\instances\inst02_erdos_n50_k8_d025_s1002.txt;erdos;50;8;280;0.25;1002;1042;50000;139;2280;0;0;6498.91;10203.27011;generation
0010_ea_personalized_inst02_erdos_n50_k8_d025_s1002_s1042;ea_personalized;inst02_erdos_n50_k8_d025_s1002;experiments\20260618_124336_best_configs\instances\inst02_erdos_n50_k8_d025_s1002.txt;erdos;50;8;280;0.25;1002;1042;50000;140;2294;0;0;6819.82;10914.27775;generation
0010_ea_personalized_inst02_erdos_n50_k8_d025_s1002_s1042;ea_personalized;inst02_erdos_n50_k8_d025_s1002;experiments\20260618_124336_best_configs\instances\inst02_erdos_n50_k8_d025_s1002.txt;erdos;50;8;280;0.25;1002;1042;50000;141;2308;0;0;8950.2;14185.7935;generation
0010_ea_personalized_inst02_erdos_n50_k8_d025_s1002_s1042;ea_personalized;inst02_erdos_n50_k8_d025_s1002;experiments\20260618_124336_best_configs\instances\inst02_erdos_n50_k8_d025_s1002.txt;erdos;50;8;280;0.25;1002;1042;50000;142;2322;0;0;7569.39;12534.54117;generation
0010_ea_personalized_inst02_erdos_n50_k8_d025_s1002_s1042;ea_personalized;inst02_erdos_n50_k8_d025_s1002;experiments\20260618_124336_best_configs\instances\inst02_erdos_n50_k8_d025_s1002.txt;erdos;50;8;280;0.25;1002;1042;50000;143;2336;0;0;8742.27;14393.86092;generation
0010_ea_personalized_inst02_erdos_n50_k8_d025_s1002_s1042;ea_personalized;inst02_erdos_n50_k8_d025_s1002;experiments\20260618_124336_best_configs\instances\inst02_erdos_n50_k8_d025_s1002.txt;erdos;50;8;280;0.25;1002;1042;50000;144;2351;0;0;8637.29;12203.27371;generation
0010_ea_personalized_inst02_erdos_n50_k8_d025_s1002_s1042;ea_personalized;inst02_erdos_n50_k8_d025_s1002;experiments\20260618_124336_best_configs\instances\inst02_erdos_n50_k8_d025_s1002.txt;erdos;50;8;280;0.25;1002;1042;50000;145;2365;0;0;5439.04;10158.00593;generation
0010_ea_personalized_inst02_erdos_n50_k8_d025_s1002_s1042;ea_personalized;inst02_erdos_n50_k8_d025_s1002;experiments\20260618_124336_best_configs\instances\inst02_erdos_n50_k8_d025_s1002.txt;erdos;50;8;280;0.25;1002;1042;50000;146;2381;0;0;8736.01;11990.13162;generation
0010_ea_personalized_inst02_erdos_n50_k8_d025_s1002_s1042;ea_personalized;inst02_erdos_n50_k8_d025_s1002;experiments\20260618_124336_best_configs\instances\inst02_erdos_n50_k8_d025_s1002.txt;erdos;50;8;280;0.25;1002;1042;50000;147;2396;0;0;6075.21;9905.125399;generation
0010_ea_personalized_inst02_erdos_n50_k8_d025_s1002_s1042;ea_personalized;inst02_erdos_n50_k8_d025_s1002;experiments\20260618_124336_best_configs\instances\inst02_erdos_n50_k8_d025_s1002.txt;erdos;50;8;280;0.25;1002;1042;50000;148;2410;0;0;7144.69;10218.4015;generation
0010_ea_personalized_inst02_erdos_n50_k8_d025_s1002_s1042;ea_personalized;inst02_erdos_n50_k8_d025_s1002;experiments\20260618_124336_best_configs\instances\inst02_erdos_n50_k8_d025_s1002.txt;erdos;50;8;280;0.25;1002;1042;50000;149;2425;0;0;9912.72;14229.93032;generation
0010_ea_personalized_inst02_erdos_n50_k8_d025_s1002_s1042;ea_personalized;inst02_erdos_n50_k8_d025_s1002;experiments\20260618_124336_best_configs\instances\inst02_erdos_n50_k8_d025_s1002.txt;erdos;50;8;280;0.25;1002;1042;50000;150;2440;0;0;9378.9;12533.29639;generation
0010_ea_personalized_inst02_erdos_n50_k8_d025_s1002_s1042;ea_personalized;inst02_erdos_n50_k8_d025_s1002;experiments\20260618_124336_best_configs\instances\inst02_erdos_n50_k8_d025_s1002.txt;erdos;50;8;280;0.25;1002;1042;50000;151;2453;0;0;8421.81;11791.29845;generation
0010_ea_personalized_inst02_erdos_n50_k8_d025_s1002_s1042;ea_personalized;inst02_erdos_n50_k8_d025_s1002;experiments\20260618_124336_best_configs\instances\inst02_erdos_n50_k8_d025_s1002.txt;erdos;50;8;280;0.25;1002;1042;50000;152;2467;0;0;11510.65;15983.95244;generation
0010_ea_personalized_inst02_erdos_n50_k8_d025_s1002_s1042;ea_personalized;inst02_erdos_n50_k8_d025_s1002;experiments\20260618_124336_best_configs\instances\inst02_erdos_n50_k8_d025_s1002.txt;erdos;50;8;280;0.25;1002;1042;50000;153;2481;0;0;7252.97;10743.99115;generation
0010_ea_personalized_inst02_erdos_n50_k8_d025_s1002_s1042;ea_personalized;inst02_erdos_n50_k8_d025_s1002;experiments\20260618_124336_best_configs\instances\inst02_erdos_n50_k8_d025_s1002.txt;erdos;50;8;280;0.25;1002;1042;50000;154;2497;0;0;6607.15;10944.33909;generation
0010_ea_personalized_inst02_erdos_n50_k8_d025_s1002_s1042;ea_personalized;inst02_erdos_n50_k8_d025_s1002;experiments\20260618_124336_best_configs\instances\inst02_erdos_n50_k8_d025_s1002.txt;erdos;50;8;280;0.25;1002;1042;50000;155;2518;0;0;8951.03;13276.48086;generation
0010_ea_personalized_inst02_erdos_n50_k8_d025_s1002_s1042;ea_personalized;inst02_erdos_n50_k8_d025_s1002;experiments\20260618_124336_best_configs\instances\inst02_erdos_n50_k8_d025_s1002.txt;erdos;50;8;280;0.25;1002;1042;50000;156;2544;0;0;6928.75;11307.55152;generation
0010_ea_personalized_inst02_erdos_n50_k8_d025_s1002_s1042;ea_personalized;inst02_erdos_n50_k8_d025_s1002;experiments\20260618_124336_best_configs\instances\inst02_erdos_n50_k8_d025_s1002.txt;erdos;50;8;280;0.25;1002;1042;50000;157;2571;0;0;9165.79;12600.58668;generation
0010_ea_personalized_inst02_erdos_n50_k8_d025_s1002_s1042;ea_personalized;inst02_erdos_n50_k8_d025_s1002;experiments\20260618_124336_best_configs\instances\inst02_erdos_n50_k8_d025_s1002.txt;erdos;50;8;280;0.25;1002;1042;50000;158;2598;0;0;8102.95;12339.52479;generation
0010_ea_personalized_inst02_erdos_n50_k8_d025_s1002_s1042;ea_personalized;inst02_erdos_n50_k8_d025_s1002;experiments\20260618_124336_best_configs\instances\inst02_erdos_n50_k8_d025_s1002.txt;erdos;50;8;280;0.25;1002;1042;50000;159;2628;0;0;9381.57;13746.58278;generation
0010_ea_personalized_inst02_erdos_n50_k8_d025_s1002_s1042;ea_personalized;inst02_erdos_n50_k8_d025_s1002;experiments\20260618_124336_best_configs\instances\inst02_erdos_n50_k8_d025_s1002.txt;erdos;50;8;280;0.25;1002;1042;50000;160;2653;0;0;6503.04;9629.731548;generation
0010_ea_personalized_inst02_erdos_n50_k8_d025_s1002_s1042;ea_personalized;inst02_erdos_n50_k8_d025_s1002;experiments\20260618_124336_best_configs\instances\inst02_erdos_n50_k8_d025_s1002.txt;erdos;50;8;280;0.25;1002;1042;50000;161;2680;0;0;9269.06;12480.6439;generation
0010_ea_personalized_inst02_erdos_n50_k8_d025_s1002_s1042;ea_personalized;inst02_erdos_n50_k8_d025_s1002;experiments\20260618_124336_best_configs\instances\inst02_erdos_n50_k8_d025_s1002.txt;erdos;50;8;280;0.25;1002;1042;50000;162;2709;0;0;6820.81;11423.45271;generation
0010_ea_personalized_inst02_erdos_n50_k8_d025_s1002_s1042;ea_personalized;inst02_erdos_n50_k8_d025_s1002;experiments\20260618_124336_best_configs\instances\inst02_erdos_n50_k8_d025_s1002.txt;erdos;50;8;280;0.25;1002;1042;50000;163;2736;0;0;7886.87;12832.98941;generation
0010_ea_personalized_inst02_erdos_n50_k8_d025_s1002_s1042;ea_personalized;inst02_erdos_n50_k8_d025_s1002;experiments\20260618_124336_best_configs\instances\inst02_erdos_n50_k8_d025_s1002.txt;erdos;50;8;280;0.25;1002;1042;50000;164;2764;0;0;8741.81;11986.58065;generation
0010_ea_personalized_inst02_erdos_n50_k8_d025_s1002_s1042;ea_personalized;inst02_erdos_n50_k8_d025_s1002;experiments\20260618_124336_best_configs\instances\inst02_erdos_n50_k8_d025_s1002.txt;erdos;50;8;280;0.25;1002;1042;50000;165;2797;0;0;8104.14;12426.26369;generation
0010_ea_personalized_inst02_erdos_n50_k8_d025_s1002_s1042;ea_personalized;inst02_erdos_n50_k8_d025_s1002;experiments\20260618_124336_best_configs\instances\inst02_erdos_n50_k8_d025_s1002.txt;erdos;50;8;280;0.25;1002;1042;50000;166;2828;0;0;7686.68;12241.28148;generation
0010_ea_personalized_inst02_erdos_n50_k8_d025_s1002_s1042;ea_personalized;inst02_erdos_n50_k8_d025_s1002;experiments\20260618_124336_best_configs\instances\inst02_erdos_n50_k8_d025_s1002.txt;erdos;50;8;280;0.25;1002;1042;50000;167;2862;0;0;6622.78;11353.6665;generation
0010_ea_personalized_inst02_erdos_n50_k8_d025_s1002_s1042;ea_personalized;inst02_erdos_n50_k8_d025_s1002;experiments\20260618_124336_best_configs\instances\inst02_erdos_n50_k8_d025_s1002.txt;erdos;50;8;280;0.25;1002;1042;50000;168;2890;0;0;7990.97;12812.75327;generation
0010_ea_personalized_inst02_erdos_n50_k8_d025_s1002_s1042;ea_personalized;inst02_erdos_n50_k8_d025_s1002;experiments\20260618_124336_best_configs\instances\inst02_erdos_n50_k8_d025_s1002.txt;erdos;50;8;280;0.25;1002;1042;50000;169;2916;0;0;8524.35;11665.94473;generation
0010_ea_personalized_inst02_erdos_n50_k8_d025_s1002_s1042;ea_personalized;inst02_erdos_n50_k8_d025_s1002;experiments\20260618_124336_best_configs\instances\inst02_erdos_n50_k8_d025_s1002.txt;erdos;50;8;280;0.25;1002;1042;50000;170;2949;0;0;8636.74;14339.67261;generation
0010_ea_personalized_inst02_erdos_n50_k8_d025_s1002_s1042;ea_personalized;inst02_erdos_n50_k8_d025_s1002;experiments\20260618_124336_best_configs\instances\inst02_erdos_n50_k8_d025_s1002.txt;erdos;50;8;280;0.25;1002;1042;50000;171;2979;0;0;6824.99;11518.57331;generation
0010_ea_personalized_inst02_erdos_n50_k8_d025_s1002_s1042;ea_personalized;inst02_erdos_n50_k8_d025_s1002;experiments\20260618_124336_best_configs\instances\inst02_erdos_n50_k8_d025_s1002.txt;erdos;50;8;280;0.25;1002;1042;50000;172;3010;0;0;8532.27;11470.98889;generation
0010_ea_personalized_inst02_erdos_n50_k8_d025_s1002_s1042;ea_personalized;inst02_erdos_n50_k8_d025_s1002;experiments\20260618_124336_best_configs\instances\inst02_erdos_n50_k8_d025_s1002.txt;erdos;50;8;280;0.25;1002;1042;50000;173;3042;0;0;9698.3;13483.34874;generation
0010_ea_personalized_inst02_erdos_n50_k8_d025_s1002_s1042;ea_personalized;inst02_erdos_n50_k8_d025_s1002;experiments\20260618_124336_best_configs\instances\inst02_erdos_n50_k8_d025_s1002.txt;erdos;50;8;280;0.25;1002;1042;50000;174;3076;0;0;8740.79;12542.55577;generation
0010_ea_personalized_inst02_erdos_n50_k8_d025_s1002_s1042;ea_personalized;inst02_erdos_n50_k8_d025_s1002;experiments\20260618_124336_best_configs\instances\inst02_erdos_n50_k8_d025_s1002.txt;erdos;50;8;280;0.25;1002;1042;50000;175;3107;0;0;8311.8;11328.36468;generation
0010_ea_personalized_inst02_erdos_n50_k8_d025_s1002_s1042;ea_personalized;inst02_erdos_n50_k8_d025_s1002;experiments\20260618_124336_best_configs\instances\inst02_erdos_n50_k8_d025_s1002.txt;erdos;50;8;280;0.25;1002;1042;50000;176;3135;0;0;8314.68;12472.18733;generation
0010_ea_personalized_inst02_erdos_n50_k8_d025_s1002_s1042;ea_personalized;inst02_erdos_n50_k8_d025_s1002;experiments\20260618_124336_best_configs\instances\inst02_erdos_n50_k8_d025_s1002.txt;erdos;50;8;280;0.25;1002;1042;50000;177;3166;0;0;6716.48;10823.14255;generation
0010_ea_personalized_inst02_erdos_n50_k8_d025_s1002_s1042;ea_personalized;inst02_erdos_n50_k8_d025_s1002;experiments\20260618_124336_best_configs\instances\inst02_erdos_n50_k8_d025_s1002.txt;erdos;50;8;280;0.25;1002;1042;50000;178;3193;0;0;8631.19;12298.64439;generation
0010_ea_personalized_inst02_erdos_n50_k8_d025_s1002_s1042;ea_personalized;inst02_erdos_n50_k8_d025_s1002;experiments\20260618_124336_best_configs\instances\inst02_erdos_n50_k8_d025_s1002.txt;erdos;50;8;280;0.25;1002;1042;50000;179;3221;0;0;8316.84;12099.49089;generation
0010_ea_personalized_inst02_erdos_n50_k8_d025_s1002_s1042;ea_personalized;inst02_erdos_n50_k8_d025_s1002;experiments\20260618_124336_best_configs\instances\inst02_erdos_n50_k8_d025_s1002.txt;erdos;50;8;280;0.25;1002;1042;50000;180;3254;0;0;7892.02;12195.62595;generation
0010_ea_personalized_inst02_erdos_n50_k8_d025_s1002_s1042;ea_personalized;inst02_erdos_n50_k8_d025_s1002;experiments\20260618_124336_best_configs\instances\inst02_erdos_n50_k8_d025_s1002.txt;erdos;50;8;280;0.25;1002;1042;50000;181;3278;0;0;6180.86;9664.70226;generation
0010_ea_personalized_inst02_erdos_n50_k8_d025_s1002_s1042;ea_personalized;inst02_erdos_n50_k8_d025_s1002;experiments\20260618_124336_best_configs\instances\inst02_erdos_n50_k8_d025_s1002.txt;erdos;50;8;280;0.25;1002;1042;50000;182;3310;0;0;8098.82;11281.17928;generation
0010_ea_personalized_inst02_erdos_n50_k8_d025_s1002_s1042;ea_personalized;inst02_erdos_n50_k8_d025_s1002;experiments\20260618_124336_best_configs\instances\inst02_erdos_n50_k8_d025_s1002.txt;erdos;50;8;280;0.25;1002;1042;50000;183;3344;0;0;8635.02;13357.42105;generation
0010_ea_personalized_inst02_erdos_n50_k8_d025_s1002_s1042;ea_personalized;inst02_erdos_n50_k8_d025_s1002;experiments\20260618_124336_best_configs\instances\inst02_erdos_n50_k8_d025_s1002.txt;erdos;50;8;280;0.25;1002;1042;50000;184;3379;0;0;9815.77;13442.7683;generation
0010_ea_personalized_inst02_erdos_n50_k8_d025_s1002_s1042;ea_personalized;inst02_erdos_n50_k8_d025_s1002;experiments\20260618_124336_best_configs\instances\inst02_erdos_n50_k8_d025_s1002.txt;erdos;50;8;280;0.25;1002;1042;50000;185;3409;0;0;7366.81;10517.21889;generation
0010_ea_personalized_inst02_erdos_n50_k8_d025_s1002_s1042;ea_personalized;inst02_erdos_n50_k8_d025_s1002;experiments\20260618_124336_best_configs\instances\inst02_erdos_n50_k8_d025_s1002.txt;erdos;50;8;280;0.25;1002;1042;50000;186;3443;0;0;9172.01;12329.29499;generation
0010_ea_personalized_inst02_erdos_n50_k8_d025_s1002_s1042;ea_personalized;inst02_erdos_n50_k8_d025_s1002;experiments\20260618_124336_best_configs\instances\inst02_erdos_n50_k8_d025_s1002.txt;erdos;50;8;280;0.25;1002;1042;50000;187;3467;0;0;7253.65;11255.31648;generation
0010_ea_personalized_inst02_erdos_n50_k8_d025_s1002_s1042;ea_personalized;inst02_erdos_n50_k8_d025_s1002;experiments\20260618_124336_best_configs\instances\inst02_erdos_n50_k8_d025_s1002.txt;erdos;50;8;280;0.25;1002;1042;50000;188;3486;0;0;8527.71;13040.6086;generation
0010_ea_personalized_inst02_erdos_n50_k8_d025_s1002_s1042;ea_personalized;inst02_erdos_n50_k8_d025_s1002;experiments\20260618_124336_best_configs\instances\inst02_erdos_n50_k8_d025_s1002.txt;erdos;50;8;280;0.25;1002;1042;50000;189;3509;0;0;8419.8;11790.75502;generation
0010_ea_personalized_inst02_erdos_n50_k8_d025_s1002_s1042;ea_personalized;inst02_erdos_n50_k8_d025_s1002;experiments\20260618_124336_best_configs\instances\inst02_erdos_n50_k8_d025_s1002.txt;erdos;50;8;280;0.25;1002;1042;50000;190;3528;0;0;7993.3;12634.36347;generation
0010_ea_personalized_inst02_erdos_n50_k8_d025_s1002_s1042;ea_personalized;inst02_erdos_n50_k8_d025_s1002;experiments\20260618_124336_best_configs\instances\inst02_erdos_n50_k8_d025_s1002.txt;erdos;50;8;280;0.25;1002;1042;50000;191;3551;0;0;7783.69;11651.67848;generation
0010_ea_personalized_inst02_erdos_n50_k8_d025_s1002_s1042;ea_personalized;inst02_erdos_n50_k8_d025_s1002;experiments\20260618_124336_best_configs\instances\inst02_erdos_n50_k8_d025_s1002.txt;erdos;50;8;280;0.25;1002;1042;50000;192;3575;0;0;5223.89;9463.682136;generation
0010_ea_personalized_inst02_erdos_n50_k8_d025_s1002_s1042;ea_personalized;inst02_erdos_n50_k8_d025_s1002;experiments\20260618_124336_best_configs\instances\inst02_erdos_n50_k8_d025_s1002.txt;erdos;50;8;280;0.25;1002;1042;50000;193;3595;0;0;10758.92;14248.60972;generation
0010_ea_personalized_inst02_erdos_n50_k8_d025_s1002_s1042;ea_personalized;inst02_erdos_n50_k8_d025_s1002;experiments\20260618_124336_best_configs\instances\inst02_erdos_n50_k8_d025_s1002.txt;erdos;50;8;280;0.25;1002;1042;50000;194;3623;0;0;7354.02;12018.57565;generation
0010_ea_personalized_inst02_erdos_n50_k8_d025_s1002_s1042;ea_personalized;inst02_erdos_n50_k8_d025_s1002;experiments\20260618_124336_best_configs\instances\inst02_erdos_n50_k8_d025_s1002.txt;erdos;50;8;280;0.25;1002;1042;50000;195;3643;0;0;8951.19;12758.07239;generation
0010_ea_personalized_inst02_erdos_n50_k8_d025_s1002_s1042;ea_personalized;inst02_erdos_n50_k8_d025_s1002;experiments\20260618_124336_best_configs\instances\inst02_erdos_n50_k8_d025_s1002.txt;erdos;50;8;280;0.25;1002;1042;50000;196;3665;0;0;7245.73;11257.92481;generation
0010_ea_personalized_inst02_erdos_n50_k8_d025_s1002_s1042;ea_personalized;inst02_erdos_n50_k8_d025_s1002;experiments\20260618_124336_best_configs\instances\inst02_erdos_n50_k8_d025_s1002.txt;erdos;50;8;280;0.25;1002;1042;50000;197;3687;0;0;6285.11;11179.93415;generation
0010_ea_personalized_inst02_erdos_n50_k8_d025_s1002_s1042;ea_personalized;inst02_erdos_n50_k8_d025_s1002;experiments\20260618_124336_best_configs\instances\inst02_erdos_n50_k8_d025_s1002.txt;erdos;50;8;280;0.25;1002;1042;50000;198;3715;0;0;7141.55;12331.58179;generation
0010_ea_personalized_inst02_erdos_n50_k8_d025_s1002_s1042;ea_personalized;inst02_erdos_n50_k8_d025_s1002;experiments\20260618_124336_best_configs\instances\inst02_erdos_n50_k8_d025_s1002.txt;erdos;50;8;280;0.25;1002;1042;50000;199;3743;0;0;6717.72;12296.78472;generation
0010_ea_personalized_inst02_erdos_n50_k8_d025_s1002_s1042;ea_personalized;inst02_erdos_n50_k8_d025_s1002;experiments\20260618_124336_best_configs\instances\inst02_erdos_n50_k8_d025_s1002.txt;erdos;50;8;280;0.25;1002;1042;50000;200;3767;0;0;7459.43;11905.85722;generation
0010_ea_personalized_inst02_erdos_n50_k8_d025_s1002_s1042;ea_personalized;inst02_erdos_n50_k8_d025_s1002;experiments\20260618_124336_best_configs\instances\inst02_erdos_n50_k8_d025_s1002.txt;erdos;50;8;280;0.25;1002;1042;50000;201;3793;0;0;9588.47;13926.23035;generation
0010_ea_personalized_inst02_erdos_n50_k8_d025_s1002_s1042;ea_personalized;inst02_erdos_n50_k8_d025_s1002;experiments\20260618_124336_best_configs\instances\inst02_erdos_n50_k8_d025_s1002.txt;erdos;50;8;280;0.25;1002;1042;50000;202;3816;0;0;7462.56;12187.76617;generation
0010_ea_personalized_inst02_erdos_n50_k8_d025_s1002_s1042;ea_personalized;inst02_erdos_n50_k8_d025_s1002;experiments\20260618_124336_best_configs\instances\inst02_erdos_n50_k8_d025_s1002.txt;erdos;50;8;280;0.25;1002;1042;50000;203;3843;0;0;6721.32;10617.77291;generation
0010_ea_personalized_inst02_erdos_n50_k8_d025_s1002_s1042;ea_personalized;inst02_erdos_n50_k8_d025_s1002;experiments\20260618_124336_best_configs\instances\inst02_erdos_n50_k8_d025_s1002.txt;erdos;50;8;280;0.25;1002;1042;50000;204;3860;0;0;8418.64;13154.13508;generation
0010_ea_personalized_inst02_erdos_n50_k8_d025_s1002_s1042;ea_personalized;inst02_erdos_n50_k8_d025_s1002;experiments\20260618_124336_best_configs\instances\inst02_erdos_n50_k8_d025_s1002.txt;erdos;50;8;280;0.25;1002;1042;50000;205;3885;0;0;5437.69;10267.92615;generation
0010_ea_personalized_inst02_erdos_n50_k8_d025_s1002_s1042;ea_personalized;inst02_erdos_n50_k8_d025_s1002;experiments\20260618_124336_best_configs\instances\inst02_erdos_n50_k8_d025_s1002.txt;erdos;50;8;280;0.25;1002;1042;50000;206;3909;0;0;6820.68;11421.5244;generation
0010_ea_personalized_inst02_erdos_n50_k8_d025_s1002_s1042;ea_personalized;inst02_erdos_n50_k8_d025_s1002;experiments\20260618_124336_best_configs\instances\inst02_erdos_n50_k8_d025_s1002.txt;erdos;50;8;280;0.25;1002;1042;50000;207;3936;0;0;6928.42;11507.25927;generation
0010_ea_personalized_inst02_erdos_n50_k8_d025_s1002_s1042;ea_personalized;inst02_erdos_n50_k8_d025_s1002;experiments\20260618_124336_best_configs\instances\inst02_erdos_n50_k8_d025_s1002.txt;erdos;50;8;280;0.25;1002;1042;50000;208;3961;0;0;7244.86;10202.93826;generation
0010_ea_personalized_inst02_erdos_n50_k8_d025_s1002_s1042;ea_personalized;inst02_erdos_n50_k8_d025_s1002;experiments\20260618_124336_best_configs\instances\inst02_erdos_n50_k8_d025_s1002.txt;erdos;50;8;280;0.25;1002;1042;50000;209;3982;0;0;7885.3;11726.08495;generation
0010_ea_personalized_inst02_erdos_n50_k8_d025_s1002_s1042;ea_personalized;inst02_erdos_n50_k8_d025_s1002;experiments\20260618_124336_best_configs\instances\inst02_erdos_n50_k8_d025_s1002.txt;erdos;50;8;280;0.25;1002;1042;50000;210;4007;0;0;6607.33;11146.92408;generation
0010_ea_personalized_inst02_erdos_n50_k8_d025_s1002_s1042;ea_personalized;inst02_erdos_n50_k8_d025_s1002;experiments\20260618_124336_best_configs\instances\inst02_erdos_n50_k8_d025_s1002.txt;erdos;50;8;280;0.25;1002;1042;50000;211;4031;0;0;6395.03;12048.03768;generation
0010_ea_personalized_inst02_erdos_n50_k8_d025_s1002_s1042;ea_personalized;inst02_erdos_n50_k8_d025_s1002;experiments\20260618_124336_best_configs\instances\inst02_erdos_n50_k8_d025_s1002.txt;erdos;50;8;280;0.25;1002;1042;50000;212;4050;0;0;8099.18;13563.92418;generation
0010_ea_personalized_inst02_erdos_n50_k8_d025_s1002_s1042;ea_personalized;inst02_erdos_n50_k8_d025_s1002;experiments\20260618_124336_best_configs\instances\inst02_erdos_n50_k8_d025_s1002.txt;erdos;50;8;280;0.25;1002;1042;50000;213;4075;0;0;6714.91;12658.78376;generation
0010_ea_personalized_inst02_erdos_n50_k8_d025_s1002_s1042;ea_personalized;inst02_erdos_n50_k8_d025_s1002;experiments\20260618_124336_best_configs\instances\inst02_erdos_n50_k8_d025_s1002.txt;erdos;50;8;280;0.25;1002;1042;50000;214;4096;0;0;7990.01;12901.84963;generation
0010_ea_personalized_inst02_erdos_n50_k8_d025_s1002_s1042;ea_personalized;inst02_erdos_n50_k8_d025_s1002;experiments\20260618_124336_best_configs\instances\inst02_erdos_n50_k8_d025_s1002.txt;erdos;50;8;280;0.25;1002;1042;50000;215;4116;0;0;7887.4;12291.57084;generation
0010_ea_personalized_inst02_erdos_n50_k8_d025_s1002_s1042;ea_personalized;inst02_erdos_n50_k8_d025_s1002;experiments\20260618_124336_best_configs\instances\inst02_erdos_n50_k8_d025_s1002.txt;erdos;50;8;280;0.25;1002;1042;50000;216;4140;0;0;7249.05;11156.56279;generation
0010_ea_personalized_inst02_erdos_n50_k8_d025_s1002_s1042;ea_personalized;inst02_erdos_n50_k8_d025_s1002;experiments\20260618_124336_best_configs\instances\inst02_erdos_n50_k8_d025_s1002.txt;erdos;50;8;280;0.25;1002;1042;50000;217;4165;0;0;7354.64;11138.32231;generation
0010_ea_personalized_inst02_erdos_n50_k8_d025_s1002_s1042;ea_personalized;inst02_erdos_n50_k8_d025_s1002;experiments\20260618_124336_best_configs\instances\inst02_erdos_n50_k8_d025_s1002.txt;erdos;50;8;280;0.25;1002;1042;50000;218;4191;0;0;9590.99;11713.81699;generation
0010_ea_personalized_inst02_erdos_n50_k8_d025_s1002_s1042;ea_personalized;inst02_erdos_n50_k8_d025_s1002;experiments\20260618_124336_best_configs\instances\inst02_erdos_n50_k8_d025_s1002.txt;erdos;50;8;280;0.25;1002;1042;50000;219;4215;0;0;8424.08;11791.65575;generation
0010_ea_personalized_inst02_erdos_n50_k8_d025_s1002_s1042;ea_personalized;inst02_erdos_n50_k8_d025_s1002;experiments\20260618_124336_best_configs\instances\inst02_erdos_n50_k8_d025_s1002.txt;erdos;50;8;280;0.25;1002;1042;50000;220;4242;0;0;7462.31;12375.46173;generation
0010_ea_personalized_inst02_erdos_n50_k8_d025_s1002_s1042;ea_personalized;inst02_erdos_n50_k8_d025_s1002;experiments\20260618_124336_best_configs\instances\inst02_erdos_n50_k8_d025_s1002.txt;erdos;50;8;280;0.25;1002;1042;50000;221;4268;0;0;7673.41;12426.03966;generation
0010_ea_personalized_inst02_erdos_n50_k8_d025_s1002_s1042;ea_personalized;inst02_erdos_n50_k8_d025_s1002;experiments\20260618_124336_best_configs\instances\inst02_erdos_n50_k8_d025_s1002.txt;erdos;50;8;280;0.25;1002;1042;50000;222;4296;0;0;6824.08;11425.28817;generation
0010_ea_personalized_inst02_erdos_n50_k8_d025_s1002_s1042;ea_personalized;inst02_erdos_n50_k8_d025_s1002;experiments\20260618_124336_best_configs\instances\inst02_erdos_n50_k8_d025_s1002.txt;erdos;50;8;280;0.25;1002;1042;50000;223;4321;0;0;6927.8;11001.94745;generation
0010_ea_personalized_inst02_erdos_n50_k8_d025_s1002_s1042;ea_personalized;inst02_erdos_n50_k8_d025_s1002;experiments\20260618_124336_best_configs\instances\inst02_erdos_n50_k8_d025_s1002.txt;erdos;50;8;280;0.25;1002;1042;50000;224;4343;0;0;8744.2;12811.73918;generation
0010_ea_personalized_inst02_erdos_n50_k8_d025_s1002_s1042;ea_personalized;inst02_erdos_n50_k8_d025_s1002;experiments\20260618_124336_best_configs\instances\inst02_erdos_n50_k8_d025_s1002.txt;erdos;50;8;280;0.25;1002;1042;50000;225;4371;0;0;4906.28;9087.597413;generation
0010_ea_personalized_inst02_erdos_n50_k8_d025_s1002_s1042;ea_personalized;inst02_erdos_n50_k8_d025_s1002;experiments\20260618_124336_best_configs\instances\inst02_erdos_n50_k8_d025_s1002.txt;erdos;50;8;280;0.25;1002;1042;50000;226;4405;0;0;7675.45;11376.11257;generation
0010_ea_personalized_inst02_erdos_n50_k8_d025_s1002_s1042;ea_personalized;inst02_erdos_n50_k8_d025_s1002;experiments\20260618_124336_best_configs\instances\inst02_erdos_n50_k8_d025_s1002.txt;erdos;50;8;280;0.25;1002;1042;50000;227;4440;0;0;6611.06;10941.49851;generation
0010_ea_personalized_inst02_erdos_n50_k8_d025_s1002_s1042;ea_personalized;inst02_erdos_n50_k8_d025_s1002;experiments\20260618_124336_best_configs\instances\inst02_erdos_n50_k8_d025_s1002.txt;erdos;50;8;280;0.25;1002;1042;50000;228;4469;0;0;7462.09;11017.13597;generation
0010_ea_personalized_inst02_erdos_n50_k8_d025_s1002_s1042;ea_personalized;inst02_erdos_n50_k8_d025_s1002;experiments\20260618_124336_best_configs\instances\inst02_erdos_n50_k8_d025_s1002.txt;erdos;50;8;280;0.25;1002;1042;50000;229;4496;0;0;9482.85;14199.55796;generation
0010_ea_personalized_inst02_erdos_n50_k8_d025_s1002_s1042;ea_personalized;inst02_erdos_n50_k8_d025_s1002;experiments\20260618_124336_best_configs\instances\inst02_erdos_n50_k8_d025_s1002.txt;erdos;50;8;280;0.25;1002;1042;50000;230;4518;0;0;8315.32;13009.93815;generation
0010_ea_personalized_inst02_erdos_n50_k8_d025_s1002_s1042;ea_personalized;inst02_erdos_n50_k8_d025_s1002;experiments\20260618_124336_best_configs\instances\inst02_erdos_n50_k8_d025_s1002.txt;erdos;50;8;280;0.25;1002;1042;50000;231;4537;0;0;10017.8;13116.60392;generation
0010_ea_personalized_inst02_erdos_n50_k8_d025_s1002_s1042;ea_personalized;inst02_erdos_n50_k8_d025_s1002;experiments\20260618_124336_best_configs\instances\inst02_erdos_n50_k8_d025_s1002.txt;erdos;50;8;280;0.25;1002;1042;50000;232;4566;0;0;11189.28;13752.16738;generation
0010_ea_personalized_inst02_erdos_n50_k8_d025_s1002_s1042;ea_personalized;inst02_erdos_n50_k8_d025_s1002;experiments\20260618_124336_best_configs\instances\inst02_erdos_n50_k8_d025_s1002.txt;erdos;50;8;280;0.25;1002;1042;50000;233;4598;0;0;6612.94;10622.5173;generation
0010_ea_personalized_inst02_erdos_n50_k8_d025_s1002_s1042;ea_personalized;inst02_erdos_n50_k8_d025_s1002;experiments\20260618_124336_best_configs\instances\inst02_erdos_n50_k8_d025_s1002.txt;erdos;50;8;280;0.25;1002;1042;50000;234;4629;0;0;5119.12;10268.66201;generation
0010_ea_personalized_inst02_erdos_n50_k8_d025_s1002_s1042;ea_personalized;inst02_erdos_n50_k8_d025_s1002;experiments\20260618_124336_best_configs\instances\inst02_erdos_n50_k8_d025_s1002.txt;erdos;50;8;280;0.25;1002;1042;50000;235;4658;0;0;8740.52;11801.5817;generation
0010_ea_personalized_inst02_erdos_n50_k8_d025_s1002_s1042;ea_personalized;inst02_erdos_n50_k8_d025_s1002;experiments\20260618_124336_best_configs\instances\inst02_erdos_n50_k8_d025_s1002.txt;erdos;50;8;280;0.25;1002;1042;50000;236;4692;0;0;8629.62;12020.4954;generation
0010_ea_personalized_inst02_erdos_n50_k8_d025_s1002_s1042;ea_personalized;inst02_erdos_n50_k8_d025_s1002;experiments\20260618_124336_best_configs\instances\inst02_erdos_n50_k8_d025_s1002.txt;erdos;50;8;280;0.25;1002;1042;50000;237;4719;0;0;9269.43;13774.96141;generation
0010_ea_personalized_inst02_erdos_n50_k8_d025_s1002_s1042;ea_personalized;inst02_erdos_n50_k8_d025_s1002;experiments\20260618_124336_best_configs\instances\inst02_erdos_n50_k8_d025_s1002.txt;erdos;50;8;280;0.25;1002;1042;50000;238;4743;0;0;7781.47;12313.94407;generation
0010_ea_personalized_inst02_erdos_n50_k8_d025_s1002_s1042;ea_personalized;inst02_erdos_n50_k8_d025_s1002;experiments\20260618_124336_best_configs\instances\inst02_erdos_n50_k8_d025_s1002.txt;erdos;50;8;280;0.25;1002;1042;50000;239;4774;0;0;7356.96;10825.36831;generation
0010_ea_personalized_inst02_erdos_n50_k8_d025_s1002_s1042;ea_personalized;inst02_erdos_n50_k8_d025_s1002;experiments\20260618_124336_best_configs\instances\inst02_erdos_n50_k8_d025_s1002.txt;erdos;50;8;280;0.25;1002;1042;50000;240;4808;0;0;8205.9;13457.63353;generation
0010_ea_personalized_inst02_erdos_n50_k8_d025_s1002_s1042;ea_personalized;inst02_erdos_n50_k8_d025_s1002;experiments\20260618_124336_best_configs\instances\inst02_erdos_n50_k8_d025_s1002.txt;erdos;50;8;280;0.25;1002;1042;50000;241;4830;0;0;5761.7;11314.80519;generation
0010_ea_personalized_inst02_erdos_n50_k8_d025_s1002_s1042;ea_personalized;inst02_erdos_n50_k8_d025_s1002;experiments\20260618_124336_best_configs\instances\inst02_erdos_n50_k8_d025_s1002.txt;erdos;50;8;280;0.25;1002;1042;50000;242;4856;0;0;8315.99;11814.47804;generation
0010_ea_personalized_inst02_erdos_n50_k8_d025_s1002_s1042;ea_personalized;inst02_erdos_n50_k8_d025_s1002;experiments\20260618_124336_best_configs\instances\inst02_erdos_n50_k8_d025_s1002.txt;erdos;50;8;280;0.25;1002;1042;50000;243;4881;0;0;8205.29;11356.43084;generation
0010_ea_personalized_inst02_erdos_n50_k8_d025_s1002_s1042;ea_personalized;inst02_erdos_n50_k8_d025_s1002;experiments\20260618_124336_best_configs\instances\inst02_erdos_n50_k8_d025_s1002.txt;erdos;50;8;280;0.25;1002;1042;50000;244;4900;0;0;6822.6;11118.7038;generation
0010_ea_personalized_inst02_erdos_n50_k8_d025_s1002_s1042;ea_personalized;inst02_erdos_n50_k8_d025_s1002;experiments\20260618_124336_best_configs\instances\inst02_erdos_n50_k8_d025_s1002.txt;erdos;50;8;280;0.25;1002;1042;50000;245;4919;0;0;8097.33;10337.89518;generation
0010_ea_personalized_inst02_erdos_n50_k8_d025_s1002_s1042;ea_personalized;inst02_erdos_n50_k8_d025_s1002;experiments\20260618_124336_best_configs\instances\inst02_erdos_n50_k8_d025_s1002.txt;erdos;50;8;280;0.25;1002;1042;50000;246;4934;0;0;9053.53;13503.98656;generation
0010_ea_personalized_inst02_erdos_n50_k8_d025_s1002_s1042;ea_personalized;inst02_erdos_n50_k8_d025_s1002;experiments\20260618_124336_best_configs\instances\inst02_erdos_n50_k8_d025_s1002.txt;erdos;50;8;280;0.25;1002;1042;50000;247;4957;0;0;8202.39;12678.55857;generation
0010_ea_personalized_inst02_erdos_n50_k8_d025_s1002_s1042;ea_personalized;inst02_erdos_n50_k8_d025_s1002;experiments\20260618_124336_best_configs\instances\inst02_erdos_n50_k8_d025_s1002.txt;erdos;50;8;280;0.25;1002;1042;50000;248;4972;0;0;7672.68;11277.77939;generation
0010_ea_personalized_inst02_erdos_n50_k8_d025_s1002_s1042;ea_personalized;inst02_erdos_n50_k8_d025_s1002;experiments\20260618_124336_best_configs\instances\inst02_erdos_n50_k8_d025_s1002.txt;erdos;50;8;280;0.25;1002;1042;50000;249;4995;0;0;6820.14;11120.8126;generation
0010_ea_personalized_inst02_erdos_n50_k8_d025_s1002_s1042;ea_personalized;inst02_erdos_n50_k8_d025_s1002;experiments\20260618_124336_best_configs\instances\inst02_erdos_n50_k8_d025_s1002.txt;erdos;50;8;280;0.25;1002;1042;50000;250;5014;0;0;8526.28;12508.80932;generation
0010_ea_personalized_inst02_erdos_n50_k8_d025_s1002_s1042;ea_personalized;inst02_erdos_n50_k8_d025_s1002;experiments\20260618_124336_best_configs\instances\inst02_erdos_n50_k8_d025_s1002.txt;erdos;50;8;280;0.25;1002;1042;50000;251;5029;0;0;8949.75;13191.54811;generation
0010_ea_personalized_inst02_erdos_n50_k8_d025_s1002_s1042;ea_personalized;inst02_erdos_n50_k8_d025_s1002;experiments\20260618_124336_best_configs\instances\inst02_erdos_n50_k8_d025_s1002.txt;erdos;50;8;280;0.25;1002;1042;50000;252;5046;0;0;5864.7;10143.23641;generation
0010_ea_personalized_inst02_erdos_n50_k8_d025_s1002_s1042;ea_personalized;inst02_erdos_n50_k8_d025_s1002;experiments\20260618_124336_best_configs\instances\inst02_erdos_n50_k8_d025_s1002.txt;erdos;50;8;280;0.25;1002;1042;50000;253;5063;0;0;7883.26;12476.66916;generation
0010_ea_personalized_inst02_erdos_n50_k8_d025_s1002_s1042;ea_personalized;inst02_erdos_n50_k8_d025_s1002;experiments\20260618_124336_best_configs\instances\inst02_erdos_n50_k8_d025_s1002.txt;erdos;50;8;280;0.25;1002;1042;50000;254;5078;0;0;5545.2;9460.560186;generation
0010_ea_personalized_inst02_erdos_n50_k8_d025_s1002_s1042;ea_personalized;inst02_erdos_n50_k8_d025_s1002;experiments\20260618_124336_best_configs\instances\inst02_erdos_n50_k8_d025_s1002.txt;erdos;50;8;280;0.25;1002;1042;50000;255;5095;0;0;8421.19;12980.56823;generation
0010_ea_personalized_inst02_erdos_n50_k8_d025_s1002_s1042;ea_personalized;inst02_erdos_n50_k8_d025_s1002;experiments\20260618_124336_best_configs\instances\inst02_erdos_n50_k8_d025_s1002.txt;erdos;50;8;280;0.25;1002;1042;50000;256;5111;0;0;8211.72;11746.91824;generation
0010_ea_personalized_inst02_erdos_n50_k8_d025_s1002_s1042;ea_personalized;inst02_erdos_n50_k8_d025_s1002;experiments\20260618_124336_best_configs\instances\inst02_erdos_n50_k8_d025_s1002.txt;erdos;50;8;280;0.25;1002;1042;50000;257;5127;0;0;7674.25;11477.9597;generation
0010_ea_personalized_inst02_erdos_n50_k8_d025_s1002_s1042;ea_personalized;inst02_erdos_n50_k8_d025_s1002;experiments\20260618_124336_best_configs\instances\inst02_erdos_n50_k8_d025_s1002.txt;erdos;50;8;280;0.25;1002;1042;50000;258;5145;0;0;8098.96;11870.6246;generation
0010_ea_personalized_inst02_erdos_n50_k8_d025_s1002_s1042;ea_personalized;inst02_erdos_n50_k8_d025_s1002;experiments\20260618_124336_best_configs\instances\inst02_erdos_n50_k8_d025_s1002.txt;erdos;50;8;280;0.25;1002;1042;50000;259;5162;0;0;5759.02;10477.29196;generation
0010_ea_personalized_inst02_erdos_n50_k8_d025_s1002_s1042;ea_personalized;inst02_erdos_n50_k8_d025_s1002;experiments\20260618_124336_best_configs\instances\inst02_erdos_n50_k8_d025_s1002.txt;erdos;50;8;280;0.25;1002;1042;50000;260;5177;0;0;7143.11;11273.19915;generation
0010_ea_personalized_inst02_erdos_n50_k8_d025_s1002_s1042;ea_personalized;inst02_erdos_n50_k8_d025_s1002;experiments\20260618_124336_best_configs\instances\inst02_erdos_n50_k8_d025_s1002.txt;erdos;50;8;280;0.25;1002;1042;50000;261;5195;0;0;7568.01;12074.40187;generation
0010_ea_personalized_inst02_erdos_n50_k8_d025_s1002_s1042;ea_personalized;inst02_erdos_n50_k8_d025_s1002;experiments\20260618_124336_best_configs\instances\inst02_erdos_n50_k8_d025_s1002.txt;erdos;50;8;280;0.25;1002;1042;50000;262;5212;0;0;6503.96;11358.07924;generation
0010_ea_personalized_inst02_erdos_n50_k8_d025_s1002_s1042;ea_personalized;inst02_erdos_n50_k8_d025_s1002;experiments\20260618_124336_best_configs\instances\inst02_erdos_n50_k8_d025_s1002.txt;erdos;50;8;280;0.25;1002;1042;50000;263;5234;0;0;4905.44;8574.300291;generation
0010_ea_personalized_inst02_erdos_n50_k8_d025_s1002_s1042;ea_personalized;inst02_erdos_n50_k8_d025_s1002;experiments\20260618_124336_best_configs\instances\inst02_erdos_n50_k8_d025_s1002.txt;erdos;50;8;280;0.25;1002;1042;50000;264;5255;0;0;8205.89;12677.3267;generation
0010_ea_personalized_inst02_erdos_n50_k8_d025_s1002_s1042;ea_personalized;inst02_erdos_n50_k8_d025_s1002;experiments\20260618_124336_best_configs\instances\inst02_erdos_n50_k8_d025_s1002.txt;erdos;50;8;280;0.25;1002;1042;50000;265;5269;0;0;6187.79;10008.11053;generation
0010_ea_personalized_inst02_erdos_n50_k8_d025_s1002_s1042;ea_personalized;inst02_erdos_n50_k8_d025_s1002;experiments\20260618_124336_best_configs\instances\inst02_erdos_n50_k8_d025_s1002.txt;erdos;50;8;280;0.25;1002;1042;50000;266;5287;0;0;5968.93;10682.82344;generation
0010_ea_personalized_inst02_erdos_n50_k8_d025_s1002_s1042;ea_personalized;inst02_erdos_n50_k8_d025_s1002;experiments\20260618_124336_best_configs\instances\inst02_erdos_n50_k8_d025_s1002.txt;erdos;50;8;280;0.25;1002;1042;50000;267;5311;0;0;9162.51;11765.1683;generation
0010_ea_personalized_inst02_erdos_n50_k8_d025_s1002_s1042;ea_personalized;inst02_erdos_n50_k8_d025_s1002;experiments\20260618_124336_best_configs\instances\inst02_erdos_n50_k8_d025_s1002.txt;erdos;50;8;280;0.25;1002;1042;50000;268;5330;0;0;7677.7;11278.59547;generation
0010_ea_personalized_inst02_erdos_n50_k8_d025_s1002_s1042;ea_personalized;inst02_erdos_n50_k8_d025_s1002;experiments\20260618_124336_best_configs\instances\inst02_erdos_n50_k8_d025_s1002.txt;erdos;50;8;280;0.25;1002;1042;50000;269;5345;0;0;8418.19;12076.12278;generation
0010_ea_personalized_inst02_erdos_n50_k8_d025_s1002_s1042;ea_personalized;inst02_erdos_n50_k8_d025_s1002;experiments\20260618_124336_best_configs\instances\inst02_erdos_n50_k8_d025_s1002.txt;erdos;50;8;280;0.25;1002;1042;50000;270;5361;0;0;9269.25;12569.91594;generation
0010_ea_personalized_inst02_erdos_n50_k8_d025_s1002_s1042;ea_personalized;inst02_erdos_n50_k8_d025_s1002;experiments\20260618_124336_best_configs\instances\inst02_erdos_n50_k8_d025_s1002.txt;erdos;50;8;280;0.25;1002;1042;50000;271;5381;0;0;6820.73;11017.78606;generation
0010_ea_personalized_inst02_erdos_n50_k8_d025_s1002_s1042;ea_personalized;inst02_erdos_n50_k8_d025_s1002;experiments\20260618_124336_best_configs\instances\inst02_erdos_n50_k8_d025_s1002.txt;erdos;50;8;280;0.25;1002;1042;50000;272;5397;0;0;8104.15;11965.97353;generation
0010_ea_personalized_inst02_erdos_n50_k8_d025_s1002_s1042;ea_personalized;inst02_erdos_n50_k8_d025_s1002;experiments\20260618_124336_best_configs\instances\inst02_erdos_n50_k8_d025_s1002.txt;erdos;50;8;280;0.25;1002;1042;50000;273;5418;0;0;12050.66;15184.06774;generation
0010_ea_personalized_inst02_erdos_n50_k8_d025_s1002_s1042;ea_personalized;inst02_erdos_n50_k8_d025_s1002;experiments\20260618_124336_best_configs\instances\inst02_erdos_n50_k8_d025_s1002.txt;erdos;50;8;280;0.25;1002;1042;50000;274;5432;0;0;9172.07;11471.51401;generation
0010_ea_personalized_inst02_erdos_n50_k8_d025_s1002_s1042;ea_personalized;inst02_erdos_n50_k8_d025_s1002;experiments\20260618_124336_best_configs\instances\inst02_erdos_n50_k8_d025_s1002.txt;erdos;50;8;280;0.25;1002;1042;50000;275;5447;0;0;9168.51;12690.8232;generation
0010_ea_personalized_inst02_erdos_n50_k8_d025_s1002_s1042;ea_personalized;inst02_erdos_n50_k8_d025_s1002;experiments\20260618_124336_best_configs\instances\inst02_erdos_n50_k8_d025_s1002.txt;erdos;50;8;280;0.25;1002;1042;50000;276;5468;0;0;8843.43;12605.75312;generation
0010_ea_personalized_inst02_erdos_n50_k8_d025_s1002_s1042;ea_personalized;inst02_erdos_n50_k8_d025_s1002;experiments\20260618_124336_best_configs\instances\inst02_erdos_n50_k8_d025_s1002.txt;erdos;50;8;280;0.25;1002;1042;50000;277;5482;0;0;6716.52;12108.55839;generation
0010_ea_personalized_inst02_erdos_n50_k8_d025_s1002_s1042;ea_personalized;inst02_erdos_n50_k8_d025_s1002;experiments\20260618_124336_best_configs\instances\inst02_erdos_n50_k8_d025_s1002.txt;erdos;50;8;280;0.25;1002;1042;50000;278;5496;0;0;7783.1;12498.6294;generation
0010_ea_personalized_inst02_erdos_n50_k8_d025_s1002_s1042;ea_personalized;inst02_erdos_n50_k8_d025_s1002;experiments\20260618_124336_best_configs\instances\inst02_erdos_n50_k8_d025_s1002.txt;erdos;50;8;280;0.25;1002;1042;50000;279;5515;0;0;7674.17;11959.84111;generation
0010_ea_personalized_inst02_erdos_n50_k8_d025_s1002_s1042;ea_personalized;inst02_erdos_n50_k8_d025_s1002;experiments\20260618_124336_best_configs\instances\inst02_erdos_n50_k8_d025_s1002.txt;erdos;50;8;280;0.25;1002;1042;50000;280;5530;0;0;7253.27;10526.50297;generation
0010_ea_personalized_inst02_erdos_n50_k8_d025_s1002_s1042;ea_personalized;inst02_erdos_n50_k8_d025_s1002;experiments\20260618_124336_best_configs\instances\inst02_erdos_n50_k8_d025_s1002.txt;erdos;50;8;280;0.25;1002;1042;50000;281;5544;0;0;8428.31;11197.48442;generation
0010_ea_personalized_inst02_erdos_n50_k8_d025_s1002_s1042;ea_personalized;inst02_erdos_n50_k8_d025_s1002;experiments\20260618_124336_best_configs\instances\inst02_erdos_n50_k8_d025_s1002.txt;erdos;50;8;280;0.25;1002;1042;50000;282;5558;0;0;9276.98;13357.70379;generation
0010_ea_personalized_inst02_erdos_n50_k8_d025_s1002_s1042;ea_personalized;inst02_erdos_n50_k8_d025_s1002;experiments\20260618_124336_best_configs\instances\inst02_erdos_n50_k8_d025_s1002.txt;erdos;50;8;280;0.25;1002;1042;50000;283;5572;0;0;7995.2;11892.21483;generation
0010_ea_personalized_inst02_erdos_n50_k8_d025_s1002_s1042;ea_personalized;inst02_erdos_n50_k8_d025_s1002;experiments\20260618_124336_best_configs\instances\inst02_erdos_n50_k8_d025_s1002.txt;erdos;50;8;280;0.25;1002;1042;50000;284;5586;0;0;8847.69;11377.96766;generation
0010_ea_personalized_inst02_erdos_n50_k8_d025_s1002_s1042;ea_personalized;inst02_erdos_n50_k8_d025_s1002;experiments\20260618_124336_best_configs\instances\inst02_erdos_n50_k8_d025_s1002.txt;erdos;50;8;280;0.25;1002;1042;50000;285;5603;0;0;7993.34;11893.69891;generation
0010_ea_personalized_inst02_erdos_n50_k8_d025_s1002_s1042;ea_personalized;inst02_erdos_n50_k8_d025_s1002;experiments\20260618_124336_best_configs\instances\inst02_erdos_n50_k8_d025_s1002.txt;erdos;50;8;280;0.25;1002;1042;50000;286;5621;0;0;5545.33;9814.185016;generation
0010_ea_personalized_inst02_erdos_n50_k8_d025_s1002_s1042;ea_personalized;inst02_erdos_n50_k8_d025_s1002;experiments\20260618_124336_best_configs\instances\inst02_erdos_n50_k8_d025_s1002.txt;erdos;50;8;280;0.25;1002;1042;50000;287;5636;0;0;9696.14;12698.48665;generation
0010_ea_personalized_inst02_erdos_n50_k8_d025_s1002_s1042;ea_personalized;inst02_erdos_n50_k8_d025_s1002;experiments\20260618_124336_best_configs\instances\inst02_erdos_n50_k8_d025_s1002.txt;erdos;50;8;280;0.25;1002;1042;50000;288;5653;0;0;9374.64;12981.46178;generation
0010_ea_personalized_inst02_erdos_n50_k8_d025_s1002_s1042;ea_personalized;inst02_erdos_n50_k8_d025_s1002;experiments\20260618_124336_best_configs\instances\inst02_erdos_n50_k8_d025_s1002.txt;erdos;50;8;280;0.25;1002;1042;50000;289;5665;0;0;6715.42;10927.19929;generation
0010_ea_personalized_inst02_erdos_n50_k8_d025_s1002_s1042;ea_personalized;inst02_erdos_n50_k8_d025_s1002;experiments\20260618_124336_best_configs\instances\inst02_erdos_n50_k8_d025_s1002.txt;erdos;50;8;280;0.25;1002;1042;50000;290;5678;0;0;7673.74;11277.74423;generation
0010_ea_personalized_inst02_erdos_n50_k8_d025_s1002_s1042;ea_personalized;inst02_erdos_n50_k8_d025_s1002;experiments\20260618_124336_best_configs\instances\inst02_erdos_n50_k8_d025_s1002.txt;erdos;50;8;280;0.25;1002;1042;50000;291;5691;0;0;8418.6;13067.7141;generation
0010_ea_personalized_inst02_erdos_n50_k8_d025_s1002_s1042;ea_personalized;inst02_erdos_n50_k8_d025_s1002;experiments\20260618_124336_best_configs\instances\inst02_erdos_n50_k8_d025_s1002.txt;erdos;50;8;280;0.25;1002;1042;50000;292;5703;0;0;10018.37;12936.78425;generation
0010_ea_personalized_inst02_erdos_n50_k8_d025_s1002_s1042;ea_personalized;inst02_erdos_n50_k8_d025_s1002;experiments\20260618_124336_best_configs\instances\inst02_erdos_n50_k8_d025_s1002.txt;erdos;50;8;280;0.25;1002;1042;50000;293;5716;0;0;9272.97;13524.82454;generation
0010_ea_personalized_inst02_erdos_n50_k8_d025_s1002_s1042;ea_personalized;inst02_erdos_n50_k8_d025_s1002;experiments\20260618_124336_best_configs\instances\inst02_erdos_n50_k8_d025_s1002.txt;erdos;50;8;280;0.25;1002;1042;50000;294;5728;0;0;8529.88;13041.95176;generation
0010_ea_personalized_inst02_erdos_n50_k8_d025_s1002_s1042;ea_personalized;inst02_erdos_n50_k8_d025_s1002;experiments\20260618_124336_best_configs\instances\inst02_erdos_n50_k8_d025_s1002.txt;erdos;50;8;280;0.25;1002;1042;50000;295;5741;0;0;10870.93;13807.23534;generation
0010_ea_personalized_inst02_erdos_n50_k8_d025_s1002_s1042;ea_personalized;inst02_erdos_n50_k8_d025_s1002;experiments\20260618_124336_best_configs\instances\inst02_erdos_n50_k8_d025_s1002.txt;erdos;50;8;280;0.25;1002;1042;50000;296;5754;0;0;9270.05;14340.38924;generation
0010_ea_personalized_inst02_erdos_n50_k8_d025_s1002_s1042;ea_personalized;inst02_erdos_n50_k8_d025_s1002;experiments\20260618_124336_best_configs\instances\inst02_erdos_n50_k8_d025_s1002.txt;erdos;50;8;280;0.25;1002;1042;50000;297;5766;0;0;5656.73;9087.636925;generation
0010_ea_personalized_inst02_erdos_n50_k8_d025_s1002_s1042;ea_personalized;inst02_erdos_n50_k8_d025_s1002;experiments\20260618_124336_best_configs\instances\inst02_erdos_n50_k8_d025_s1002.txt;erdos;50;8;280;0.25;1002;1042;50000;298;5778;0;0;6079.19;10994.32986;generation
0010_ea_personalized_inst02_erdos_n50_k8_d025_s1002_s1042;ea_personalized;inst02_erdos_n50_k8_d025_s1002;experiments\20260618_124336_best_configs\instances\inst02_erdos_n50_k8_d025_s1002.txt;erdos;50;8;280;0.25;1002;1042;50000;299;5791;0;0;9271.16;12203.76134;generation
0010_ea_personalized_inst02_erdos_n50_k8_d025_s1002_s1042;ea_personalized;inst02_erdos_n50_k8_d025_s1002;experiments\20260618_124336_best_configs\instances\inst02_erdos_n50_k8_d025_s1002.txt;erdos;50;8;280;0.25;1002;1042;50000;300;5804;0;0;7992.36;11107.86764;generation
0010_ea_personalized_inst02_erdos_n50_k8_d025_s1002_s1042;ea_personalized;inst02_erdos_n50_k8_d025_s1002;experiments\20260618_124336_best_configs\instances\inst02_erdos_n50_k8_d025_s1002.txt;erdos;50;8;280;0.25;1002;1042;50000;301;5816;0;0;8204.85;11943.31226;generation
0010_ea_personalized_inst02_erdos_n50_k8_d025_s1002_s1042;ea_personalized;inst02_erdos_n50_k8_d025_s1002;experiments\20260618_124336_best_configs\instances\inst02_erdos_n50_k8_d025_s1002.txt;erdos;50;8;280;0.25;1002;1042;50000;302;5828;0;0;7247.53;11156.18443;generation
0010_ea_personalized_inst02_erdos_n50_k8_d025_s1002_s1042;ea_personalized;inst02_erdos_n50_k8_d025_s1002;experiments\20260618_124336_best_configs\instances\inst02_erdos_n50_k8_d025_s1002.txt;erdos;50;8;280;0.25;1002;1042;50000;303;5842;0;0;9912.69;15008.86021;generation
0010_ea_personalized_inst02_erdos_n50_k8_d025_s1002_s1042;ea_personalized;inst02_erdos_n50_k8_d025_s1002;experiments\20260618_124336_best_configs\instances\inst02_erdos_n50_k8_d025_s1002.txt;erdos;50;8;280;0.25;1002;1042;50000;304;5854;0;0;8210.79;13370.74411;generation
0010_ea_personalized_inst02_erdos_n50_k8_d025_s1002_s1042;ea_personalized;inst02_erdos_n50_k8_d025_s1002;experiments\20260618_124336_best_configs\instances\inst02_erdos_n50_k8_d025_s1002.txt;erdos;50;8;280;0.25;1002;1042;50000;305;5865;0;0;6292.97;10331.63667;generation
0010_ea_personalized_inst02_erdos_n50_k8_d025_s1002_s1042;ea_personalized;inst02_erdos_n50_k8_d025_s1002;experiments\20260618_124336_best_configs\instances\inst02_erdos_n50_k8_d025_s1002.txt;erdos;50;8;280;0.25;1002;1042;50000;306;5877;0;0;6294.9;9881.838701;generation
0010_ea_personalized_inst02_erdos_n50_k8_d025_s1002_s1042;ea_personalized;inst02_erdos_n50_k8_d025_s1002;experiments\20260618_124336_best_configs\instances\inst02_erdos_n50_k8_d025_s1002.txt;erdos;50;8;280;0.25;1002;1042;50000;307;5890;0;0;9170.29;14370.16565;generation
0010_ea_personalized_inst02_erdos_n50_k8_d025_s1002_s1042;ea_personalized;inst02_erdos_n50_k8_d025_s1002;experiments\20260618_124336_best_configs\instances\inst02_erdos_n50_k8_d025_s1002.txt;erdos;50;8;280;0.25;1002;1042;50000;308;5902;0;0;8314.66;11332.54217;generation
0010_ea_personalized_inst02_erdos_n50_k8_d025_s1002_s1042;ea_personalized;inst02_erdos_n50_k8_d025_s1002;experiments\20260618_124336_best_configs\instances\inst02_erdos_n50_k8_d025_s1002.txt;erdos;50;8;280;0.25;1002;1042;50000;309;5924;0;0;8313.99;11912.63062;generation
0010_ea_personalized_inst02_erdos_n50_k8_d025_s1002_s1042;ea_personalized;inst02_erdos_n50_k8_d025_s1002;experiments\20260618_124336_best_configs\instances\inst02_erdos_n50_k8_d025_s1002.txt;erdos;50;8;280;0.25;1002;1042;50000;310;5946;0;0;7779.11;12942.4922;generation
0010_ea_personalized_inst02_erdos_n50_k8_d025_s1002_s1042;ea_personalized;inst02_erdos_n50_k8_d025_s1002;experiments\20260618_124336_best_configs\instances\inst02_erdos_n50_k8_d025_s1002.txt;erdos;50;8;280;0.25;1002;1042;50000;311;5963;0;0;7775.8;12130.13465;generation
0010_ea_personalized_inst02_erdos_n50_k8_d025_s1002_s1042;ea_personalized;inst02_erdos_n50_k8_d025_s1002;experiments\20260618_124336_best_configs\instances\inst02_erdos_n50_k8_d025_s1002.txt;erdos;50;8;280;0.25;1002;1042;50000;312;5975;0;0;6823.82;9821.913741;generation
0010_ea_personalized_inst02_erdos_n50_k8_d025_s1002_s1042;ea_personalized;inst02_erdos_n50_k8_d025_s1002;experiments\20260618_124336_best_configs\instances\inst02_erdos_n50_k8_d025_s1002.txt;erdos;50;8;280;0.25;1002;1042;50000;313;5987;0;0;5547.37;9338.615509;generation
0010_ea_personalized_inst02_erdos_n50_k8_d025_s1002_s1042;ea_personalized;inst02_erdos_n50_k8_d025_s1002;experiments\20260618_124336_best_configs\instances\inst02_erdos_n50_k8_d025_s1002.txt;erdos;50;8;280;0.25;1002;1042;50000;314;5999;0;0;9282.29;12925.44164;generation
0010_ea_personalized_inst02_erdos_n50_k8_d025_s1002_s1042;ea_personalized;inst02_erdos_n50_k8_d025_s1002;experiments\20260618_124336_best_configs\instances\inst02_erdos_n50_k8_d025_s1002.txt;erdos;50;8;280;0.25;1002;1042;50000;315;6011;0;0;11094.92;14441.35086;generation
0010_ea_personalized_inst02_erdos_n50_k8_d025_s1002_s1042;ea_personalized;inst02_erdos_n50_k8_d025_s1002;experiments\20260618_124336_best_configs\instances\inst02_erdos_n50_k8_d025_s1002.txt;erdos;50;8;280;0.25;1002;1042;50000;316;6023;0;0;9917.51;14778.86454;generation
0010_ea_personalized_inst02_erdos_n50_k8_d025_s1002_s1042;ea_personalized;inst02_erdos_n50_k8_d025_s1002;experiments\20260618_124336_best_configs\instances\inst02_erdos_n50_k8_d025_s1002.txt;erdos;50;8;280;0.25;1002;1042;50000;317;6037;0;0;6610.42;10942.06676;generation
0010_ea_personalized_inst02_erdos_n50_k8_d025_s1002_s1042;ea_personalized;inst02_erdos_n50_k8_d025_s1002;experiments\20260618_124336_best_configs\instances\inst02_erdos_n50_k8_d025_s1002.txt;erdos;50;8;280;0.25;1002;1042;50000;318;6053;0;0;7889.67;11819.88606;generation
0010_ea_personalized_inst02_erdos_n50_k8_d025_s1002_s1042;ea_personalized;inst02_erdos_n50_k8_d025_s1002;experiments\20260618_124336_best_configs\instances\inst02_erdos_n50_k8_d025_s1002.txt;erdos;50;8;280;0.25;1002;1042;50000;319;6068;0;0;8104.78;11965.33317;generation
0010_ea_personalized_inst02_erdos_n50_k8_d025_s1002_s1042;ea_personalized;inst02_erdos_n50_k8_d025_s1002;experiments\20260618_124336_best_configs\instances\inst02_erdos_n50_k8_d025_s1002.txt;erdos;50;8;280;0.25;1002;1042;50000;320;6081;0;0;7682.72;12148.58054;generation
0010_ea_personalized_inst02_erdos_n50_k8_d025_s1002_s1042;ea_personalized;inst02_erdos_n50_k8_d025_s1002;experiments\20260618_124336_best_configs\instances\inst02_erdos_n50_k8_d025_s1002.txt;erdos;50;8;280;0.25;1002;1042;50000;321;6096;0;0;9486.59;12226.04348;generation
0010_ea_personalized_inst02_erdos_n50_k8_d025_s1002_s1042;ea_personalized;inst02_erdos_n50_k8_d025_s1002;experiments\20260618_124336_best_configs\instances\inst02_erdos_n50_k8_d025_s1002.txt;erdos;50;8;280;0.25;1002;1042;50000;322;6109;0;0;7996.06;11204.99703;generation
0010_ea_personalized_inst02_erdos_n50_k8_d025_s1002_s1042;ea_personalized;inst02_erdos_n50_k8_d025_s1002;experiments\20260618_124336_best_configs\instances\inst02_erdos_n50_k8_d025_s1002.txt;erdos;50;8;280;0.25;1002;1042;50000;323;6122;0;0;8744.72;11894.99875;generation
0010_ea_personalized_inst02_erdos_n50_k8_d025_s1002_s1042;ea_personalized;inst02_erdos_n50_k8_d025_s1002;experiments\20260618_124336_best_configs\instances\inst02_erdos_n50_k8_d025_s1002.txt;erdos;50;8;280;0.25;1002;1042;50000;324;6133;0;0;7895.74;12836.89796;generation
0010_ea_personalized_inst02_erdos_n50_k8_d025_s1002_s1042;ea_personalized;inst02_erdos_n50_k8_d025_s1002;experiments\20260618_124336_best_configs\instances\inst02_erdos_n50_k8_d025_s1002.txt;erdos;50;8;280;0.25;1002;1042;50000;325;6146;0;0;10021.41;12493.44237;generation
0010_ea_personalized_inst02_erdos_n50_k8_d025_s1002_s1042;ea_personalized;inst02_erdos_n50_k8_d025_s1002;experiments\20260618_124336_best_configs\instances\inst02_erdos_n50_k8_d025_s1002.txt;erdos;50;8;280;0.25;1002;1042;50000;326;6158;0;0;8635.46;11834.60322;generation
0010_ea_personalized_inst02_erdos_n50_k8_d025_s1002_s1042;ea_personalized;inst02_erdos_n50_k8_d025_s1002;experiments\20260618_124336_best_configs\instances\inst02_erdos_n50_k8_d025_s1002.txt;erdos;50;8;280;0.25;1002;1042;50000;327;6171;0;0;6182.67;11196.74606;generation
0010_ea_personalized_inst02_erdos_n50_k8_d025_s1002_s1042;ea_personalized;inst02_erdos_n50_k8_d025_s1002;experiments\20260618_124336_best_configs\instances\inst02_erdos_n50_k8_d025_s1002.txt;erdos;50;8;280;0.25;1002;1042;50000;328;6186;0;0;7035.7;10675.31365;generation
0010_ea_personalized_inst02_erdos_n50_k8_d025_s1002_s1042;ea_personalized;inst02_erdos_n50_k8_d025_s1002;experiments\20260618_124336_best_configs\instances\inst02_erdos_n50_k8_d025_s1002.txt;erdos;50;8;280;0.25;1002;1042;50000;329;6198;0;0;9485.8;12408.14801;generation
0010_ea_personalized_inst02_erdos_n50_k8_d025_s1002_s1042;ea_personalized;inst02_erdos_n50_k8_d025_s1002;experiments\20260618_124336_best_configs\instances\inst02_erdos_n50_k8_d025_s1002.txt;erdos;50;8;280;0.25;1002;1042;50000;330;6211;0;0;9596.83;13839.48295;generation
0010_ea_personalized_inst02_erdos_n50_k8_d025_s1002_s1042;ea_personalized;inst02_erdos_n50_k8_d025_s1002;experiments\20260618_124336_best_configs\instances\inst02_erdos_n50_k8_d025_s1002.txt;erdos;50;8;280;0.25;1002;1042;50000;331;6223;0;0;8209.47;11462.91758;generation
0010_ea_personalized_inst02_erdos_n50_k8_d025_s1002_s1042;ea_personalized;inst02_erdos_n50_k8_d025_s1002;experiments\20260618_124336_best_configs\instances\inst02_erdos_n50_k8_d025_s1002.txt;erdos;50;8;280;0.25;1002;1042;50000;332;6236;0;0;7780.84;12312.92525;generation
0010_ea_personalized_inst02_erdos_n50_k8_d025_s1002_s1042;ea_personalized;inst02_erdos_n50_k8_d025_s1002;experiments\20260618_124336_best_configs\instances\inst02_erdos_n50_k8_d025_s1002.txt;erdos;50;8;280;0.25;1002;1042;50000;333;6252;0;0;6932.9;11703.89451;generation
0010_ea_personalized_inst02_erdos_n50_k8_d025_s1002_s1042;ea_personalized;inst02_erdos_n50_k8_d025_s1002;experiments\20260618_124336_best_configs\instances\inst02_erdos_n50_k8_d025_s1002.txt;erdos;50;8;280;0.25;1002;1042;50000;334;6263;0;0;9058.88;12634.37108;generation
0010_ea_personalized_inst02_erdos_n50_k8_d025_s1002_s1042;ea_personalized;inst02_erdos_n50_k8_d025_s1002;experiments\20260618_124336_best_configs\instances\inst02_erdos_n50_k8_d025_s1002.txt;erdos;50;8;280;0.25;1002;1042;50000;335;6275;0;0;8527.36;12693.17271;generation
0010_ea_personalized_inst02_erdos_n50_k8_d025_s1002_s1042;ea_personalized;inst02_erdos_n50_k8_d025_s1002;experiments\20260618_124336_best_configs\instances\inst02_erdos_n50_k8_d025_s1002.txt;erdos;50;8;280;0.25;1002;1042;50000;336;6287;0;0;7780.3;12767.44847;generation
0010_ea_personalized_inst02_erdos_n50_k8_d025_s1002_s1042;ea_personalized;inst02_erdos_n50_k8_d025_s1002;experiments\20260618_124336_best_configs\instances\inst02_erdos_n50_k8_d025_s1002.txt;erdos;50;8;280;0.25;1002;1042;50000;337;6299;0;0;7458.27;12001.49443;generation
0010_ea_personalized_inst02_erdos_n50_k8_d025_s1002_s1042;ea_personalized;inst02_erdos_n50_k8_d025_s1002;experiments\20260618_124336_best_configs\instances\inst02_erdos_n50_k8_d025_s1002.txt;erdos;50;8;280;0.25;1002;1042;50000;338;6311;0;0;6396.44;10862.84184;generation
0010_ea_personalized_inst02_erdos_n50_k8_d025_s1002_s1042;ea_personalized;inst02_erdos_n50_k8_d025_s1002;experiments\20260618_124336_best_configs\instances\inst02_erdos_n50_k8_d025_s1002.txt;erdos;50;8;280;0.25;1002;1042;50000;339;6323;0;0;8205.1;13202.76874;generation
0010_ea_personalized_inst02_erdos_n50_k8_d025_s1002_s1042;ea_personalized;inst02_erdos_n50_k8_d025_s1002;experiments\20260618_124336_best_configs\instances\inst02_erdos_n50_k8_d025_s1002.txt;erdos;50;8;280;0.25;1002;1042;50000;340;6335;0;0;8635.18;12390.54842;generation
0010_ea_personalized_inst02_erdos_n50_k8_d025_s1002_s1042;ea_personalized;inst02_erdos_n50_k8_d025_s1002;experiments\20260618_124336_best_configs\instances\inst02_erdos_n50_k8_d025_s1002.txt;erdos;50;8;280;0.25;1002;1042;50000;341;6347;0;0;7038.63;9546.82824;generation
0010_ea_personalized_inst02_erdos_n50_k8_d025_s1002_s1042;ea_personalized;inst02_erdos_n50_k8_d025_s1002;experiments\20260618_124336_best_configs\instances\inst02_erdos_n50_k8_d025_s1002.txt;erdos;50;8;280;0.25;1002;1042;50000;342;6358;0;0;7254.6;11554.62577;generation
0010_ea_personalized_inst02_erdos_n50_k8_d025_s1002_s1042;ea_personalized;inst02_erdos_n50_k8_d025_s1002;experiments\20260618_124336_best_configs\instances\inst02_erdos_n50_k8_d025_s1002.txt;erdos;50;8;280;0.25;1002;1042;50000;343;6370;0;0;7466.75;11114.69403;generation
0010_ea_personalized_inst02_erdos_n50_k8_d025_s1002_s1042;ea_personalized;inst02_erdos_n50_k8_d025_s1002;experiments\20260618_124336_best_configs\instances\inst02_erdos_n50_k8_d025_s1002.txt;erdos;50;8;280;0.25;1002;1042;50000;344;6381;0;0;7462.88;10804.93386;generation
0010_ea_personalized_inst02_erdos_n50_k8_d025_s1002_s1042;ea_personalized;inst02_erdos_n50_k8_d025_s1002;experiments\20260618_124336_best_configs\instances\inst02_erdos_n50_k8_d025_s1002.txt;erdos;50;8;280;0.25;1002;1042;50000;345;6392;0;0;8637.96;12202.68062;generation
0010_ea_personalized_inst02_erdos_n50_k8_d025_s1002_s1042;ea_personalized;inst02_erdos_n50_k8_d025_s1002;experiments\20260618_124336_best_configs\instances\inst02_erdos_n50_k8_d025_s1002.txt;erdos;50;8;280;0.25;1002;1042;50000;346;6404;0;0;7786.6;12590.15878;generation
0010_ea_personalized_inst02_erdos_n50_k8_d025_s1002_s1042;ea_personalized;inst02_erdos_n50_k8_d025_s1002;experiments\20260618_124336_best_configs\instances\inst02_erdos_n50_k8_d025_s1002.txt;erdos;50;8;280;0.25;1002;1042;50000;347;6415;0;0;9380.75;13904.78054;generation
0010_ea_personalized_inst02_erdos_n50_k8_d025_s1002_s1042;ea_personalized;inst02_erdos_n50_k8_d025_s1002;experiments\20260618_124336_best_configs\instances\inst02_erdos_n50_k8_d025_s1002.txt;erdos;50;8;280;0.25;1002;1042;50000;348;6427;0;0;7994.58;12633.88046;generation
0010_ea_personalized_inst02_erdos_n50_k8_d025_s1002_s1042;ea_personalized;inst02_erdos_n50_k8_d025_s1002;experiments\20260618_124336_best_configs\instances\inst02_erdos_n50_k8_d025_s1002.txt;erdos;50;8;280;0.25;1002;1042;50000;349;6439;0;0;7567.64;11198.56722;generation
0010_ea_personalized_inst02_erdos_n50_k8_d025_s1002_s1042;ea_personalized;inst02_erdos_n50_k8_d025_s1002;experiments\20260618_124336_best_configs\instances\inst02_erdos_n50_k8_d025_s1002.txt;erdos;50;8;280;0.25;1002;1042;50000;350;6449;0;0;7996.74;12632.35078;generation
0010_ea_personalized_inst02_erdos_n50_k8_d025_s1002_s1042;ea_personalized;inst02_erdos_n50_k8_d025_s1002;experiments\20260618_124336_best_configs\instances\inst02_erdos_n50_k8_d025_s1002.txt;erdos;50;8;280;0.25;1002;1042;50000;351;6461;0;0;7679.62;12423.91898;generation
0010_ea_personalized_inst02_erdos_n50_k8_d025_s1002_s1042;ea_personalized;inst02_erdos_n50_k8_d025_s1002;experiments\20260618_124336_best_configs\instances\inst02_erdos_n50_k8_d025_s1002.txt;erdos;50;8;280;0.25;1002;1042;50000;352;6476;0;0;7780.46;11356.39147;generation
0010_ea_personalized_inst02_erdos_n50_k8_d025_s1002_s1042;ea_personalized;inst02_erdos_n50_k8_d025_s1002;experiments\20260618_124336_best_configs\instances\inst02_erdos_n50_k8_d025_s1002.txt;erdos;50;8;280;0.25;1002;1042;50000;353;6494;0;0;9059.27;12083.57354;generation
0010_ea_personalized_inst02_erdos_n50_k8_d025_s1002_s1042;ea_personalized;inst02_erdos_n50_k8_d025_s1002;experiments\20260618_124336_best_configs\instances\inst02_erdos_n50_k8_d025_s1002.txt;erdos;50;8;280;0.25;1002;1042;50000;354;6513;0;0;7675.86;12147.09011;generation
0010_ea_personalized_inst02_erdos_n50_k8_d025_s1002_s1042;ea_personalized;inst02_erdos_n50_k8_d025_s1002;experiments\20260618_124336_best_configs\instances\inst02_erdos_n50_k8_d025_s1002.txt;erdos;50;8;280;0.25;1002;1042;50000;355;6537;0;0;9382.99;12439.38308;generation
0010_ea_personalized_inst02_erdos_n50_k8_d025_s1002_s1042;ea_personalized;inst02_erdos_n50_k8_d025_s1002;experiments\20260618_124336_best_configs\instances\inst02_erdos_n50_k8_d025_s1002.txt;erdos;50;8;280;0.25;1002;1042;50000;356;6560;0;0;7890.93;11625.317;generation
0010_ea_personalized_inst02_erdos_n50_k8_d025_s1002_s1042;ea_personalized;inst02_erdos_n50_k8_d025_s1002;experiments\20260618_124336_best_configs\instances\inst02_erdos_n50_k8_d025_s1002.txt;erdos;50;8;280;0.25;1002;1042;50000;357;6588;0;0;7682.38;12058.59487;generation
0010_ea_personalized_inst02_erdos_n50_k8_d025_s1002_s1042;ea_personalized;inst02_erdos_n50_k8_d025_s1002;experiments\20260618_124336_best_configs\instances\inst02_erdos_n50_k8_d025_s1002.txt;erdos;50;8;280;0.25;1002;1042;50000;358;6616;0;0;8422.96;12890.56972;generation
0010_ea_personalized_inst02_erdos_n50_k8_d025_s1002_s1042;ea_personalized;inst02_erdos_n50_k8_d025_s1002;experiments\20260618_124336_best_configs\instances\inst02_erdos_n50_k8_d025_s1002.txt;erdos;50;8;280;0.25;1002;1042;50000;359;6643;0;0;8849.31;13804.17004;generation
0010_ea_personalized_inst02_erdos_n50_k8_d025_s1002_s1042;ea_personalized;inst02_erdos_n50_k8_d025_s1002;experiments\20260618_124336_best_configs\instances\inst02_erdos_n50_k8_d025_s1002.txt;erdos;50;8;280;0.25;1002;1042;50000;360;6670;0;0;5551.37;10383.56795;generation
0010_ea_personalized_inst02_erdos_n50_k8_d025_s1002_s1042;ea_personalized;inst02_erdos_n50_k8_d025_s1002;experiments\20260618_124336_best_configs\instances\inst02_erdos_n50_k8_d025_s1002.txt;erdos;50;8;280;0.25;1002;1042;50000;361;6690;0;0;5546.96;10603.9648;generation
0010_ea_personalized_inst02_erdos_n50_k8_d025_s1002_s1042;ea_personalized;inst02_erdos_n50_k8_d025_s1002;experiments\20260618_124336_best_configs\instances\inst02_erdos_n50_k8_d025_s1002.txt;erdos;50;8;280;0.25;1002;1042;50000;362;6716;0;0;7990.19;11207.95086;generation
0010_ea_personalized_inst02_erdos_n50_k8_d025_s1002_s1042;ea_personalized;inst02_erdos_n50_k8_d025_s1002;experiments\20260618_124336_best_configs\instances\inst02_erdos_n50_k8_d025_s1002.txt;erdos;50;8;280;0.25;1002;1042;50000;363;6744;0;0;7355.54;11041.06769;generation
0010_ea_personalized_inst02_erdos_n50_k8_d025_s1002_s1042;ea_personalized;inst02_erdos_n50_k8_d025_s1002;experiments\20260618_124336_best_configs\instances\inst02_erdos_n50_k8_d025_s1002.txt;erdos;50;8;280;0.25;1002;1042;50000;364;6776;0;0;6397.99;9877.596699;generation
0010_ea_personalized_inst02_erdos_n50_k8_d025_s1002_s1042;ea_personalized;inst02_erdos_n50_k8_d025_s1002;experiments\20260618_124336_best_configs\instances\inst02_erdos_n50_k8_d025_s1002.txt;erdos;50;8;280;0.25;1002;1042;50000;365;6804;0;0;7674.42;12245.45255;generation
0010_ea_personalized_inst02_erdos_n50_k8_d025_s1002_s1042;ea_personalized;inst02_erdos_n50_k8_d025_s1002;experiments\20260618_124336_best_configs\instances\inst02_erdos_n50_k8_d025_s1002.txt;erdos;50;8;280;0.25;1002;1042;50000;366;6830;0;0;8417.42;11097.59308;generation
0010_ea_personalized_inst02_erdos_n50_k8_d025_s1002_s1042;ea_personalized;inst02_erdos_n50_k8_d025_s1002;experiments\20260618_124336_best_configs\instances\inst02_erdos_n50_k8_d025_s1002.txt;erdos;50;8;280;0.25;1002;1042;50000;367;6858;0;0;9376.61;11497.26065;generation
0010_ea_personalized_inst02_erdos_n50_k8_d025_s1002_s1042;ea_personalized;inst02_erdos_n50_k8_d025_s1002;experiments\20260618_124336_best_configs\instances\inst02_erdos_n50_k8_d025_s1002.txt;erdos;50;8;280;0.25;1002;1042;50000;368;6886;0;0;7248.16;11557.02878;generation
0010_ea_personalized_inst02_erdos_n50_k8_d025_s1002_s1042;ea_personalized;inst02_erdos_n50_k8_d025_s1002;experiments\20260618_124336_best_configs\instances\inst02_erdos_n50_k8_d025_s1002.txt;erdos;50;8;280;0.25;1002;1042;50000;369;6909;0;0;9061.57;12271.76853;generation
0010_ea_personalized_inst02_erdos_n50_k8_d025_s1002_s1042;ea_personalized;inst02_erdos_n50_k8_d025_s1002;experiments\20260618_124336_best_configs\instances\inst02_erdos_n50_k8_d025_s1002.txt;erdos;50;8;280;0.25;1002;1042;50000;370;6940;0;0;6288.45;11379.24895;generation
0010_ea_personalized_inst02_erdos_n50_k8_d025_s1002_s1042;ea_personalized;inst02_erdos_n50_k8_d025_s1002;experiments\20260618_124336_best_configs\instances\inst02_erdos_n50_k8_d025_s1002.txt;erdos;50;8;280;0.25;1002;1042;50000;371;6966;0;0;8101.83;12427.51435;generation
0010_ea_personalized_inst02_erdos_n50_k8_d025_s1002_s1042;ea_personalized;inst02_erdos_n50_k8_d025_s1002;experiments\20260618_124336_best_configs\instances\inst02_erdos_n50_k8_d025_s1002.txt;erdos;50;8;280;0.25;1002;1042;50000;372;6992;0;0;6726.38;10063.80241;generation
0010_ea_personalized_inst02_erdos_n50_k8_d025_s1002_s1042;ea_personalized;inst02_erdos_n50_k8_d025_s1002;experiments\20260618_124336_best_configs\instances\inst02_erdos_n50_k8_d025_s1002.txt;erdos;50;8;280;0.25;1002;1042;50000;373;7021;0;0;7894.54;10713.65099;generation
0010_ea_personalized_inst02_erdos_n50_k8_d025_s1002_s1042;ea_personalized;inst02_erdos_n50_k8_d025_s1002;experiments\20260618_124336_best_configs\instances\inst02_erdos_n50_k8_d025_s1002.txt;erdos;50;8;280;0.25;1002;1042;50000;374;7047;0;0;6929.96;11208.18786;generation
0010_ea_personalized_inst02_erdos_n50_k8_d025_s1002_s1042;ea_personalized;inst02_erdos_n50_k8_d025_s1002;experiments\20260618_124336_best_configs\instances\inst02_erdos_n50_k8_d025_s1002.txt;erdos;50;8;280;0.25;1002;1042;50000;375;7080;0;0;7677.22;13391.2116;generation
0010_ea_personalized_inst02_erdos_n50_k8_d025_s1002_s1042;ea_personalized;inst02_erdos_n50_k8_d025_s1002;experiments\20260618_124336_best_configs\instances\inst02_erdos_n50_k8_d025_s1002.txt;erdos;50;8;280;0.25;1002;1042;50000;376;7106;0;0;7572.56;11496.91945;generation
0010_ea_personalized_inst02_erdos_n50_k8_d025_s1002_s1042;ea_personalized;inst02_erdos_n50_k8_d025_s1002;experiments\20260618_124336_best_configs\instances\inst02_erdos_n50_k8_d025_s1002.txt;erdos;50;8;280;0.25;1002;1042;50000;377;7139;0;0;5757.05;9922.285112;generation
0010_ea_personalized_inst02_erdos_n50_k8_d025_s1002_s1042;ea_personalized;inst02_erdos_n50_k8_d025_s1002;experiments\20260618_124336_best_configs\instances\inst02_erdos_n50_k8_d025_s1002.txt;erdos;50;8;280;0.25;1002;1042;50000;378;7171;0;0;8098.44;11869.55015;generation
0010_ea_personalized_inst02_erdos_n50_k8_d025_s1002_s1042;ea_personalized;inst02_erdos_n50_k8_d025_s1002;experiments\20260618_124336_best_configs\instances\inst02_erdos_n50_k8_d025_s1002.txt;erdos;50;8;280;0.25;1002;1042;50000;379;7197;0;0;7140.83;12054.1708;generation
0010_ea_personalized_inst02_erdos_n50_k8_d025_s1002_s1042;ea_personalized;inst02_erdos_n50_k8_d025_s1002;experiments\20260618_124336_best_configs\instances\inst02_erdos_n50_k8_d025_s1002.txt;erdos;50;8;280;0.25;1002;1042;50000;380;7225;0;0;7564.5;10357.27075;generation
0010_ea_personalized_inst02_erdos_n50_k8_d025_s1002_s1042;ea_personalized;inst02_erdos_n50_k8_d025_s1002;experiments\20260618_124336_best_configs\instances\inst02_erdos_n50_k8_d025_s1002.txt;erdos;50;8;280;0.25;1002;1042;50000;381;7255;0;0;6502.45;11258.56192;generation
0010_ea_personalized_inst02_erdos_n50_k8_d025_s1002_s1042;ea_personalized;inst02_erdos_n50_k8_d025_s1002;experiments\20260618_124336_best_configs\instances\inst02_erdos_n50_k8_d025_s1002.txt;erdos;50;8;280;0.25;1002;1042;50000;382;7309;0;0;7248.54;11356.49934;generation
0010_ea_personalized_inst02_erdos_n50_k8_d025_s1002_s1042;ea_personalized;inst02_erdos_n50_k8_d025_s1002;experiments\20260618_124336_best_configs\instances\inst02_erdos_n50_k8_d025_s1002.txt;erdos;50;8;280;0.25;1002;1042;50000;383;7357;0;0;11084.06;15203.79547;generation
0010_ea_personalized_inst02_erdos_n50_k8_d025_s1002_s1042;ea_personalized;inst02_erdos_n50_k8_d025_s1002;experiments\20260618_124336_best_configs\instances\inst02_erdos_n50_k8_d025_s1002.txt;erdos;50;8;280;0.25;1002;1042;50000;384;7406;0;0;7886.62;12012.96969;generation
0010_ea_personalized_inst02_erdos_n50_k8_d025_s1002_s1042;ea_personalized;inst02_erdos_n50_k8_d025_s1002;experiments\20260618_124336_best_configs\instances\inst02_erdos_n50_k8_d025_s1002.txt;erdos;50;8;280;0.25;1002;1042;50000;385;7439;0;0;6612.59;10729.50059;generation
0010_ea_personalized_inst02_erdos_n50_k8_d025_s1002_s1042;ea_personalized;inst02_erdos_n50_k8_d025_s1002;experiments\20260618_124336_best_configs\instances\inst02_erdos_n50_k8_d025_s1002.txt;erdos;50;8;280;0.25;1002;1042;50000;386;7476;0;0;8526.03;13885.0774;generation
0010_ea_personalized_inst02_erdos_n50_k8_d025_s1002_s1042;ea_personalized;inst02_erdos_n50_k8_d025_s1002;experiments\20260618_124336_best_configs\instances\inst02_erdos_n50_k8_d025_s1002.txt;erdos;50;8;280;0.25;1002;1042;50000;387;7510;0;0;6184.75;11186.42878;generation
0010_ea_personalized_inst02_erdos_n50_k8_d025_s1002_s1042;ea_personalized;inst02_erdos_n50_k8_d025_s1002;experiments\20260618_124336_best_configs\instances\inst02_erdos_n50_k8_d025_s1002.txt;erdos;50;8;280;0.25;1002;1042;50000;388;7558;0;0;7138.55;11768.31683;generation
0010_ea_personalized_inst02_erdos_n50_k8_d025_s1002_s1042;ea_personalized;inst02_erdos_n50_k8_d025_s1002;experiments\20260618_124336_best_configs\instances\inst02_erdos_n50_k8_d025_s1002.txt;erdos;50;8;280;0.25;1002;1042;50000;389;7589;0;0;5220.35;10159.21412;generation
0010_ea_personalized_inst02_erdos_n50_k8_d025_s1002_s1042;ea_personalized;inst02_erdos_n50_k8_d025_s1002;experiments\20260618_124336_best_configs\instances\inst02_erdos_n50_k8_d025_s1002.txt;erdos;50;8;280;0.25;1002;1042;50000;390;7619;0;0;8629.95;10508.92529;generation
0010_ea_personalized_inst02_erdos_n50_k8_d025_s1002_s1042;ea_personalized;inst02_erdos_n50_k8_d025_s1002;experiments\20260618_124336_best_configs\instances\inst02_erdos_n50_k8_d025_s1002.txt;erdos;50;8;280;0.25;1002;1042;50000;391;7650;0;0;5966.68;10578.69361;generation
0010_ea_personalized_inst02_erdos_n50_k8_d025_s1002_s1042;ea_personalized;inst02_erdos_n50_k8_d025_s1002;experiments\20260618_124336_best_configs\instances\inst02_erdos_n50_k8_d025_s1002.txt;erdos;50;8;280;0.25;1002;1042;50000;392;7682;0;0;9161.42;12782.04551;generation
0010_ea_personalized_inst02_erdos_n50_k8_d025_s1002_s1042;ea_personalized;inst02_erdos_n50_k8_d025_s1002;experiments\20260618_124336_best_configs\instances\inst02_erdos_n50_k8_d025_s1002.txt;erdos;50;8;280;0.25;1002;1042;50000;393;7721;0;0;7777.86;12035.98049;generation
0010_ea_personalized_inst02_erdos_n50_k8_d025_s1002_s1042;ea_personalized;inst02_erdos_n50_k8_d025_s1002;experiments\20260618_124336_best_configs\instances\inst02_erdos_n50_k8_d025_s1002.txt;erdos;50;8;280;0.25;1002;1042;50000;394;7756;0;0;7884.51;11029.05356;generation
0010_ea_personalized_inst02_erdos_n50_k8_d025_s1002_s1042;ea_personalized;inst02_erdos_n50_k8_d025_s1002;experiments\20260618_124336_best_configs\instances\inst02_erdos_n50_k8_d025_s1002.txt;erdos;50;8;280;0.25;1002;1042;50000;395;7793;0;0;7141.66;11274.76469;generation
0010_ea_personalized_inst02_erdos_n50_k8_d025_s1002_s1042;ea_personalized;inst02_erdos_n50_k8_d025_s1002;experiments\20260618_124336_best_configs\instances\inst02_erdos_n50_k8_d025_s1002.txt;erdos;50;8;280;0.25;1002;1042;50000;396;7829;0;0;8526.67;12865.79331;generation
0010_ea_personalized_inst02_erdos_n50_k8_d025_s1002_s1042;ea_personalized;inst02_erdos_n50_k8_d025_s1002;experiments\20260618_124336_best_configs\instances\inst02_erdos_n50_k8_d025_s1002.txt;erdos;50;8;280;0.25;1002;1042;50000;397;7865;0;0;9807.32;12294.46929;generation
0010_ea_personalized_inst02_erdos_n50_k8_d025_s1002_s1042;ea_personalized;inst02_erdos_n50_k8_d025_s1002;experiments\20260618_124336_best_configs\instances\inst02_erdos_n50_k8_d025_s1002.txt;erdos;50;8;280;0.25;1002;1042;50000;398;7901;0;0;9063.12;11989.06025;generation
0010_ea_personalized_inst02_erdos_n50_k8_d025_s1002_s1042;ea_personalized;inst02_erdos_n50_k8_d025_s1002;experiments\20260618_124336_best_configs\instances\inst02_erdos_n50_k8_d025_s1002.txt;erdos;50;8;280;0.25;1002;1042;50000;399;7926;0;0;7037.41;10673.0378;generation
0010_ea_personalized_inst02_erdos_n50_k8_d025_s1002_s1042;ea_personalized;inst02_erdos_n50_k8_d025_s1002;experiments\20260618_124336_best_configs\instances\inst02_erdos_n50_k8_d025_s1002.txt;erdos;50;8;280;0.25;1002;1042;50000;400;7956;0;0;6930.56;11104.7048;generation
0010_ea_personalized_inst02_erdos_n50_k8_d025_s1002_s1042;ea_personalized;inst02_erdos_n50_k8_d025_s1002;experiments\20260618_124336_best_configs\instances\inst02_erdos_n50_k8_d025_s1002.txt;erdos;50;8;280;0.25;1002;1042;50000;401;7982;0;0;7244.92;11752.61471;generation
0010_ea_personalized_inst02_erdos_n50_k8_d025_s1002_s1042;ea_personalized;inst02_erdos_n50_k8_d025_s1002;experiments\20260618_124336_best_configs\instances\inst02_erdos_n50_k8_d025_s1002.txt;erdos;50;8;280;0.25;1002;1042;50000;402;8002;0;0;7141.08;10439.48737;generation
0010_ea_personalized_inst02_erdos_n50_k8_d025_s1002_s1042;ea_personalized;inst02_erdos_n50_k8_d025_s1002;experiments\20260618_124336_best_configs\instances\inst02_erdos_n50_k8_d025_s1002.txt;erdos;50;8;280;0.25;1002;1042;50000;403;8026;0;0;6927.61;11408.90923;generation
0010_ea_personalized_inst02_erdos_n50_k8_d025_s1002_s1042;ea_personalized;inst02_erdos_n50_k8_d025_s1002;experiments\20260618_124336_best_configs\instances\inst02_erdos_n50_k8_d025_s1002.txt;erdos;50;8;280;0.25;1002;1042;50000;404;8046;0;0;8631.78;12928.06312;generation
0010_ea_personalized_inst02_erdos_n50_k8_d025_s1002_s1042;ea_personalized;inst02_erdos_n50_k8_d025_s1002;experiments\20260618_124336_best_configs\instances\inst02_erdos_n50_k8_d025_s1002.txt;erdos;50;8;280;0.25;1002;1042;50000;405;8076;0;0;7672.11;12607.57982;generation
0010_ea_personalized_inst02_erdos_n50_k8_d025_s1002_s1042;ea_personalized;inst02_erdos_n50_k8_d025_s1002;experiments\20260618_124336_best_configs\instances\inst02_erdos_n50_k8_d025_s1002.txt;erdos;50;8;280;0.25;1002;1042;50000;406;8100;0;0;9274.65;13771.39903;generation
0010_ea_personalized_inst02_erdos_n50_k8_d025_s1002_s1042;ea_personalized;inst02_erdos_n50_k8_d025_s1002;experiments\20260618_124336_best_configs\instances\inst02_erdos_n50_k8_d025_s1002.txt;erdos;50;8;280;0.25;1002;1042;50000;407;8122;0;0;6929.55;11407.68498;generation
0010_ea_personalized_inst02_erdos_n50_k8_d025_s1002_s1042;ea_personalized;inst02_erdos_n50_k8_d025_s1002;experiments\20260618_124336_best_configs\instances\inst02_erdos_n50_k8_d025_s1002.txt;erdos;50;8;280;0.25;1002;1042;50000;408;8144;0;0;6182.69;10560.35441;generation
0010_ea_personalized_inst02_erdos_n50_k8_d025_s1002_s1042;ea_personalized;inst02_erdos_n50_k8_d025_s1002;experiments\20260618_124336_best_configs\instances\inst02_erdos_n50_k8_d025_s1002.txt;erdos;50;8;280;0.25;1002;1042;50000;409;8168;0;0;8099.25;11579.1539;generation
0010_ea_personalized_inst02_erdos_n50_k8_d025_s1002_s1042;ea_personalized;inst02_erdos_n50_k8_d025_s1002;experiments\20260618_124336_best_configs\instances\inst02_erdos_n50_k8_d025_s1002.txt;erdos;50;8;280;0.25;1002;1042;50000;410;8190;0;0;7034.52;11090.58781;generation
0010_ea_personalized_inst02_erdos_n50_k8_d025_s1002_s1042;ea_personalized;inst02_erdos_n50_k8_d025_s1002;experiments\20260618_124336_best_configs\instances\inst02_erdos_n50_k8_d025_s1002.txt;erdos;50;8;280;0.25;1002;1042;50000;411;8213;0;0;8529.72;12232.45128;generation
0010_ea_personalized_inst02_erdos_n50_k8_d025_s1002_s1042;ea_personalized;inst02_erdos_n50_k8_d025_s1002;experiments\20260618_124336_best_configs\instances\inst02_erdos_n50_k8_d025_s1002.txt;erdos;50;8;280;0.25;1002;1042;50000;412;8231;0;0;6191.17;10557.19395;generation
0010_ea_personalized_inst02_erdos_n50_k8_d025_s1002_s1042;ea_personalized;inst02_erdos_n50_k8_d025_s1002;experiments\20260618_124336_best_configs\instances\inst02_erdos_n50_k8_d025_s1002.txt;erdos;50;8;280;0.25;1002;1042;50000;413;8252;0;0;7149.5;11172.19721;generation
0010_ea_personalized_inst02_erdos_n50_k8_d025_s1002_s1042;ea_personalized;inst02_erdos_n50_k8_d025_s1002;experiments\20260618_124336_best_configs\instances\inst02_erdos_n50_k8_d025_s1002.txt;erdos;50;8;280;0.25;1002;1042;50000;414;8272;0;0;9487.99;12499.04302;generation
0010_ea_personalized_inst02_erdos_n50_k8_d025_s1002_s1042;ea_personalized;inst02_erdos_n50_k8_d025_s1002;experiments\20260618_124336_best_configs\instances\inst02_erdos_n50_k8_d025_s1002.txt;erdos;50;8;280;0.25;1002;1042;50000;415;8288;0;0;6930.5;13421.91615;generation
0010_ea_personalized_inst02_erdos_n50_k8_d025_s1002_s1042;ea_personalized;inst02_erdos_n50_k8_d025_s1002;experiments\20260618_124336_best_configs\instances\inst02_erdos_n50_k8_d025_s1002.txt;erdos;50;8;280;0.25;1002;1042;50000;416;8307;0;0;8842.64;12606.54559;generation
0010_ea_personalized_inst02_erdos_n50_k8_d025_s1002_s1042;ea_personalized;inst02_erdos_n50_k8_d025_s1002;experiments\20260618_124336_best_configs\instances\inst02_erdos_n50_k8_d025_s1002.txt;erdos;50;8;280;0.25;1002;1042;50000;417;8327;0;0;8420.97;12352.46512;generation
0010_ea_personalized_inst02_erdos_n50_k8_d025_s1002_s1042;ea_personalized;inst02_erdos_n50_k8_d025_s1002;experiments\20260618_124336_best_configs\instances\inst02_erdos_n50_k8_d025_s1002.txt;erdos;50;8;280;0.25;1002;1042;50000;418;8347;0;0;6829.58;11016.01564;generation
0010_ea_personalized_inst02_erdos_n50_k8_d025_s1002_s1042;ea_personalized;inst02_erdos_n50_k8_d025_s1002;experiments\20260618_124336_best_configs\instances\inst02_erdos_n50_k8_d025_s1002.txt;erdos;50;8;280;0.25;1002;1042;50000;419;8374;0;0;6191.16;11192.60563;generation
0010_ea_personalized_inst02_erdos_n50_k8_d025_s1002_s1042;ea_personalized;inst02_erdos_n50_k8_d025_s1002;experiments\20260618_124336_best_configs\instances\inst02_erdos_n50_k8_d025_s1002.txt;erdos;50;8;280;0.25;1002;1042;50000;420;8398;0;0;7140.29;11175.86241;generation
0010_ea_personalized_inst02_erdos_n50_k8_d025_s1002_s1042;ea_personalized;inst02_erdos_n50_k8_d025_s1002;experiments\20260618_124336_best_configs\instances\inst02_erdos_n50_k8_d025_s1002.txt;erdos;50;8;280;0.25;1002;1042;50000;421;8414;0;0;6818.77;12467.3363;generation
0010_ea_personalized_inst02_erdos_n50_k8_d025_s1002_s1042;ea_personalized;inst02_erdos_n50_k8_d025_s1002;experiments\20260618_124336_best_configs\instances\inst02_erdos_n50_k8_d025_s1002.txt;erdos;50;8;280;0.25;1002;1042;50000;422;8433;0;0;8524.13;12867.45848;generation
0010_ea_personalized_inst02_erdos_n50_k8_d025_s1002_s1042;ea_personalized;inst02_erdos_n50_k8_d025_s1002;experiments\20260618_124336_best_configs\instances\inst02_erdos_n50_k8_d025_s1002.txt;erdos;50;8;280;0.25;1002;1042;50000;423;8452;0;0;8952.97;13106.04785;generation
0010_ea_personalized_inst02_erdos_n50_k8_d025_s1002_s1042;ea_personalized;inst02_erdos_n50_k8_d025_s1002;experiments\20260618_124336_best_configs\instances\inst02_erdos_n50_k8_d025_s1002.txt;erdos;50;8;280;0.25;1002;1042;50000;424;8468;0;0;7995.36;12453.27543;generation
0010_ea_personalized_inst02_erdos_n50_k8_d025_s1002_s1042;ea_personalized;inst02_erdos_n50_k8_d025_s1002;experiments\20260618_124336_best_configs\instances\inst02_erdos_n50_k8_d025_s1002.txt;erdos;50;8;280;0.25;1002;1042;50000;425;8485;0;0;5968.67;10249.40701;generation
0010_ea_personalized_inst02_erdos_n50_k8_d025_s1002_s1042;ea_personalized;inst02_erdos_n50_k8_d025_s1002;experiments\20260618_124336_best_configs\instances\inst02_erdos_n50_k8_d025_s1002.txt;erdos;50;8;280;0.25;1002;1042;50000;426;8500;0;0;8738.34;13417.56897;generation
0010_ea_personalized_inst02_erdos_n50_k8_d025_s1002_s1042;ea_personalized;inst02_erdos_n50_k8_d025_s1002;experiments\20260618_124336_best_configs\instances\inst02_erdos_n50_k8_d025_s1002.txt;erdos;50;8;280;0.25;1002;1042;50000;427;8515;0;0;8205.28;11552.99242;generation
0010_ea_personalized_inst02_erdos_n50_k8_d025_s1002_s1042;ea_personalized;inst02_erdos_n50_k8_d025_s1002;experiments\20260618_124336_best_configs\instances\inst02_erdos_n50_k8_d025_s1002.txt;erdos;50;8;280;0.25;1002;1042;50000;428;8532;0;0;7355.67;11634.2247;generation
0010_ea_personalized_inst02_erdos_n50_k8_d025_s1002_s1042;ea_personalized;inst02_erdos_n50_k8_d025_s1002;experiments\20260618_124336_best_configs\instances\inst02_erdos_n50_k8_d025_s1002.txt;erdos;50;8;280;0.25;1002;1042;50000;429;8549;0;0;5541.1;10269.35364;generation
0010_ea_personalized_inst02_erdos_n50_k8_d025_s1002_s1042;ea_personalized;inst02_erdos_n50_k8_d025_s1002;experiments\20260618_124336_best_configs\instances\inst02_erdos_n50_k8_d025_s1002.txt;erdos;50;8;280;0.25;1002;1042;50000;430;8566;0;0;7566.38;11981.05931;generation
0010_ea_personalized_inst02_erdos_n50_k8_d025_s1002_s1042;ea_personalized;inst02_erdos_n50_k8_d025_s1002;experiments\20260618_124336_best_configs\instances\inst02_erdos_n50_k8_d025_s1002.txt;erdos;50;8;280;0.25;1002;1042;50000;431;8580;0;0;8633.89;11926.42088;generation
0010_ea_personalized_inst02_erdos_n50_k8_d025_s1002_s1042;ea_personalized;inst02_erdos_n50_k8_d025_s1002;experiments\20260618_124336_best_configs\instances\inst02_erdos_n50_k8_d025_s1002.txt;erdos;50;8;280;0.25;1002;1042;50000;432;8602;0;0;7671.84;12518.08708;generation
0010_ea_personalized_inst02_erdos_n50_k8_d025_s1002_s1042;ea_personalized;inst02_erdos_n50_k8_d025_s1002;experiments\20260618_124336_best_configs\instances\inst02_erdos_n50_k8_d025_s1002.txt;erdos;50;8;280;0.25;1002;1042;50000;433;8617;0;0;8421.55;12168.86557;generation
0010_ea_personalized_inst02_erdos_n50_k8_d025_s1002_s1042;ea_personalized;inst02_erdos_n50_k8_d025_s1002;experiments\20260618_124336_best_configs\instances\inst02_erdos_n50_k8_d025_s1002.txt;erdos;50;8;280;0.25;1002;1042;50000;434;8630;0;0;9381.29;12534.72962;generation
0010_ea_personalized_inst02_erdos_n50_k8_d025_s1002_s1042;ea_personalized;inst02_erdos_n50_k8_d025_s1002;experiments\20260618_124336_best_configs\instances\inst02_erdos_n50_k8_d025_s1002.txt;erdos;50;8;280;0.25;1002;1042;50000;435;8643;0;0;8211.94;13707.88267;generation
0010_ea_personalized_inst02_erdos_n50_k8_d025_s1002_s1042;ea_personalized;inst02_erdos_n50_k8_d025_s1002;experiments\20260618_124336_best_configs\instances\inst02_erdos_n50_k8_d025_s1002.txt;erdos;50;8;280;0.25;1002;1042;50000;436;8658;0;0;7675.51;12058.23186;generation
0010_ea_personalized_inst02_erdos_n50_k8_d025_s1002_s1042;ea_personalized;inst02_erdos_n50_k8_d025_s1002;experiments\20260618_124336_best_configs\instances\inst02_erdos_n50_k8_d025_s1002.txt;erdos;50;8;280;0.25;1002;1042;50000;437;8672;0;0;8956.71;12022.74366;generation
0010_ea_personalized_inst02_erdos_n50_k8_d025_s1002_s1042;ea_personalized;inst02_erdos_n50_k8_d025_s1002;experiments\20260618_124336_best_configs\instances\inst02_erdos_n50_k8_d025_s1002.txt;erdos;50;8;280;0.25;1002;1042;50000;438;8689;0;0;9382.64;13490.73861;generation
0010_ea_personalized_inst02_erdos_n50_k8_d025_s1002_s1042;ea_personalized;inst02_erdos_n50_k8_d025_s1002;experiments\20260618_124336_best_configs\instances\inst02_erdos_n50_k8_d025_s1002.txt;erdos;50;8;280;0.25;1002;1042;50000;439;8705;0;0;8211.96;11841.97818;generation
0010_ea_personalized_inst02_erdos_n50_k8_d025_s1002_s1042;ea_personalized;inst02_erdos_n50_k8_d025_s1002;experiments\20260618_124336_best_configs\instances\inst02_erdos_n50_k8_d025_s1002.txt;erdos;50;8;280;0.25;1002;1042;50000;440;8724;0;0;5868.95;12176.78061;generation
0010_ea_personalized_inst02_erdos_n50_k8_d025_s1002_s1042;ea_personalized;inst02_erdos_n50_k8_d025_s1002;experiments\20260618_124336_best_configs\instances\inst02_erdos_n50_k8_d025_s1002.txt;erdos;50;8;280;0.25;1002;1042;50000;441;8738;0;0;7460.76;12465.68962;generation
0010_ea_personalized_inst02_erdos_n50_k8_d025_s1002_s1042;ea_personalized;inst02_erdos_n50_k8_d025_s1002;experiments\20260618_124336_best_configs\instances\inst02_erdos_n50_k8_d025_s1002.txt;erdos;50;8;280;0.25;1002;1042;50000;442;8754;0;0;8950.77;11926.23882;generation
0010_ea_personalized_inst02_erdos_n50_k8_d025_s1002_s1042;ea_personalized;inst02_erdos_n50_k8_d025_s1002;experiments\20260618_124336_best_configs\instances\inst02_erdos_n50_k8_d025_s1002.txt;erdos;50;8;280;0.25;1002;1042;50000;443;8772;0;0;7568.02;12626.78889;generation
0010_ea_personalized_inst02_erdos_n50_k8_d025_s1002_s1042;ea_personalized;inst02_erdos_n50_k8_d025_s1002;experiments\20260618_124336_best_configs\instances\inst02_erdos_n50_k8_d025_s1002.txt;erdos;50;8;280;0.25;1002;1042;50000;444;8787;0;0;7350.96;12020.5979;generation
0010_ea_personalized_inst02_erdos_n50_k8_d025_s1002_s1042;ea_personalized;inst02_erdos_n50_k8_d025_s1002;experiments\20260618_124336_best_configs\instances\inst02_erdos_n50_k8_d025_s1002.txt;erdos;50;8;280;0.25;1002;1042;50000;445;8802;0;0;7567.03;12893.04149;generation
0010_ea_personalized_inst02_erdos_n50_k8_d025_s1002_s1042;ea_personalized;inst02_erdos_n50_k8_d025_s1002;experiments\20260618_124336_best_configs\instances\inst02_erdos_n50_k8_d025_s1002.txt;erdos;50;8;280;0.25;1002;1042;50000;446;8822;0;0;7246.65;10088.35295;generation
0010_ea_personalized_inst02_erdos_n50_k8_d025_s1002_s1042;ea_personalized;inst02_erdos_n50_k8_d025_s1002;experiments\20260618_124336_best_configs\instances\inst02_erdos_n50_k8_d025_s1002.txt;erdos;50;8;280;0.25;1002;1042;50000;447;8837;0;0;6711.1;11337.79117;generation
0010_ea_personalized_inst02_erdos_n50_k8_d025_s1002_s1042;ea_personalized;inst02_erdos_n50_k8_d025_s1002;experiments\20260618_124336_best_configs\instances\inst02_erdos_n50_k8_d025_s1002.txt;erdos;50;8;280;0.25;1002;1042;50000;448;8852;0;0;7994.29;11103.13772;generation
0010_ea_personalized_inst02_erdos_n50_k8_d025_s1002_s1042;ea_personalized;inst02_erdos_n50_k8_d025_s1002;experiments\20260618_124336_best_configs\instances\inst02_erdos_n50_k8_d025_s1002.txt;erdos;50;8;280;0.25;1002;1042;50000;449;8867;0;0;7785.41;11939.37452;generation
0010_ea_personalized_inst02_erdos_n50_k8_d025_s1002_s1042;ea_personalized;inst02_erdos_n50_k8_d025_s1002;experiments\20260618_124336_best_configs\instances\inst02_erdos_n50_k8_d025_s1002.txt;erdos;50;8;280;0.25;1002;1042;50000;450;8881;0;0;7253.46;11556.39752;generation
0010_ea_personalized_inst02_erdos_n50_k8_d025_s1002_s1042;ea_personalized;inst02_erdos_n50_k8_d025_s1002;experiments\20260618_124336_best_configs\instances\inst02_erdos_n50_k8_d025_s1002.txt;erdos;50;8;280;0.25;1002;1042;50000;451;8893;0;0;9168.52;13044.30434;generation
0010_ea_personalized_inst02_erdos_n50_k8_d025_s1002_s1042;ea_personalized;inst02_erdos_n50_k8_d025_s1002;experiments\20260618_124336_best_configs\instances\inst02_erdos_n50_k8_d025_s1002.txt;erdos;50;8;280;0.25;1002;1042;50000;452;8907;0;0;6933.68;11205.27558;generation
0010_ea_personalized_inst02_erdos_n50_k8_d025_s1002_s1042;ea_personalized;inst02_erdos_n50_k8_d025_s1002;experiments\20260618_124336_best_configs\instances\inst02_erdos_n50_k8_d025_s1002.txt;erdos;50;8;280;0.25;1002;1042;50000;453;8924;0;0;7783.1;11554.08335;generation
0010_ea_personalized_inst02_erdos_n50_k8_d025_s1002_s1042;ea_personalized;inst02_erdos_n50_k8_d025_s1002;experiments\20260618_124336_best_configs\instances\inst02_erdos_n50_k8_d025_s1002.txt;erdos;50;8;280;0.25;1002;1042;50000;454;8937;0;0;6928.7;10794.16203;generation
0010_ea_personalized_inst02_erdos_n50_k8_d025_s1002_s1042;ea_personalized;inst02_erdos_n50_k8_d025_s1002;experiments\20260618_124336_best_configs\instances\inst02_erdos_n50_k8_d025_s1002.txt;erdos;50;8;280;0.25;1002;1042;50000;455;8950;0;0;6289.14;10334.35062;generation
0010_ea_personalized_inst02_erdos_n50_k8_d025_s1002_s1042;ea_personalized;inst02_erdos_n50_k8_d025_s1002;experiments\20260618_124336_best_configs\instances\inst02_erdos_n50_k8_d025_s1002.txt;erdos;50;8;280;0.25;1002;1042;50000;456;8963;0;0;8203.29;11255.9094;generation
0010_ea_personalized_inst02_erdos_n50_k8_d025_s1002_s1042;ea_personalized;inst02_erdos_n50_k8_d025_s1002;experiments\20260618_124336_best_configs\instances\inst02_erdos_n50_k8_d025_s1002.txt;erdos;50;8;280;0.25;1002;1042;50000;457;8976;0;0;7672.46;11277.48995;generation
0010_ea_personalized_inst02_erdos_n50_k8_d025_s1002_s1042;ea_personalized;inst02_erdos_n50_k8_d025_s1002;experiments\20260618_124336_best_configs\instances\inst02_erdos_n50_k8_d025_s1002.txt;erdos;50;8;280;0.25;1002;1042;50000;458;8989;0;0;8630.37;14023.11933;generation
0010_ea_personalized_inst02_erdos_n50_k8_d025_s1002_s1042;ea_personalized;inst02_erdos_n50_k8_d025_s1002;experiments\20260618_124336_best_configs\instances\inst02_erdos_n50_k8_d025_s1002.txt;erdos;50;8;280;0.25;1002;1042;50000;459;9002;0;0;7460.3;11218.90616;generation
0010_ea_personalized_inst02_erdos_n50_k8_d025_s1002_s1042;ea_personalized;inst02_erdos_n50_k8_d025_s1002;experiments\20260618_124336_best_configs\instances\inst02_erdos_n50_k8_d025_s1002.txt;erdos;50;8;280;0.25;1002;1042;50000;460;9014;0;0;8208.74;11945.46561;generation
0010_ea_personalized_inst02_erdos_n50_k8_d025_s1002_s1042;ea_personalized;inst02_erdos_n50_k8_d025_s1002;experiments\20260618_124336_best_configs\instances\inst02_erdos_n50_k8_d025_s1002.txt;erdos;50;8;280;0.25;1002;1042;50000;461;9027;0;0;7355.17;10067.2409;generation
0010_ea_personalized_inst02_erdos_n50_k8_d025_s1002_s1042;ea_personalized;inst02_erdos_n50_k8_d025_s1002;experiments\20260618_124336_best_configs\instances\inst02_erdos_n50_k8_d025_s1002.txt;erdos;50;8;280;0.25;1002;1042;50000;462;9040;0;0;6926.03;12545.42679;generation
0010_ea_personalized_inst02_erdos_n50_k8_d025_s1002_s1042;ea_personalized;inst02_erdos_n50_k8_d025_s1002;experiments\20260618_124336_best_configs\instances\inst02_erdos_n50_k8_d025_s1002.txt;erdos;50;8;280;0.25;1002;1042;50000;463;9053;0;0;6929.81;10142.61539;generation
0010_ea_personalized_inst02_erdos_n50_k8_d025_s1002_s1042;ea_personalized;inst02_erdos_n50_k8_d025_s1002;experiments\20260618_124336_best_configs\instances\inst02_erdos_n50_k8_d025_s1002.txt;erdos;50;8;280;0.25;1002;1042;50000;464;9065;0;0;8950.51;13112.22745;generation
0010_ea_personalized_inst02_erdos_n50_k8_d025_s1002_s1042;ea_personalized;inst02_erdos_n50_k8_d025_s1002;experiments\20260618_124336_best_configs\instances\inst02_erdos_n50_k8_d025_s1002.txt;erdos;50;8;280;0.25;1002;1042;50000;465;9077;0;0;5862.38;11506.92257;generation
0010_ea_personalized_inst02_erdos_n50_k8_d025_s1002_s1042;ea_personalized;inst02_erdos_n50_k8_d025_s1002;experiments\20260618_124336_best_configs\instances\inst02_erdos_n50_k8_d025_s1002.txt;erdos;50;8;280;0.25;1002;1042;50000;466;9090;0;0;6290.76;10551.98312;generation
0010_ea_personalized_inst02_erdos_n50_k8_d025_s1002_s1042;ea_personalized;inst02_erdos_n50_k8_d025_s1002;experiments\20260618_124336_best_configs\instances\inst02_erdos_n50_k8_d025_s1002.txt;erdos;50;8;280;0.25;1002;1042;50000;467;9102;0;0;9486.23;11758.77035;generation
0010_ea_personalized_inst02_erdos_n50_k8_d025_s1002_s1042;ea_personalized;inst02_erdos_n50_k8_d025_s1002;experiments\20260618_124336_best_configs\instances\inst02_erdos_n50_k8_d025_s1002.txt;erdos;50;8;280;0.25;1002;1042;50000;468;9114;0;0;8849.8;11763.37164;generation
0010_ea_personalized_inst02_erdos_n50_k8_d025_s1002_s1042;ea_personalized;inst02_erdos_n50_k8_d025_s1002;experiments\20260618_124336_best_configs\instances\inst02_erdos_n50_k8_d025_s1002.txt;erdos;50;8;280;0.25;1002;1042;50000;469;9126;0;0;7361.59;13014.85748;generation
0010_ea_personalized_inst02_erdos_n50_k8_d025_s1002_s1042;ea_personalized;inst02_erdos_n50_k8_d025_s1002;experiments\20260618_124336_best_configs\instances\inst02_erdos_n50_k8_d025_s1002.txt;erdos;50;8;280;0.25;1002;1042;50000;470;9138;0;0;8105.26;12615.76159;generation
0010_ea_personalized_inst02_erdos_n50_k8_d025_s1002_s1042;ea_personalized;inst02_erdos_n50_k8_d025_s1002;experiments\20260618_124336_best_configs\instances\inst02_erdos_n50_k8_d025_s1002.txt;erdos;50;8;280;0.25;1002;1042;50000;471;9150;0;0;7570.36;12074.86711;generation
0010_ea_personalized_inst02_erdos_n50_k8_d025_s1002_s1042;ea_personalized;inst02_erdos_n50_k8_d025_s1002;experiments\20260618_124336_best_configs\instances\inst02_erdos_n50_k8_d025_s1002.txt;erdos;50;8;280;0.25;1002;1042;50000;472;9162;0;0;6510.16;10742.48299;generation
0010_ea_personalized_inst02_erdos_n50_k8_d025_s1002_s1042;ea_personalized;inst02_erdos_n50_k8_d025_s1002;experiments\20260618_124336_best_configs\instances\inst02_erdos_n50_k8_d025_s1002.txt;erdos;50;8;280;0.25;1002;1042;50000;473;9177;0;0;7468.51;11712.38031;generation
0010_ea_personalized_inst02_erdos_n50_k8_d025_s1002_s1042;ea_personalized;inst02_erdos_n50_k8_d025_s1002;experiments\20260618_124336_best_configs\instances\inst02_erdos_n50_k8_d025_s1002.txt;erdos;50;8;280;0.25;1002;1042;50000;474;9189;0;0;8420;12806.70282;generation
0010_ea_personalized_inst02_erdos_n50_k8_d025_s1002_s1042;ea_personalized;inst02_erdos_n50_k8_d025_s1002;experiments\20260618_124336_best_configs\instances\inst02_erdos_n50_k8_d025_s1002.txt;erdos;50;8;280;0.25;1002;1042;50000;475;9201;0;0;9163.01;12781.31181;generation
0010_ea_personalized_inst02_erdos_n50_k8_d025_s1002_s1042;ea_personalized;inst02_erdos_n50_k8_d025_s1002;experiments\20260618_124336_best_configs\instances\inst02_erdos_n50_k8_d025_s1002.txt;erdos;50;8;280;0.25;1002;1042;50000;476;9213;0;0;6395.59;11861.95819;generation
0010_ea_personalized_inst02_erdos_n50_k8_d025_s1002_s1042;ea_personalized;inst02_erdos_n50_k8_d025_s1002;experiments\20260618_124336_best_configs\instances\inst02_erdos_n50_k8_d025_s1002.txt;erdos;50;8;280;0.25;1002;1042;50000;477;9225;0;0;7136.81;10762.35789;generation
0010_ea_personalized_inst02_erdos_n50_k8_d025_s1002_s1042;ea_personalized;inst02_erdos_n50_k8_d025_s1002;experiments\20260618_124336_best_configs\instances\inst02_erdos_n50_k8_d025_s1002.txt;erdos;50;8;280;0.25;1002;1042;50000;478;9239;0;0;7994.2;12267.93796;generation
0010_ea_personalized_inst02_erdos_n50_k8_d025_s1002_s1042;ea_personalized;inst02_erdos_n50_k8_d025_s1002;experiments\20260618_124336_best_configs\instances\inst02_erdos_n50_k8_d025_s1002.txt;erdos;50;8;280;0.25;1002;1042;50000;479;9252;0;0;6610.94;9961.74048;generation
0010_ea_personalized_inst02_erdos_n50_k8_d025_s1002_s1042;ea_personalized;inst02_erdos_n50_k8_d025_s1002;experiments\20260618_124336_best_configs\instances\inst02_erdos_n50_k8_d025_s1002.txt;erdos;50;8;280;0.25;1002;1042;50000;480;9263;0;0;5437.11;10595.43554;generation
0010_ea_personalized_inst02_erdos_n50_k8_d025_s1002_s1042;ea_personalized;inst02_erdos_n50_k8_d025_s1002;experiments\20260618_124336_best_configs\instances\inst02_erdos_n50_k8_d025_s1002.txt;erdos;50;8;280;0.25;1002;1042;50000;481;9275;0;0;7137.84;10656.46534;generation
0010_ea_personalized_inst02_erdos_n50_k8_d025_s1002_s1042;ea_personalized;inst02_erdos_n50_k8_d025_s1002;experiments\20260618_124336_best_configs\instances\inst02_erdos_n50_k8_d025_s1002.txt;erdos;50;8;280;0.25;1002;1042;50000;482;9289;0;0;6819.64;11521.08011;generation
0010_ea_personalized_inst02_erdos_n50_k8_d025_s1002_s1042;ea_personalized;inst02_erdos_n50_k8_d025_s1002;experiments\20260618_124336_best_configs\instances\inst02_erdos_n50_k8_d025_s1002.txt;erdos;50;8;280;0.25;1002;1042;50000;483;9300;0;0;6609.02;10408.54405;generation
0010_ea_personalized_inst02_erdos_n50_k8_d025_s1002_s1042;ea_personalized;inst02_erdos_n50_k8_d025_s1002;experiments\20260618_124336_best_configs\instances\inst02_erdos_n50_k8_d025_s1002.txt;erdos;50;8;280;0.25;1002;1042;50000;484;9311;0;0;8207.9;12313.43933;generation
0010_ea_personalized_inst02_erdos_n50_k8_d025_s1002_s1042;ea_personalized;inst02_erdos_n50_k8_d025_s1002;experiments\20260618_124336_best_configs\instances\inst02_erdos_n50_k8_d025_s1002.txt;erdos;50;8;280;0.25;1002;1042;50000;485;9324;0;0;6613.59;11246.07252;generation
0010_ea_personalized_inst02_erdos_n50_k8_d025_s1002_s1042;ea_personalized;inst02_erdos_n50_k8_d025_s1002;experiments\20260618_124336_best_configs\instances\inst02_erdos_n50_k8_d025_s1002.txt;erdos;50;8;280;0.25;1002;1042;50000;486;9335;0;0;7249.95;11459.15031;generation
0010_ea_personalized_inst02_erdos_n50_k8_d025_s1002_s1042;ea_personalized;inst02_erdos_n50_k8_d025_s1002;experiments\20260618_124336_best_configs\instances\inst02_erdos_n50_k8_d025_s1002.txt;erdos;50;8;280;0.25;1002;1042;50000;487;9346;0;0;6184.16;11089.80801;generation
0010_ea_personalized_inst02_erdos_n50_k8_d025_s1002_s1042;ea_personalized;inst02_erdos_n50_k8_d025_s1002;experiments\20260618_124336_best_configs\instances\inst02_erdos_n50_k8_d025_s1002.txt;erdos;50;8;280;0.25;1002;1042;50000;488;9358;0;0;8523.72;11469.4015;generation
0010_ea_personalized_inst02_erdos_n50_k8_d025_s1002_s1042;ea_personalized;inst02_erdos_n50_k8_d025_s1002;experiments\20260618_124336_best_configs\instances\inst02_erdos_n50_k8_d025_s1002.txt;erdos;50;8;280;0.25;1002;1042;50000;489;9370;0;0;9377.18;12981.51148;generation
0010_ea_personalized_inst02_erdos_n50_k8_d025_s1002_s1042;ea_personalized;inst02_erdos_n50_k8_d025_s1002;experiments\20260618_124336_best_configs\instances\inst02_erdos_n50_k8_d025_s1002.txt;erdos;50;8;280;0.25;1002;1042;50000;490;9383;0;0;6396.57;9760.182609;generation
0010_ea_personalized_inst02_erdos_n50_k8_d025_s1002_s1042;ea_personalized;inst02_erdos_n50_k8_d025_s1002;experiments\20260618_124336_best_configs\instances\inst02_erdos_n50_k8_d025_s1002.txt;erdos;50;8;280;0.25;1002;1042;50000;491;9394;0;0;7995.08;12726.43113;generation
0010_ea_personalized_inst02_erdos_n50_k8_d025_s1002_s1042;ea_personalized;inst02_erdos_n50_k8_d025_s1002;experiments\20260618_124336_best_configs\instances\inst02_erdos_n50_k8_d025_s1002.txt;erdos;50;8;280;0.25;1002;1042;50000;492;9405;0;0;7890.44;11820.15023;generation
0010_ea_personalized_inst02_erdos_n50_k8_d025_s1002_s1042;ea_personalized;inst02_erdos_n50_k8_d025_s1002;experiments\20260618_124336_best_configs\instances\inst02_erdos_n50_k8_d025_s1002.txt;erdos;50;8;280;0.25;1002;1042;50000;493;9417;0;0;8845.34;12694.37895;generation
0010_ea_personalized_inst02_erdos_n50_k8_d025_s1002_s1042;ea_personalized;inst02_erdos_n50_k8_d025_s1002;experiments\20260618_124336_best_configs\instances\inst02_erdos_n50_k8_d025_s1002.txt;erdos;50;8;280;0.25;1002;1042;50000;494;9427;0;0;9377.09;12624.86291;generation
0010_ea_personalized_inst02_erdos_n50_k8_d025_s1002_s1042;ea_personalized;inst02_erdos_n50_k8_d025_s1002;experiments\20260618_124336_best_configs\instances\inst02_erdos_n50_k8_d025_s1002.txt;erdos;50;8;280;0.25;1002;1042;50000;495;9439;0;0;8422.43;12538.87823;generation
0010_ea_personalized_inst02_erdos_n50_k8_d025_s1002_s1042;ea_personalized;inst02_erdos_n50_k8_d025_s1002;experiments\20260618_124336_best_configs\instances\inst02_erdos_n50_k8_d025_s1002.txt;erdos;50;8;280;0.25;1002;1042;50000;496;9450;0;0;10657.82;13551.85486;generation
0010_ea_personalized_inst02_erdos_n50_k8_d025_s1002_s1042;ea_personalized;inst02_erdos_n50_k8_d025_s1002;experiments\20260618_124336_best_configs\instances\inst02_erdos_n50_k8_d025_s1002.txt;erdos;50;8;280;0.25;1002;1042;50000;497;9461;0;0;6500.48;11259.71786;generation
0010_ea_personalized_inst02_erdos_n50_k8_d025_s1002_s1042;ea_personalized;inst02_erdos_n50_k8_d025_s1002;experiments\20260618_124336_best_configs\instances\inst02_erdos_n50_k8_d025_s1002.txt;erdos;50;8;280;0.25;1002;1042;50000;498;9472;0;0;8102.16;11962.38902;generation
0010_ea_personalized_inst02_erdos_n50_k8_d025_s1002_s1042;ea_personalized;inst02_erdos_n50_k8_d025_s1002;experiments\20260618_124336_best_configs\instances\inst02_erdos_n50_k8_d025_s1002.txt;erdos;50;8;280;0.25;1002;1042;50000;499;9484;0;0;9914.52;15003.98868;generation
0010_ea_personalized_inst02_erdos_n50_k8_d025_s1002_s1042;ea_personalized;inst02_erdos_n50_k8_d025_s1002;experiments\20260618_124336_best_configs\instances\inst02_erdos_n50_k8_d025_s1002.txt;erdos;50;8;280;0.25;1002;1042;50000;500;9494;0;0;7142.88;11671.39217;generation
0010_ea_personalized_inst02_erdos_n50_k8_d025_s1002_s1042;ea_personalized;inst02_erdos_n50_k8_d025_s1002;experiments\20260618_124336_best_configs\instances\inst02_erdos_n50_k8_d025_s1002.txt;erdos;50;8;280;0.25;1002;1042;50000;501;9506;0;0;7778.34;12314.50245;generation
0010_ea_personalized_inst02_erdos_n50_k8_d025_s1002_s1042;ea_personalized;inst02_erdos_n50_k8_d025_s1002;experiments\20260618_124336_best_configs\instances\inst02_erdos_n50_k8_d025_s1002.txt;erdos;50;8;280;0.25;1002;1042;50000;502;9518;0;0;6607.07;9736.450439;generation
0010_ea_personalized_inst02_erdos_n50_k8_d025_s1002_s1042;ea_personalized;inst02_erdos_n50_k8_d025_s1002;experiments\20260618_124336_best_configs\instances\inst02_erdos_n50_k8_d025_s1002.txt;erdos;50;8;280;0.25;1002;1042;50000;503;9529;0;0;10335.16;14402.98603;generation
0010_ea_personalized_inst02_erdos_n50_k8_d025_s1002_s1042;ea_personalized;inst02_erdos_n50_k8_d025_s1002;experiments\20260618_124336_best_configs\instances\inst02_erdos_n50_k8_d025_s1002.txt;erdos;50;8;280;0.25;1002;1042;50000;504;9541;0;0;9480.4;14201.148;generation
0010_ea_personalized_inst02_erdos_n50_k8_d025_s1002_s1042;ea_personalized;inst02_erdos_n50_k8_d025_s1002;experiments\20260618_124336_best_configs\instances\inst02_erdos_n50_k8_d025_s1002.txt;erdos;50;8;280;0.25;1002;1042;50000;505;9554;0;0;11080.59;14517.46038;generation
0010_ea_personalized_inst02_erdos_n50_k8_d025_s1002_s1042;ea_personalized;inst02_erdos_n50_k8_d025_s1002;experiments\20260618_124336_best_configs\instances\inst02_erdos_n50_k8_d025_s1002.txt;erdos;50;8;280;0.25;1002;1042;50000;506;9585;0;0;8207.63;12316.64795;generation
0010_ea_personalized_inst02_erdos_n50_k8_d025_s1002_s1042;ea_personalized;inst02_erdos_n50_k8_d025_s1002;experiments\20260618_124336_best_configs\instances\inst02_erdos_n50_k8_d025_s1002.txt;erdos;50;8;280;0.25;1002;1042;50000;507;9612;0;0;7567.21;12809.01899;generation
0010_ea_personalized_inst02_erdos_n50_k8_d025_s1002_s1042;ea_personalized;inst02_erdos_n50_k8_d025_s1002;experiments\20260618_124336_best_configs\instances\inst02_erdos_n50_k8_d025_s1002.txt;erdos;50;8;280;0.25;1002;1042;50000;508;9632;0;0;10339.01;14241.07679;generation
0010_ea_personalized_inst02_erdos_n50_k8_d025_s1002_s1042;ea_personalized;inst02_erdos_n50_k8_d025_s1002;experiments\20260618_124336_best_configs\instances\inst02_erdos_n50_k8_d025_s1002.txt;erdos;50;8;280;0.25;1002;1042;50000;509;9658;0;0;6929.16;10475.18065;generation
0010_ea_personalized_inst02_erdos_n50_k8_d025_s1002_s1042;ea_personalized;inst02_erdos_n50_k8_d025_s1002;experiments\20260618_124336_best_configs\instances\inst02_erdos_n50_k8_d025_s1002.txt;erdos;50;8;280;0.25;1002;1042;50000;510;9662;0;0;1384.96;4916.703257;generation
