run_id;algorithm;instance_id;instance_path;graph;n;k;m;density;instance_seed;algorithm_seed;budget;iteration;time_ms;current_cost;best_cost;avg_cost;std_cost;note
0013_ea_personalized_inst03_chordal_n60_k8_d065_s1003_s42;ea_personalized;inst03_chordal_n60_k8_d065_s1003;experiments\20260618_124336_best_configs\instances\inst03_chordal_n60_k8_d065_s1003.txt;chordal;60;8;148;0.65;1003;42;50000;0;13;12781;12781;147362.87;73110.84523;init
0013_ea_personalized_inst03_chordal_n60_k8_d065_s1003_s42;ea_personalized;inst03_chordal_n60_k8_d065_s1003;experiments\20260618_124336_best_configs\instances\inst03_chordal_n60_k8_d065_s1003.txt;chordal;60;8;148;0.65;1003;42;50000;1;28;0;0;4402.21;8264.161055;generation
0013_ea_personalized_inst03_chordal_n60_k8_d065_s1003_s42;ea_personalized;inst03_chordal_n60_k8_d065_s1003;experiments\20260618_124336_best_configs\instances\inst03_chordal_n60_k8_d065_s1003.txt;chordal;60;8;148;0.65;1003;42;50000;2;38;0;0;3427.06;7364.380525;generation
0013_ea_personalized_inst03_chordal_n60_k8_d065_s1003_s42;ea_personalized;inst03_chordal_n60_k8_d065_s1003;experiments\20260618_124336_best_configs\instances\inst03_chordal_n60_k8_d065_s1003.txt;chordal;60;8;148;0.65;1003;42;50000;3;51;0;0;6186.98;9811.427026;generation
0013_ea_personalized_inst03_chordal_n60_k8_d065_s1003_s42;ea_personalized;inst03_chordal_n60_k8_d065_s1003;experiments\20260618_124336_best_configs\instances\inst03_chordal_n60_k8_d065_s1003.txt;chordal;60;8;148;0.65;1003;42;50000;4;68;0;0;4126.55;7841.408634;generation
0013_ea_personalized_inst03_chordal_n60_k8_d065_s1003_s42;ea_personalized;inst03_chordal_n60_k8_d065_s1003;experiments\20260618_124336_best_configs\instances\inst03_chordal_n60_k8_d065_s1003.txt;chordal;60;8;148;0.65;1003;42;50000;5;85;0;0;3470.9;6721.952454;generation
0013_ea_personalized_inst03_chordal_n60_k8_d065_s1003_s42;ea_personalized;inst03_chordal_n60_k8_d065_s1003;experiments\20260618_124336_best_configs\instances\inst03_chordal_n60_k8_d065_s1003.txt;chordal;60;8;148;0.65;1003;42;50000;6;98;0;0;5644.66;8534.334182;generation
0013_ea_personalized_inst03_chordal_n60_k8_d065_s1003_s42;ea_personalized;inst03_chordal_n60_k8_d065_s1003;experiments\20260618_124336_best_configs\instances\inst03_chordal_n60_k8_d065_s1003.txt;chordal;60;8;148;0.65;1003;42;50000;7;114;0;0;3079.33;6789.325349;generation
0013_ea_personalized_inst03_chordal_n60_k8_d065_s1003_s42;ea_personalized;inst03_chordal_n60_k8_d065_s1003;experiments\20260618_124336_best_configs\instances\inst03_chordal_n60_k8_d065_s1003.txt;chordal;60;8;148;0.65;1003;42;50000;8;132;0;0;3840.67;7113.456762;generation
0013_ea_personalized_inst03_chordal_n60_k8_d065_s1003_s42;ea_personalized;inst03_chordal_n60_k8_d065_s1003;experiments\20260618_124336_best_configs\instances\inst03_chordal_n60_k8_d065_s1003.txt;chordal;60;8;148;0.65;1003;42;50000;9;145;0;0;4993.75;9014.801298;generation
0013_ea_personalized_inst03_chordal_n60_k8_d065_s1003_s42;ea_personalized;inst03_chordal_n60_k8_d065_s1003;experiments\20260618_124336_best_configs\instances\inst03_chordal_n60_k8_d065_s1003.txt;chordal;60;8;148;0.65;1003;42;50000;10;161;0;0;3838.67;7772.738686;generation
0013_ea_personalized_inst03_chordal_n60_k8_d065_s1003_s42;ea_personalized;inst03_chordal_n60_k8_d065_s1003;experiments\20260618_124336_best_configs\instances\inst03_chordal_n60_k8_d065_s1003.txt;chordal;60;8;148;0.65;1003;42;50000;11;179;0;0;3968.26;7812.173597;generation
0013_ea_personalized_inst03_chordal_n60_k8_d065_s1003_s42;ea_personalized;inst03_chordal_n60_k8_d065_s1003;experiments\20260618_124336_best_configs\instances\inst03_chordal_n60_k8_d065_s1003.txt;chordal;60;8;148;0.65;1003;42;50000;12;196;0;0;5119.76;9034.843381;generation
0013_ea_personalized_inst03_chordal_n60_k8_d065_s1003_s42;ea_personalized;inst03_chordal_n60_k8_d065_s1003;experiments\20260618_124336_best_configs\instances\inst03_chordal_n60_k8_d065_s1003.txt;chordal;60;8;148;0.65;1003;42;50000;13;211;0;0;4352.46;7923.727729;generation
0013_ea_personalized_inst03_chordal_n60_k8_d065_s1003_s42;ea_personalized;inst03_chordal_n60_k8_d065_s1003;experiments\20260618_124336_best_configs\instances\inst03_chordal_n60_k8_d065_s1003.txt;chordal;60;8;148;0.65;1003;42;50000;14;228;0;0;3454.21;7419.221078;generation
0013_ea_personalized_inst03_chordal_n60_k8_d065_s1003_s42;ea_personalized;inst03_chordal_n60_k8_d065_s1003;experiments\20260618_124336_best_configs\instances\inst03_chordal_n60_k8_d065_s1003.txt;chordal;60;8;148;0.65;1003;42;50000;15;244;0;0;3969.61;7812.052273;generation
0013_ea_personalized_inst03_chordal_n60_k8_d065_s1003_s42;ea_personalized;inst03_chordal_n60_k8_d065_s1003;experiments\20260618_124336_best_configs\instances\inst03_chordal_n60_k8_d065_s1003.txt;chordal;60;8;148;0.65;1003;42;50000;16;263;0;0;4986.54;8456.5584;generation
0013_ea_personalized_inst03_chordal_n60_k8_d065_s1003_s42;ea_personalized;inst03_chordal_n60_k8_d065_s1003;experiments\20260618_124336_best_configs\instances\inst03_chordal_n60_k8_d065_s1003.txt;chordal;60;8;148;0.65;1003;42;50000;17;281;0;0;4228.31;9042.609249;generation
0013_ea_personalized_inst03_chordal_n60_k8_d065_s1003_s42;ea_personalized;inst03_chordal_n60_k8_d065_s1003;experiments\20260618_124336_best_configs\instances\inst03_chordal_n60_k8_d065_s1003.txt;chordal;60;8;148;0.65;1003;42;50000;18;298;0;0;4099.99;9712.176431;generation
0013_ea_personalized_inst03_chordal_n60_k8_d065_s1003_s42;ea_personalized;inst03_chordal_n60_k8_d065_s1003;experiments\20260618_124336_best_configs\instances\inst03_chordal_n60_k8_d065_s1003.txt;chordal;60;8;148;0.65;1003;42;50000;19;317;0;0;3326.85;7141.909233;generation
0013_ea_personalized_inst03_chordal_n60_k8_d065_s1003_s42;ea_personalized;inst03_chordal_n60_k8_d065_s1003;experiments\20260618_124336_best_configs\instances\inst03_chordal_n60_k8_d065_s1003.txt;chordal;60;8;148;0.65;1003;42;50000;20;338;0;0;2820.42;6147.583674;generation
0013_ea_personalized_inst03_chordal_n60_k8_d065_s1003_s42;ea_personalized;inst03_chordal_n60_k8_d065_s1003;experiments\20260618_124336_best_configs\instances\inst03_chordal_n60_k8_d065_s1003.txt;chordal;60;8;148;0.65;1003;42;50000;21;357;0;0;3713.04;6587.515586;generation
0013_ea_personalized_inst03_chordal_n60_k8_d065_s1003_s42;ea_personalized;inst03_chordal_n60_k8_d065_s1003;experiments\20260618_124336_best_configs\instances\inst03_chordal_n60_k8_d065_s1003.txt;chordal;60;8;148;0.65;1003;42;50000;22;378;0;0;3075.72;7024.817485;generation
0013_ea_personalized_inst03_chordal_n60_k8_d065_s1003_s42;ea_personalized;inst03_chordal_n60_k8_d065_s1003;experiments\20260618_124336_best_configs\instances\inst03_chordal_n60_k8_d065_s1003.txt;chordal;60;8;148;0.65;1003;42;50000;23;397;0;0;5118.27;9898.657744;generation
0013_ea_personalized_inst03_chordal_n60_k8_d065_s1003_s42;ea_personalized;inst03_chordal_n60_k8_d065_s1003;experiments\20260618_124336_best_configs\instances\inst03_chordal_n60_k8_d065_s1003.txt;chordal;60;8;148;0.65;1003;42;50000;24;413;0;0;3205.76;6092.945971;generation
0013_ea_personalized_inst03_chordal_n60_k8_d065_s1003_s42;ea_personalized;inst03_chordal_n60_k8_d065_s1003;experiments\20260618_124336_best_configs\instances\inst03_chordal_n60_k8_d065_s1003.txt;chordal;60;8;148;0.65;1003;42;50000;25;432;0;0;3456.71;6724.995956;generation
0013_ea_personalized_inst03_chordal_n60_k8_d065_s1003_s42;ea_personalized;inst03_chordal_n60_k8_d065_s1003;experiments\20260618_124336_best_configs\instances\inst03_chordal_n60_k8_d065_s1003.txt;chordal;60;8;148;0.65;1003;42;50000;26;455;0;0;4987.09;8262.394631;generation
0013_ea_personalized_inst03_chordal_n60_k8_d065_s1003_s42;ea_personalized;inst03_chordal_n60_k8_d065_s1003;experiments\20260618_124336_best_configs\instances\inst03_chordal_n60_k8_d065_s1003.txt;chordal;60;8;148;0.65;1003;42;50000;27;473;0;0;4223.88;7890.210232;generation
0013_ea_personalized_inst03_chordal_n60_k8_d065_s1003_s42;ea_personalized;inst03_chordal_n60_k8_d065_s1003;experiments\20260618_124336_best_configs\instances\inst03_chordal_n60_k8_d065_s1003.txt;chordal;60;8;148;0.65;1003;42;50000;28;497;0;0;3460.24;7636.721814;generation
0013_ea_personalized_inst03_chordal_n60_k8_d065_s1003_s42;ea_personalized;inst03_chordal_n60_k8_d065_s1003;experiments\20260618_124336_best_configs\instances\inst03_chordal_n60_k8_d065_s1003.txt;chordal;60;8;148;0.65;1003;42;50000;29;520;0;0;3974.06;7381.339367;generation
0013_ea_personalized_inst03_chordal_n60_k8_d065_s1003_s42;ea_personalized;inst03_chordal_n60_k8_d065_s1003;experiments\20260618_124336_best_configs\instances\inst03_chordal_n60_k8_d065_s1003.txt;chordal;60;8;148;0.65;1003;42;50000;30;533;0;0;3710.83;7937.668086;generation
0013_ea_personalized_inst03_chordal_n60_k8_d065_s1003_s42;ea_personalized;inst03_chordal_n60_k8_d065_s1003;experiments\20260618_124336_best_configs\instances\inst03_chordal_n60_k8_d065_s1003.txt;chordal;60;8;148;0.65;1003;42;50000;31;551;0;0;5497.15;11031.7974;generation
0013_ea_personalized_inst03_chordal_n60_k8_d065_s1003_s42;ea_personalized;inst03_chordal_n60_k8_d065_s1003;experiments\20260618_124336_best_configs\instances\inst03_chordal_n60_k8_d065_s1003.txt;chordal;60;8;148;0.65;1003;42;50000;32;569;0;0;4222.31;7887.902713;generation
0013_ea_personalized_inst03_chordal_n60_k8_d065_s1003_s42;ea_personalized;inst03_chordal_n60_k8_d065_s1003;experiments\20260618_124336_best_configs\instances\inst03_chordal_n60_k8_d065_s1003.txt;chordal;60;8;148;0.65;1003;42;50000;33;585;0;0;3969.11;6926.057314;generation
0013_ea_personalized_inst03_chordal_n60_k8_d065_s1003_s42;ea_personalized;inst03_chordal_n60_k8_d065_s1003;experiments\20260618_124336_best_configs\instances\inst03_chordal_n60_k8_d065_s1003.txt;chordal;60;8;148;0.65;1003;42;50000;34;602;0;0;4224.27;8486.272012;generation
0013_ea_personalized_inst03_chordal_n60_k8_d065_s1003_s42;ea_personalized;inst03_chordal_n60_k8_d065_s1003;experiments\20260618_124336_best_configs\instances\inst03_chordal_n60_k8_d065_s1003.txt;chordal;60;8;148;0.65;1003;42;50000;35;620;0;0;3845.11;7769.690904;generation
0013_ea_personalized_inst03_chordal_n60_k8_d065_s1003_s42;ea_personalized;inst03_chordal_n60_k8_d065_s1003;experiments\20260618_124336_best_configs\instances\inst03_chordal_n60_k8_d065_s1003.txt;chordal;60;8;148;0.65;1003;42;50000;36;640;0;0;3715.77;7292.289297;generation
0013_ea_personalized_inst03_chordal_n60_k8_d065_s1003_s42;ea_personalized;inst03_chordal_n60_k8_d065_s1003;experiments\20260618_124336_best_configs\instances\inst03_chordal_n60_k8_d065_s1003.txt;chordal;60;8;148;0.65;1003;42;50000;37;650;0;0;4482.22;7536.952186;generation
0013_ea_personalized_inst03_chordal_n60_k8_d065_s1003_s42;ea_personalized;inst03_chordal_n60_k8_d065_s1003;experiments\20260618_124336_best_configs\instances\inst03_chordal_n60_k8_d065_s1003.txt;chordal;60;8;148;0.65;1003;42;50000;38;665;0;0;3461.12;8050.606348;generation
0013_ea_personalized_inst03_chordal_n60_k8_d065_s1003_s42;ea_personalized;inst03_chordal_n60_k8_d065_s1003;experiments\20260618_124336_best_configs\instances\inst03_chordal_n60_k8_d065_s1003.txt;chordal;60;8;148;0.65;1003;42;50000;39;681;0;0;3453.76;7636.850757;generation
0013_ea_personalized_inst03_chordal_n60_k8_d065_s1003_s42;ea_personalized;inst03_chordal_n60_k8_d065_s1003;experiments\20260618_124336_best_configs\instances\inst03_chordal_n60_k8_d065_s1003.txt;chordal;60;8;148;0.65;1003;42;50000;40;697;0;0;4348.71;8324.741449;generation
0013_ea_personalized_inst03_chordal_n60_k8_d065_s1003_s42;ea_personalized;inst03_chordal_n60_k8_d065_s1003;experiments\20260618_124336_best_configs\instances\inst03_chordal_n60_k8_d065_s1003.txt;chordal;60;8;148;0.65;1003;42;50000;41;711;0;0;3965.65;7813.612727;generation
0013_ea_personalized_inst03_chordal_n60_k8_d065_s1003_s42;ea_personalized;inst03_chordal_n60_k8_d065_s1003;experiments\20260618_124336_best_configs\instances\inst03_chordal_n60_k8_d065_s1003.txt;chordal;60;8;148;0.65;1003;42;50000;42;732;0;0;3070.68;6546.150893;generation
0013_ea_personalized_inst03_chordal_n60_k8_d065_s1003_s42;ea_personalized;inst03_chordal_n60_k8_d065_s1003;experiments\20260618_124336_best_configs\instances\inst03_chordal_n60_k8_d065_s1003.txt;chordal;60;8;148;0.65;1003;42;50000;43;747;0;0;3582.17;7893.740337;generation
0013_ea_personalized_inst03_chordal_n60_k8_d065_s1003_s42;ea_personalized;inst03_chordal_n60_k8_d065_s1003;experiments\20260618_124336_best_configs\instances\inst03_chordal_n60_k8_d065_s1003.txt;chordal;60;8;148;0.65;1003;42;50000;44;758;0;0;5242.2;9055.541972;generation
0013_ea_personalized_inst03_chordal_n60_k8_d065_s1003_s42;ea_personalized;inst03_chordal_n60_k8_d065_s1003;experiments\20260618_124336_best_configs\instances\inst03_chordal_n60_k8_d065_s1003.txt;chordal;60;8;148;0.65;1003;42;50000;45;768;0;0;3838.59;8379.276253;generation
0013_ea_personalized_inst03_chordal_n60_k8_d065_s1003_s42;ea_personalized;inst03_chordal_n60_k8_d065_s1003;experiments\20260618_124336_best_configs\instances\inst03_chordal_n60_k8_d065_s1003.txt;chordal;60;8;148;0.65;1003;42;50000;46;783;0;0;2946.38;6220.440994;generation
0013_ea_personalized_inst03_chordal_n60_k8_d065_s1003_s42;ea_personalized;inst03_chordal_n60_k8_d065_s1003;experiments\20260618_124336_best_configs\instances\inst03_chordal_n60_k8_d065_s1003.txt;chordal;60;8;148;0.65;1003;42;50000;47;799;0;0;4741.54;8009.533822;generation
0013_ea_personalized_inst03_chordal_n60_k8_d065_s1003_s42;ea_personalized;inst03_chordal_n60_k8_d065_s1003;experiments\20260618_124336_best_configs\instances\inst03_chordal_n60_k8_d065_s1003.txt;chordal;60;8;148;0.65;1003;42;50000;48;813;0;0;2436.7;6926.537541;generation
0013_ea_personalized_inst03_chordal_n60_k8_d065_s1003_s42;ea_personalized;inst03_chordal_n60_k8_d065_s1003;experiments\20260618_124336_best_configs\instances\inst03_chordal_n60_k8_d065_s1003.txt;chordal;60;8;148;0.65;1003;42;50000;49;830;0;0;3970.25;8020.869064;generation
0013_ea_personalized_inst03_chordal_n60_k8_d065_s1003_s42;ea_personalized;inst03_chordal_n60_k8_d065_s1003;experiments\20260618_124336_best_configs\instances\inst03_chordal_n60_k8_d065_s1003.txt;chordal;60;8;148;0.65;1003;42;50000;50;843;0;0;4612.57;10302.51173;generation
0013_ea_personalized_inst03_chordal_n60_k8_d065_s1003_s42;ea_personalized;inst03_chordal_n60_k8_d065_s1003;experiments\20260618_124336_best_configs\instances\inst03_chordal_n60_k8_d065_s1003.txt;chordal;60;8;148;0.65;1003;42;50000;51;859;0;0;3970;7158.507178;generation
0013_ea_personalized_inst03_chordal_n60_k8_d065_s1003_s42;ea_personalized;inst03_chordal_n60_k8_d065_s1003;experiments\20260618_124336_best_configs\instances\inst03_chordal_n60_k8_d065_s1003.txt;chordal;60;8;148;0.65;1003;42;50000;52;879;0;0;6267.16;9645.888503;generation
0013_ea_personalized_inst03_chordal_n60_k8_d065_s1003_s42;ea_personalized;inst03_chordal_n60_k8_d065_s1003;experiments\20260618_124336_best_configs\instances\inst03_chordal_n60_k8_d065_s1003.txt;chordal;60;8;148;0.65;1003;42;50000;53;894;0;0;4863.68;8997.506092;generation
0013_ea_personalized_inst03_chordal_n60_k8_d065_s1003_s42;ea_personalized;inst03_chordal_n60_k8_d065_s1003;experiments\20260618_124336_best_configs\instances\inst03_chordal_n60_k8_d065_s1003.txt;chordal;60;8;148;0.65;1003;42;50000;54;905;0;0;5246.41;8869.315605;generation
0013_ea_personalized_inst03_chordal_n60_k8_d065_s1003_s42;ea_personalized;inst03_chordal_n60_k8_d065_s1003;experiments\20260618_124336_best_configs\instances\inst03_chordal_n60_k8_d065_s1003.txt;chordal;60;8;148;0.65;1003;42;50000;55;924;0;0;4225.14;7009.394505;generation
0013_ea_personalized_inst03_chordal_n60_k8_d065_s1003_s42;ea_personalized;inst03_chordal_n60_k8_d065_s1003;experiments\20260618_124336_best_configs\instances\inst03_chordal_n60_k8_d065_s1003.txt;chordal;60;8;148;0.65;1003;42;50000;56;942;0;0;4863.7;8623.382332;generation
0013_ea_personalized_inst03_chordal_n60_k8_d065_s1003_s42;ea_personalized;inst03_chordal_n60_k8_d065_s1003;experiments\20260618_124336_best_configs\instances\inst03_chordal_n60_k8_d065_s1003.txt;chordal;60;8;148;0.65;1003;42;50000;57;958;0;0;3713.53;8337.918093;generation
0013_ea_personalized_inst03_chordal_n60_k8_d065_s1003_s42;ea_personalized;inst03_chordal_n60_k8_d065_s1003;experiments\20260618_124336_best_configs\instances\inst03_chordal_n60_k8_d065_s1003.txt;chordal;60;8;148;0.65;1003;42;50000;58;975;0;0;3073.03;6025.999936;generation
0013_ea_personalized_inst03_chordal_n60_k8_d065_s1003_s42;ea_personalized;inst03_chordal_n60_k8_d065_s1003;experiments\20260618_124336_best_configs\instances\inst03_chordal_n60_k8_d065_s1003.txt;chordal;60;8;148;0.65;1003;42;50000;59;1000;0;0;5119.98;9038.083254;generation
0013_ea_personalized_inst03_chordal_n60_k8_d065_s1003_s42;ea_personalized;inst03_chordal_n60_k8_d065_s1003;experiments\20260618_124336_best_configs\instances\inst03_chordal_n60_k8_d065_s1003.txt;chordal;60;8;148;0.65;1003;42;50000;60;1024;0;0;3199.79;6850.957687;generation
0013_ea_personalized_inst03_chordal_n60_k8_d065_s1003_s42;ea_personalized;inst03_chordal_n60_k8_d065_s1003;experiments\20260618_124336_best_configs\instances\inst03_chordal_n60_k8_d065_s1003.txt;chordal;60;8;148;0.65;1003;42;50000;61;1046;0;0;4609.41;8574.732103;generation
0013_ea_personalized_inst03_chordal_n60_k8_d065_s1003_s42;ea_personalized;inst03_chordal_n60_k8_d065_s1003;experiments\20260618_124336_best_configs\instances\inst03_chordal_n60_k8_d065_s1003.txt;chordal;60;8;148;0.65;1003;42;50000;62;1071;0;0;3970.57;7811.003845;generation
0013_ea_personalized_inst03_chordal_n60_k8_d065_s1003_s42;ea_personalized;inst03_chordal_n60_k8_d065_s1003;experiments\20260618_124336_best_configs\instances\inst03_chordal_n60_k8_d065_s1003.txt;chordal;60;8;148;0.65;1003;42;50000;63;1091;0;0;3589.61;7245.085683;generation
0013_ea_personalized_inst03_chordal_n60_k8_d065_s1003_s42;ea_personalized;inst03_chordal_n60_k8_d065_s1003;experiments\20260618_124336_best_configs\instances\inst03_chordal_n60_k8_d065_s1003.txt;chordal;60;8;148;0.65;1003;42;50000;64;1116;0;0;4095.78;8259.015177;generation
0013_ea_personalized_inst03_chordal_n60_k8_d065_s1003_s42;ea_personalized;inst03_chordal_n60_k8_d065_s1003;experiments\20260618_124336_best_configs\instances\inst03_chordal_n60_k8_d065_s1003.txt;chordal;60;8;148;0.65;1003;42;50000;65;1143;0;0;3844.37;7771.173255;generation
0013_ea_personalized_inst03_chordal_n60_k8_d065_s1003_s42;ea_personalized;inst03_chordal_n60_k8_d065_s1003;experiments\20260618_124336_best_configs\instances\inst03_chordal_n60_k8_d065_s1003.txt;chordal;60;8;148;0.65;1003;42;50000;66;1171;0;0;4350.57;8707.372433;generation
0013_ea_personalized_inst03_chordal_n60_k8_d065_s1003_s42;ea_personalized;inst03_chordal_n60_k8_d065_s1003;experiments\20260618_124336_best_configs\instances\inst03_chordal_n60_k8_d065_s1003.txt;chordal;60;8;148;0.65;1003;42;50000;67;1197;0;0;3709.42;7729.795694;generation
0013_ea_personalized_inst03_chordal_n60_k8_d065_s1003_s42;ea_personalized;inst03_chordal_n60_k8_d065_s1003;experiments\20260618_124336_best_configs\instances\inst03_chordal_n60_k8_d065_s1003.txt;chordal;60;8;148;0.65;1003;42;50000;68;1218;0;0;3457.4;6963.378251;generation
0013_ea_personalized_inst03_chordal_n60_k8_d065_s1003_s42;ea_personalized;inst03_chordal_n60_k8_d065_s1003;experiments\20260618_124336_best_configs\instances\inst03_chordal_n60_k8_d065_s1003.txt;chordal;60;8;148;0.65;1003;42;50000;69;1238;0;0;4221.73;8092.492397;generation
0013_ea_personalized_inst03_chordal_n60_k8_d065_s1003_s42;ea_personalized;inst03_chordal_n60_k8_d065_s1003;experiments\20260618_124336_best_configs\instances\inst03_chordal_n60_k8_d065_s1003.txt;chordal;60;8;148;0.65;1003;42;50000;70;1256;0;0;4988.45;9715.332434;generation
0013_ea_personalized_inst03_chordal_n60_k8_d065_s1003_s42;ea_personalized;inst03_chordal_n60_k8_d065_s1003;experiments\20260618_124336_best_configs\instances\inst03_chordal_n60_k8_d065_s1003.txt;chordal;60;8;148;0.65;1003;42;50000;71;1274;0;0;4734.89;8408.831891;generation
0013_ea_personalized_inst03_chordal_n60_k8_d065_s1003_s42;ea_personalized;inst03_chordal_n60_k8_d065_s1003;experiments\20260618_124336_best_configs\instances\inst03_chordal_n60_k8_d065_s1003.txt;chordal;60;8;148;0.65;1003;42;50000;72;1298;0;0;2945.31;6480.335332;generation
0013_ea_personalized_inst03_chordal_n60_k8_d065_s1003_s42;ea_personalized;inst03_chordal_n60_k8_d065_s1003;experiments\20260618_124336_best_configs\instances\inst03_chordal_n60_k8_d065_s1003.txt;chordal;60;8;148;0.65;1003;42;50000;73;1324;0;0;4733.34;10169.03254;generation
0013_ea_personalized_inst03_chordal_n60_k8_d065_s1003_s42;ea_personalized;inst03_chordal_n60_k8_d065_s1003;experiments\20260618_124336_best_configs\instances\inst03_chordal_n60_k8_d065_s1003.txt;chordal;60;8;148;0.65;1003;42;50000;74;1345;0;0;5248.6;7683.191064;generation
0013_ea_personalized_inst03_chordal_n60_k8_d065_s1003_s42;ea_personalized;inst03_chordal_n60_k8_d065_s1003;experiments\20260618_124336_best_configs\instances\inst03_chordal_n60_k8_d065_s1003.txt;chordal;60;8;148;0.65;1003;42;50000;75;1365;0;0;2568.1;5417.579228;generation
0013_ea_personalized_inst03_chordal_n60_k8_d065_s1003_s42;ea_personalized;inst03_chordal_n60_k8_d065_s1003;experiments\20260618_124336_best_configs\instances\inst03_chordal_n60_k8_d065_s1003.txt;chordal;60;8;148;0.65;1003;42;50000;76;1385;0;0;4479;8355.229318;generation
0013_ea_personalized_inst03_chordal_n60_k8_d065_s1003_s42;ea_personalized;inst03_chordal_n60_k8_d065_s1003;experiments\20260618_124336_best_configs\instances\inst03_chordal_n60_k8_d065_s1003.txt;chordal;60;8;148;0.65;1003;42;50000;77;1405;0;0;3075.63;7024.994214;generation
0013_ea_personalized_inst03_chordal_n60_k8_d065_s1003_s42;ea_personalized;inst03_chordal_n60_k8_d065_s1003;experiments\20260618_124336_best_configs\instances\inst03_chordal_n60_k8_d065_s1003.txt;chordal;60;8;148;0.65;1003;42;50000;78;1429;0;0;4353.3;8322.312666;generation
0013_ea_personalized_inst03_chordal_n60_k8_d065_s1003_s42;ea_personalized;inst03_chordal_n60_k8_d065_s1003;experiments\20260618_124336_best_configs\instances\inst03_chordal_n60_k8_d065_s1003.txt;chordal;60;8;148;0.65;1003;42;50000;79;1447;0;0;3203.65;6606.394946;generation
0013_ea_personalized_inst03_chordal_n60_k8_d065_s1003_s42;ea_personalized;inst03_chordal_n60_k8_d065_s1003;experiments\20260618_124336_best_configs\instances\inst03_chordal_n60_k8_d065_s1003.txt;chordal;60;8;148;0.65;1003;42;50000;80;1468;0;0;4611;8379.699998;generation
0013_ea_personalized_inst03_chordal_n60_k8_d065_s1003_s42;ea_personalized;inst03_chordal_n60_k8_d065_s1003;experiments\20260618_124336_best_configs\instances\inst03_chordal_n60_k8_d065_s1003.txt;chordal;60;8;148;0.65;1003;42;50000;81;1490;0;0;4609.78;8382.997075;generation
0013_ea_personalized_inst03_chordal_n60_k8_d065_s1003_s42;ea_personalized;inst03_chordal_n60_k8_d065_s1003;experiments\20260618_124336_best_configs\instances\inst03_chordal_n60_k8_d065_s1003.txt;chordal;60;8;148;0.65;1003;42;50000;82;1516;0;0;4735.59;9332.813649;generation
0013_ea_personalized_inst03_chordal_n60_k8_d065_s1003_s42;ea_personalized;inst03_chordal_n60_k8_d065_s1003;experiments\20260618_124336_best_configs\instances\inst03_chordal_n60_k8_d065_s1003.txt;chordal;60;8;148;0.65;1003;42;50000;83;1557;0;0;2817.88;6658.351528;generation
0013_ea_personalized_inst03_chordal_n60_k8_d065_s1003_s42;ea_personalized;inst03_chordal_n60_k8_d065_s1003;experiments\20260618_124336_best_configs\instances\inst03_chordal_n60_k8_d065_s1003.txt;chordal;60;8;148;0.65;1003;42;50000;84;1583;0;0;4481.64;7743.373316;generation
0013_ea_personalized_inst03_chordal_n60_k8_d065_s1003_s42;ea_personalized;inst03_chordal_n60_k8_d065_s1003;experiments\20260618_124336_best_configs\instances\inst03_chordal_n60_k8_d065_s1003.txt;chordal;60;8;148;0.65;1003;42;50000;85;1605;0;0;4228.58;7884.775723;generation
0013_ea_personalized_inst03_chordal_n60_k8_d065_s1003_s42;ea_personalized;inst03_chordal_n60_k8_d065_s1003;experiments\20260618_124336_best_configs\instances\inst03_chordal_n60_k8_d065_s1003.txt;chordal;60;8;148;0.65;1003;42;50000;86;1626;0;0;4868.74;8991.733304;generation
0013_ea_personalized_inst03_chordal_n60_k8_d065_s1003_s42;ea_personalized;inst03_chordal_n60_k8_d065_s1003;experiments\20260618_124336_best_configs\instances\inst03_chordal_n60_k8_d065_s1003.txt;chordal;60;8;148;0.65;1003;42;50000;87;1649;0;0;4097.41;8066.512975;generation
0013_ea_personalized_inst03_chordal_n60_k8_d065_s1003_s42;ea_personalized;inst03_chordal_n60_k8_d065_s1003;experiments\20260618_124336_best_configs\instances\inst03_chordal_n60_k8_d065_s1003.txt;chordal;60;8;148;0.65;1003;42;50000;88;1674;0;0;4731.4;8012.159814;generation
0013_ea_personalized_inst03_chordal_n60_k8_d065_s1003_s42;ea_personalized;inst03_chordal_n60_k8_d065_s1003;experiments\20260618_124336_best_configs\instances\inst03_chordal_n60_k8_d065_s1003.txt;chordal;60;8;148;0.65;1003;42;50000;89;1693;0;0;4478.18;7312.48198;generation
0013_ea_personalized_inst03_chordal_n60_k8_d065_s1003_s42;ea_personalized;inst03_chordal_n60_k8_d065_s1003;experiments\20260618_124336_best_configs\instances\inst03_chordal_n60_k8_d065_s1003.txt;chordal;60;8;148;0.65;1003;42;50000;90;1714;0;0;4350.19;8708.154064;generation
0013_ea_personalized_inst03_chordal_n60_k8_d065_s1003_s42;ea_personalized;inst03_chordal_n60_k8_d065_s1003;experiments\20260618_124336_best_configs\instances\inst03_chordal_n60_k8_d065_s1003.txt;chordal;60;8;148;0.65;1003;42;50000;91;1729;0;0;4994.22;9369.581036;generation
0013_ea_personalized_inst03_chordal_n60_k8_d065_s1003_s42;ea_personalized;inst03_chordal_n60_k8_d065_s1003;experiments\20260618_124336_best_configs\instances\inst03_chordal_n60_k8_d065_s1003.txt;chordal;60;8;148;0.65;1003;42;50000;92;1742;0;0;4096.16;9192.468581;generation
0013_ea_personalized_inst03_chordal_n60_k8_d065_s1003_s42;ea_personalized;inst03_chordal_n60_k8_d065_s1003;experiments\20260618_124336_best_configs\instances\inst03_chordal_n60_k8_d065_s1003.txt;chordal;60;8;148;0.65;1003;42;50000;93;1756;0;0;3965.6;7385.153454;generation
0013_ea_personalized_inst03_chordal_n60_k8_d065_s1003_s42;ea_personalized;inst03_chordal_n60_k8_d065_s1003;experiments\20260618_124336_best_configs\instances\inst03_chordal_n60_k8_d065_s1003.txt;chordal;60;8;148;0.65;1003;42;50000;94;1776;0;0;4095.49;8056.582838;generation
0013_ea_personalized_inst03_chordal_n60_k8_d065_s1003_s42;ea_personalized;inst03_chordal_n60_k8_d065_s1003;experiments\20260618_124336_best_configs\instances\inst03_chordal_n60_k8_d065_s1003.txt;chordal;60;8;148;0.65;1003;42;50000;95;1797;0;0;4093.01;7641.586354;generation
0013_ea_personalized_inst03_chordal_n60_k8_d065_s1003_s42;ea_personalized;inst03_chordal_n60_k8_d065_s1003;experiments\20260618_124336_best_configs\instances\inst03_chordal_n60_k8_d065_s1003.txt;chordal;60;8;148;0.65;1003;42;50000;96;1811;0;0;3967.14;8220.279669;generation
0013_ea_personalized_inst03_chordal_n60_k8_d065_s1003_s42;ea_personalized;inst03_chordal_n60_k8_d065_s1003;experiments\20260618_124336_best_configs\instances\inst03_chordal_n60_k8_d065_s1003.txt;chordal;60;8;148;0.65;1003;42;50000;97;1826;0;0;4861.78;8628.974809;generation
0013_ea_personalized_inst03_chordal_n60_k8_d065_s1003_s42;ea_personalized;inst03_chordal_n60_k8_d065_s1003;experiments\20260618_124336_best_configs\instances\inst03_chordal_n60_k8_d065_s1003.txt;chordal;60;8;148;0.65;1003;42;50000;98;1837;0;0;5119.8;9731.216243;generation
0013_ea_personalized_inst03_chordal_n60_k8_d065_s1003_s42;ea_personalized;inst03_chordal_n60_k8_d065_s1003;experiments\20260618_124336_best_configs\instances\inst03_chordal_n60_k8_d065_s1003.txt;chordal;60;8;148;0.65;1003;42;50000;99;1852;0;0;3200.57;7086.232978;generation
0013_ea_personalized_inst03_chordal_n60_k8_d065_s1003_s42;ea_personalized;inst03_chordal_n60_k8_d065_s1003;experiments\20260618_124336_best_configs\instances\inst03_chordal_n60_k8_d065_s1003.txt;chordal;60;8;148;0.65;1003;42;50000;100;1867;0;0;3203.38;7311.51034;generation
0013_ea_personalized_inst03_chordal_n60_k8_d065_s1003_s42;ea_personalized;inst03_chordal_n60_k8_d065_s1003;experiments\20260618_124336_best_configs\instances\inst03_chordal_n60_k8_d065_s1003.txt;chordal;60;8;148;0.65;1003;42;50000;101;1882;0;0;3201.44;6613.351614;generation
0013_ea_personalized_inst03_chordal_n60_k8_d065_s1003_s42;ea_personalized;inst03_chordal_n60_k8_d065_s1003;experiments\20260618_124336_best_configs\instances\inst03_chordal_n60_k8_d065_s1003.txt;chordal;60;8;148;0.65;1003;42;50000;102;1895;0;0;5629.86;8725.108168;generation
0013_ea_personalized_inst03_chordal_n60_k8_d065_s1003_s42;ea_personalized;inst03_chordal_n60_k8_d065_s1003;experiments\20260618_124336_best_configs\instances\inst03_chordal_n60_k8_d065_s1003.txt;chordal;60;8;148;0.65;1003;42;50000;103;1908;0;0;3708.9;6833.776724;generation
0013_ea_personalized_inst03_chordal_n60_k8_d065_s1003_s42;ea_personalized;inst03_chordal_n60_k8_d065_s1003;experiments\20260618_124336_best_configs\instances\inst03_chordal_n60_k8_d065_s1003.txt;chordal;60;8;148;0.65;1003;42;50000;104;1918;0;0;4607.2;7775.531456;generation
0013_ea_personalized_inst03_chordal_n60_k8_d065_s1003_s42;ea_personalized;inst03_chordal_n60_k8_d065_s1003;experiments\20260618_124336_best_configs\instances\inst03_chordal_n60_k8_d065_s1003.txt;chordal;60;8;148;0.65;1003;42;50000;105;1929;0;0;5628.2;9093.848308;generation
0013_ea_personalized_inst03_chordal_n60_k8_d065_s1003_s42;ea_personalized;inst03_chordal_n60_k8_d065_s1003;experiments\20260618_124336_best_configs\instances\inst03_chordal_n60_k8_d065_s1003.txt;chordal;60;8;148;0.65;1003;42;50000;106;1940;0;0;4226.98;8674.982368;generation
0013_ea_personalized_inst03_chordal_n60_k8_d065_s1003_s42;ea_personalized;inst03_chordal_n60_k8_d065_s1003;experiments\20260618_124336_best_configs\instances\inst03_chordal_n60_k8_d065_s1003.txt;chordal;60;8;148;0.65;1003;42;50000;107;1951;0;0;2693.53;5515.018275;generation
0013_ea_personalized_inst03_chordal_n60_k8_d065_s1003_s42;ea_personalized;inst03_chordal_n60_k8_d065_s1003;experiments\20260618_124336_best_configs\instances\inst03_chordal_n60_k8_d065_s1003.txt;chordal;60;8;148;0.65;1003;42;50000;108;1967;0;0;4351.26;7048.723481;generation
0013_ea_personalized_inst03_chordal_n60_k8_d065_s1003_s42;ea_personalized;inst03_chordal_n60_k8_d065_s1003;experiments\20260618_124336_best_configs\instances\inst03_chordal_n60_k8_d065_s1003.txt;chordal;60;8;148;0.65;1003;42;50000;109;1978;0;0;3965.04;8797.21853;generation
0013_ea_personalized_inst03_chordal_n60_k8_d065_s1003_s42;ea_personalized;inst03_chordal_n60_k8_d065_s1003;experiments\20260618_124336_best_configs\instances\inst03_chordal_n60_k8_d065_s1003.txt;chordal;60;8;148;0.65;1003;42;50000;110;1988;0;0;3710.51;7730.218324;generation
0013_ea_personalized_inst03_chordal_n60_k8_d065_s1003_s42;ea_personalized;inst03_chordal_n60_k8_d065_s1003;experiments\20260618_124336_best_configs\instances\inst03_chordal_n60_k8_d065_s1003.txt;chordal;60;8;148;0.65;1003;42;50000;111;1999;0;0;5243.15;9406.99167;generation
0013_ea_personalized_inst03_chordal_n60_k8_d065_s1003_s42;ea_personalized;inst03_chordal_n60_k8_d065_s1003;experiments\20260618_124336_best_configs\instances\inst03_chordal_n60_k8_d065_s1003.txt;chordal;60;8;148;0.65;1003;42;50000;112;2010;0;0;3967.86;7600.393646;generation
0013_ea_personalized_inst03_chordal_n60_k8_d065_s1003_s42;ea_personalized;inst03_chordal_n60_k8_d065_s1003;experiments\20260618_124336_best_configs\instances\inst03_chordal_n60_k8_d065_s1003.txt;chordal;60;8;148;0.65;1003;42;50000;113;2020;0;0;3838.92;7559.029974;generation
0013_ea_personalized_inst03_chordal_n60_k8_d065_s1003_s42;ea_personalized;inst03_chordal_n60_k8_d065_s1003;experiments\20260618_124336_best_configs\instances\inst03_chordal_n60_k8_d065_s1003.txt;chordal;60;8;148;0.65;1003;42;50000;114;2031;0;0;4482.32;7310.172906;generation
0013_ea_personalized_inst03_chordal_n60_k8_d065_s1003_s42;ea_personalized;inst03_chordal_n60_k8_d065_s1003;experiments\20260618_124336_best_configs\instances\inst03_chordal_n60_k8_d065_s1003.txt;chordal;60;8;148;0.65;1003;42;50000;115;2043;0;0;3463.48;7193.243973;generation
0013_ea_personalized_inst03_chordal_n60_k8_d065_s1003_s42;ea_personalized;inst03_chordal_n60_k8_d065_s1003;experiments\20260618_124336_best_configs\instances\inst03_chordal_n60_k8_d065_s1003.txt;chordal;60;8;148;0.65;1003;42;50000;116;2055;0;0;3837.01;7342.676983;generation
0013_ea_personalized_inst03_chordal_n60_k8_d065_s1003_s42;ea_personalized;inst03_chordal_n60_k8_d065_s1003;experiments\20260618_124336_best_configs\instances\inst03_chordal_n60_k8_d065_s1003.txt;chordal;60;8;148;0.65;1003;42;50000;117;2065;0;0;6391.17;9479.001403;generation
0013_ea_personalized_inst03_chordal_n60_k8_d065_s1003_s42;ea_personalized;inst03_chordal_n60_k8_d065_s1003;experiments\20260618_124336_best_configs\instances\inst03_chordal_n60_k8_d065_s1003.txt;chordal;60;8;148;0.65;1003;42;50000;118;2076;0;0;3970.49;8221.85568;generation
0013_ea_personalized_inst03_chordal_n60_k8_d065_s1003_s42;ea_personalized;inst03_chordal_n60_k8_d065_s1003;experiments\20260618_124336_best_configs\instances\inst03_chordal_n60_k8_d065_s1003.txt;chordal;60;8;148;0.65;1003;42;50000;119;2090;0;0;4732.86;7592.93887;generation
0013_ea_personalized_inst03_chordal_n60_k8_d065_s1003_s42;ea_personalized;inst03_chordal_n60_k8_d065_s1003;experiments\20260618_124336_best_configs\instances\inst03_chordal_n60_k8_d065_s1003.txt;chordal;60;8;148;0.65;1003;42;50000;120;2099;0;0;4736.68;9328.018753;generation
0013_ea_personalized_inst03_chordal_n60_k8_d065_s1003_s42;ea_personalized;inst03_chordal_n60_k8_d065_s1003;experiments\20260618_124336_best_configs\instances\inst03_chordal_n60_k8_d065_s1003.txt;chordal;60;8;148;0.65;1003;42;50000;121;2112;0;0;3330;7585.41454;generation
0013_ea_personalized_inst03_chordal_n60_k8_d065_s1003_s42;ea_personalized;inst03_chordal_n60_k8_d065_s1003;experiments\20260618_124336_best_configs\instances\inst03_chordal_n60_k8_d065_s1003.txt;chordal;60;8;148;0.65;1003;42;50000;122;2123;0;0;5372.74;8702.363704;generation
0013_ea_personalized_inst03_chordal_n60_k8_d065_s1003_s42;ea_personalized;inst03_chordal_n60_k8_d065_s1003;experiments\20260618_124336_best_configs\instances\inst03_chordal_n60_k8_d065_s1003.txt;chordal;60;8;148;0.65;1003;42;50000;123;2140;0;0;3581.13;6535.750565;generation
0013_ea_personalized_inst03_chordal_n60_k8_d065_s1003_s42;ea_personalized;inst03_chordal_n60_k8_d065_s1003;experiments\20260618_124336_best_configs\instances\inst03_chordal_n60_k8_d065_s1003.txt;chordal;60;8;148;0.65;1003;42;50000;124;2154;0;0;4862.25;8624.383741;generation
0013_ea_personalized_inst03_chordal_n60_k8_d065_s1003_s42;ea_personalized;inst03_chordal_n60_k8_d065_s1003;experiments\20260618_124336_best_configs\instances\inst03_chordal_n60_k8_d065_s1003.txt;chordal;60;8;148;0.65;1003;42;50000;125;2166;0;0;4476.99;9456.178764;generation
0013_ea_personalized_inst03_chordal_n60_k8_d065_s1003_s42;ea_personalized;inst03_chordal_n60_k8_d065_s1003;experiments\20260618_124336_best_configs\instances\inst03_chordal_n60_k8_d065_s1003.txt;chordal;60;8;148;0.65;1003;42;50000;126;2178;0;0;3971.87;8016.786296;generation
0013_ea_personalized_inst03_chordal_n60_k8_d065_s1003_s42;ea_personalized;inst03_chordal_n60_k8_d065_s1003;experiments\20260618_124336_best_configs\instances\inst03_chordal_n60_k8_d065_s1003.txt;chordal;60;8;148;0.65;1003;42;50000;127;2189;0;0;3455.88;6964.65082;generation
0013_ea_personalized_inst03_chordal_n60_k8_d065_s1003_s42;ea_personalized;inst03_chordal_n60_k8_d065_s1003;experiments\20260618_124336_best_configs\instances\inst03_chordal_n60_k8_d065_s1003.txt;chordal;60;8;148;0.65;1003;42;50000;128;2200;0;0;4994.78;9015.425687;generation
0013_ea_personalized_inst03_chordal_n60_k8_d065_s1003_s42;ea_personalized;inst03_chordal_n60_k8_d065_s1003;experiments\20260618_124336_best_configs\instances\inst03_chordal_n60_k8_d065_s1003.txt;chordal;60;8;148;0.65;1003;42;50000;129;2228;0;0;3968.56;8220.079894;generation
0013_ea_personalized_inst03_chordal_n60_k8_d065_s1003_s42;ea_personalized;inst03_chordal_n60_k8_d065_s1003;experiments\20260618_124336_best_configs\instances\inst03_chordal_n60_k8_d065_s1003.txt;chordal;60;8;148;0.65;1003;42;50000;130;2243;0;0;4604.74;8577.22967;generation
0013_ea_personalized_inst03_chordal_n60_k8_d065_s1003_s42;ea_personalized;inst03_chordal_n60_k8_d065_s1003;experiments\20260618_124336_best_configs\instances\inst03_chordal_n60_k8_d065_s1003.txt;chordal;60;8;148;0.65;1003;42;50000;131;2252;0;0;4862.17;8236.881843;generation
0013_ea_personalized_inst03_chordal_n60_k8_d065_s1003_s42;ea_personalized;inst03_chordal_n60_k8_d065_s1003;experiments\20260618_124336_best_configs\instances\inst03_chordal_n60_k8_d065_s1003.txt;chordal;60;8;148;0.65;1003;42;50000;132;2268;0;0;4096.35;7425.696171;generation
0013_ea_personalized_inst03_chordal_n60_k8_d065_s1003_s42;ea_personalized;inst03_chordal_n60_k8_d065_s1003;experiments\20260618_124336_best_configs\instances\inst03_chordal_n60_k8_d065_s1003.txt;chordal;60;8;148;0.65;1003;42;50000;133;2279;0;0;3839.54;7979.790301;generation
0013_ea_personalized_inst03_chordal_n60_k8_d065_s1003_s42;ea_personalized;inst03_chordal_n60_k8_d065_s1003;experiments\20260618_124336_best_configs\instances\inst03_chordal_n60_k8_d065_s1003.txt;chordal;60;8;148;0.65;1003;42;50000;134;2291;0;0;2048.9;5020.56729;generation
0013_ea_personalized_inst03_chordal_n60_k8_d065_s1003_s42;ea_personalized;inst03_chordal_n60_k8_d065_s1003;experiments\20260618_124336_best_configs\instances\inst03_chordal_n60_k8_d065_s1003.txt;chordal;60;8;148;0.65;1003;42;50000;135;2301;0;0;3712.49;6830.832615;generation
0013_ea_personalized_inst03_chordal_n60_k8_d065_s1003_s42;ea_personalized;inst03_chordal_n60_k8_d065_s1003;experiments\20260618_124336_best_configs\instances\inst03_chordal_n60_k8_d065_s1003.txt;chordal;60;8;148;0.65;1003;42;50000;136;2314;0;0;4985.74;10366.2542;generation
0013_ea_personalized_inst03_chordal_n60_k8_d065_s1003_s42;ea_personalized;inst03_chordal_n60_k8_d065_s1003;experiments\20260618_124336_best_configs\instances\inst03_chordal_n60_k8_d065_s1003.txt;chordal;60;8;148;0.65;1003;42;50000;137;2326;0;0;2815.31;6409.465809;generation
0013_ea_personalized_inst03_chordal_n60_k8_d065_s1003_s42;ea_personalized;inst03_chordal_n60_k8_d065_s1003;experiments\20260618_124336_best_configs\instances\inst03_chordal_n60_k8_d065_s1003.txt;chordal;60;8;148;0.65;1003;42;50000;138;2336;0;0;4347.67;8325.204792;generation
0013_ea_personalized_inst03_chordal_n60_k8_d065_s1003_s42;ea_personalized;inst03_chordal_n60_k8_d065_s1003;experiments\20260618_124336_best_configs\instances\inst03_chordal_n60_k8_d065_s1003.txt;chordal;60;8;148;0.65;1003;42;50000;139;2347;0;0;4861.16;10026.32631;generation
0013_ea_personalized_inst03_chordal_n60_k8_d065_s1003_s42;ea_personalized;inst03_chordal_n60_k8_d065_s1003;experiments\20260618_124336_best_configs\instances\inst03_chordal_n60_k8_d065_s1003.txt;chordal;60;8;148;0.65;1003;42;50000;140;2358;0;0;3197.58;6357.549025;generation
0013_ea_personalized_inst03_chordal_n60_k8_d065_s1003_s42;ea_personalized;inst03_chordal_n60_k8_d065_s1003;experiments\20260618_124336_best_configs\instances\inst03_chordal_n60_k8_d065_s1003.txt;chordal;60;8;148;0.65;1003;42;50000;141;2367;0;0;3458;6963.127721;generation
0013_ea_personalized_inst03_chordal_n60_k8_d065_s1003_s42;ea_personalized;inst03_chordal_n60_k8_d065_s1003;experiments\20260618_124336_best_configs\instances\inst03_chordal_n60_k8_d065_s1003.txt;chordal;60;8;148;0.65;1003;42;50000;142;2378;0;0;4222.54;7240.211533;generation
0013_ea_personalized_inst03_chordal_n60_k8_d065_s1003_s42;ea_personalized;inst03_chordal_n60_k8_d065_s1003;experiments\20260618_124336_best_configs\instances\inst03_chordal_n60_k8_d065_s1003.txt;chordal;60;8;148;0.65;1003;42;50000;143;2388;0;0;2685.59;6590.138275;generation
0013_ea_personalized_inst03_chordal_n60_k8_d065_s1003_s42;ea_personalized;inst03_chordal_n60_k8_d065_s1003;experiments\20260618_124336_best_configs\instances\inst03_chordal_n60_k8_d065_s1003.txt;chordal;60;8;148;0.65;1003;42;50000;144;2398;0;0;4606.64;8763.530456;generation
0013_ea_personalized_inst03_chordal_n60_k8_d065_s1003_s42;ea_personalized;inst03_chordal_n60_k8_d065_s1003;experiments\20260618_124336_best_configs\instances\inst03_chordal_n60_k8_d065_s1003.txt;chordal;60;8;148;0.65;1003;42;50000;145;2409;0;0;4096.21;7422.833291;generation
0013_ea_personalized_inst03_chordal_n60_k8_d065_s1003_s42;ea_personalized;inst03_chordal_n60_k8_d065_s1003;experiments\20260618_124336_best_configs\instances\inst03_chordal_n60_k8_d065_s1003.txt;chordal;60;8;148;0.65;1003;42;50000;146;2418;0;0;3966.57;8796.950317;generation
0013_ea_personalized_inst03_chordal_n60_k8_d065_s1003_s42;ea_personalized;inst03_chordal_n60_k8_d065_s1003;experiments\20260618_124336_best_configs\instances\inst03_chordal_n60_k8_d065_s1003.txt;chordal;60;8;148;0.65;1003;42;50000;147;2428;0;0;5376.31;8697.815169;generation
0013_ea_personalized_inst03_chordal_n60_k8_d065_s1003_s42;ea_personalized;inst03_chordal_n60_k8_d065_s1003;experiments\20260618_124336_best_configs\instances\inst03_chordal_n60_k8_d065_s1003.txt;chordal;60;8;148;0.65;1003;42;50000;148;2438;0;0;3333.77;6906.363894;generation
0013_ea_personalized_inst03_chordal_n60_k8_d065_s1003_s42;ea_personalized;inst03_chordal_n60_k8_d065_s1003;experiments\20260618_124336_best_configs\instances\inst03_chordal_n60_k8_d065_s1003.txt;chordal;60;8;148;0.65;1003;42;50000;149;2448;0;0;5116.18;7228.5343;generation
0013_ea_personalized_inst03_chordal_n60_k8_d065_s1003_s42;ea_personalized;inst03_chordal_n60_k8_d065_s1003;experiments\20260618_124336_best_configs\instances\inst03_chordal_n60_k8_d065_s1003.txt;chordal;60;8;148;0.65;1003;42;50000;150;2458;0;0;4607.39;8574.476866;generation
0013_ea_personalized_inst03_chordal_n60_k8_d065_s1003_s42;ea_personalized;inst03_chordal_n60_k8_d065_s1003;experiments\20260618_124336_best_configs\instances\inst03_chordal_n60_k8_d065_s1003.txt;chordal;60;8;148;0.65;1003;42;50000;151;2467;0;0;3839.56;7558.739678;generation
0013_ea_personalized_inst03_chordal_n60_k8_d065_s1003_s42;ea_personalized;inst03_chordal_n60_k8_d065_s1003;experiments\20260618_124336_best_configs\instances\inst03_chordal_n60_k8_d065_s1003.txt;chordal;60;8;148;0.65;1003;42;50000;152;2478;0;0;4732.89;7806.581376;generation
0013_ea_personalized_inst03_chordal_n60_k8_d065_s1003_s42;ea_personalized;inst03_chordal_n60_k8_d065_s1003;experiments\20260618_124336_best_configs\instances\inst03_chordal_n60_k8_d065_s1003.txt;chordal;60;8;148;0.65;1003;42;50000;153;2490;0;0;3842.18;8758.802322;generation
0013_ea_personalized_inst03_chordal_n60_k8_d065_s1003_s42;ea_personalized;inst03_chordal_n60_k8_d065_s1003;experiments\20260618_124336_best_configs\instances\inst03_chordal_n60_k8_d065_s1003.txt;chordal;60;8;148;0.65;1003;42;50000;154;2499;0;0;3837.88;7980.989138;generation
0013_ea_personalized_inst03_chordal_n60_k8_d065_s1003_s42;ea_personalized;inst03_chordal_n60_k8_d065_s1003;experiments\20260618_124336_best_configs\instances\inst03_chordal_n60_k8_d065_s1003.txt;chordal;60;8;148;0.65;1003;42;50000;155;2510;0;0;4092.86;7641.437839;generation
0013_ea_personalized_inst03_chordal_n60_k8_d065_s1003_s42;ea_personalized;inst03_chordal_n60_k8_d065_s1003;experiments\20260618_124336_best_configs\instances\inst03_chordal_n60_k8_d065_s1003.txt;chordal;60;8;148;0.65;1003;42;50000;156;2521;0;0;4093.59;10673.61126;generation
0013_ea_personalized_inst03_chordal_n60_k8_d065_s1003_s42;ea_personalized;inst03_chordal_n60_k8_d065_s1003;experiments\20260618_124336_best_configs\instances\inst03_chordal_n60_k8_d065_s1003.txt;chordal;60;8;148;0.65;1003;42;50000;157;2534;0;0;3968.87;8219.44434;generation
0013_ea_personalized_inst03_chordal_n60_k8_d065_s1003_s42;ea_personalized;inst03_chordal_n60_k8_d065_s1003;experiments\20260618_124336_best_configs\instances\inst03_chordal_n60_k8_d065_s1003.txt;chordal;60;8;148;0.65;1003;42;50000;158;2549;0;0;3710.28;6833.280388;generation
0013_ea_personalized_inst03_chordal_n60_k8_d065_s1003_s42;ea_personalized;inst03_chordal_n60_k8_d065_s1003;experiments\20260618_124336_best_configs\instances\inst03_chordal_n60_k8_d065_s1003.txt;chordal;60;8;148;0.65;1003;42;50000;159;2561;0;0;5242.47;9914.648137;generation
0013_ea_personalized_inst03_chordal_n60_k8_d065_s1003_s42;ea_personalized;inst03_chordal_n60_k8_d065_s1003;experiments\20260618_124336_best_configs\instances\inst03_chordal_n60_k8_d065_s1003.txt;chordal;60;8;148;0.65;1003;42;50000;160;2570;0;0;3582.66;7017.081275;generation
0013_ea_personalized_inst03_chordal_n60_k8_d065_s1003_s42;ea_personalized;inst03_chordal_n60_k8_d065_s1003;experiments\20260618_124336_best_configs\instances\inst03_chordal_n60_k8_d065_s1003.txt;chordal;60;8;148;0.65;1003;42;50000;161;2580;0;0;3458.42;6963.4762;generation
0013_ea_personalized_inst03_chordal_n60_k8_d065_s1003_s42;ea_personalized;inst03_chordal_n60_k8_d065_s1003;experiments\20260618_124336_best_configs\instances\inst03_chordal_n60_k8_d065_s1003.txt;chordal;60;8;148;0.65;1003;42;50000;162;2590;0;0;4351.38;8892.618209;generation
0013_ea_personalized_inst03_chordal_n60_k8_d065_s1003_s42;ea_personalized;inst03_chordal_n60_k8_d065_s1003;experiments\20260618_124336_best_configs\instances\inst03_chordal_n60_k8_d065_s1003.txt;chordal;60;8;148;0.65;1003;42;50000;163;2598;0;0;4350.14;8707.622281;generation
0013_ea_personalized_inst03_chordal_n60_k8_d065_s1003_s42;ea_personalized;inst03_chordal_n60_k8_d065_s1003;experiments\20260618_124336_best_configs\instances\inst03_chordal_n60_k8_d065_s1003.txt;chordal;60;8;148;0.65;1003;42;50000;164;2608;0;0;3452.28;7637.022758;generation
0013_ea_personalized_inst03_chordal_n60_k8_d065_s1003_s42;ea_personalized;inst03_chordal_n60_k8_d065_s1003;experiments\20260618_124336_best_configs\instances\inst03_chordal_n60_k8_d065_s1003.txt;chordal;60;8;148;0.65;1003;42;50000;165;2617;0;0;5245.51;9913.008192;generation
0013_ea_personalized_inst03_chordal_n60_k8_d065_s1003_s42;ea_personalized;inst03_chordal_n60_k8_d065_s1003;experiments\20260618_124336_best_configs\instances\inst03_chordal_n60_k8_d065_s1003.txt;chordal;60;8;148;0.65;1003;42;50000;166;2626;0;0;4098.3;8258.214182;generation
0013_ea_personalized_inst03_chordal_n60_k8_d065_s1003_s42;ea_personalized;inst03_chordal_n60_k8_d065_s1003;experiments\20260618_124336_best_configs\instances\inst03_chordal_n60_k8_d065_s1003.txt;chordal;60;8;148;0.65;1003;42;50000;167;2634;0;0;3583.8;8296.617821;generation
0013_ea_personalized_inst03_chordal_n60_k8_d065_s1003_s42;ea_personalized;inst03_chordal_n60_k8_d065_s1003;experiments\20260618_124336_best_configs\instances\inst03_chordal_n60_k8_d065_s1003.txt;chordal;60;8;148;0.65;1003;42;50000;168;2645;0;0;6140.32;8941.696515;generation
0013_ea_personalized_inst03_chordal_n60_k8_d065_s1003_s42;ea_personalized;inst03_chordal_n60_k8_d065_s1003;experiments\20260618_124336_best_configs\instances\inst03_chordal_n60_k8_d065_s1003.txt;chordal;60;8;148;0.65;1003;42;50000;169;2653;0;0;3841.75;7772.217334;generation
0013_ea_personalized_inst03_chordal_n60_k8_d065_s1003_s42;ea_personalized;inst03_chordal_n60_k8_d065_s1003;experiments\20260618_124336_best_configs\instances\inst03_chordal_n60_k8_d065_s1003.txt;chordal;60;8;148;0.65;1003;42;50000;170;2663;0;0;3582.03;7893.798489;generation
0013_ea_personalized_inst03_chordal_n60_k8_d065_s1003_s42;ea_personalized;inst03_chordal_n60_k8_d065_s1003;experiments\20260618_124336_best_configs\instances\inst03_chordal_n60_k8_d065_s1003.txt;chordal;60;8;148;0.65;1003;42;50000;171;2673;0;0;4732.37;8409.744398;generation
0013_ea_personalized_inst03_chordal_n60_k8_d065_s1003_s42;ea_personalized;inst03_chordal_n60_k8_d065_s1003;experiments\20260618_124336_best_configs\instances\inst03_chordal_n60_k8_d065_s1003.txt;chordal;60;8;148;0.65;1003;42;50000;172;2684;0;0;4096.71;8056.958917;generation
0013_ea_personalized_inst03_chordal_n60_k8_d065_s1003_s42;ea_personalized;inst03_chordal_n60_k8_d065_s1003;experiments\20260618_124336_best_configs\instances\inst03_chordal_n60_k8_d065_s1003.txt;chordal;60;8;148;0.65;1003;42;50000;173;2694;0;0;3457.04;6724.848258;generation
0013_ea_personalized_inst03_chordal_n60_k8_d065_s1003_s42;ea_personalized;inst03_chordal_n60_k8_d065_s1003;experiments\20260618_124336_best_configs\instances\inst03_chordal_n60_k8_d065_s1003.txt;chordal;60;8;148;0.65;1003;42;50000;174;2702;0;0;3200.93;6850.994587;generation
0013_ea_personalized_inst03_chordal_n60_k8_d065_s1003_s42;ea_personalized;inst03_chordal_n60_k8_d065_s1003;experiments\20260618_124336_best_configs\instances\inst03_chordal_n60_k8_d065_s1003.txt;chordal;60;8;148;0.65;1003;42;50000;175;2712;0;0;4224.31;8091.161204;generation
0013_ea_personalized_inst03_chordal_n60_k8_d065_s1003_s42;ea_personalized;inst03_chordal_n60_k8_d065_s1003;experiments\20260618_124336_best_configs\instances\inst03_chordal_n60_k8_d065_s1003.txt;chordal;60;8;148;0.65;1003;42;50000;176;2721;0;0;3203.12;7086.084512;generation
0013_ea_personalized_inst03_chordal_n60_k8_d065_s1003_s42;ea_personalized;inst03_chordal_n60_k8_d065_s1003;experiments\20260618_124336_best_configs\instances\inst03_chordal_n60_k8_d065_s1003.txt;chordal;60;8;148;0.65;1003;42;50000;177;2729;0;0;3710.56;7937.792317;generation
0013_ea_personalized_inst03_chordal_n60_k8_d065_s1003_s42;ea_personalized;inst03_chordal_n60_k8_d065_s1003;experiments\20260618_124336_best_configs\instances\inst03_chordal_n60_k8_d065_s1003.txt;chordal;60;8;148;0.65;1003;42;50000;178;2739;0;0;5502.3;9938.560619;generation
0013_ea_personalized_inst03_chordal_n60_k8_d065_s1003_s42;ea_personalized;inst03_chordal_n60_k8_d065_s1003;experiments\20260618_124336_best_configs\instances\inst03_chordal_n60_k8_d065_s1003.txt;chordal;60;8;148;0.65;1003;42;50000;179;2747;0;0;4604.86;7344.395007;generation
0013_ea_personalized_inst03_chordal_n60_k8_d065_s1003_s42;ea_personalized;inst03_chordal_n60_k8_d065_s1003;experiments\20260618_124336_best_configs\instances\inst03_chordal_n60_k8_d065_s1003.txt;chordal;60;8;148;0.65;1003;42;50000;180;2755;0;0;3714.35;7727.520323;generation
0013_ea_personalized_inst03_chordal_n60_k8_d065_s1003_s42;ea_personalized;inst03_chordal_n60_k8_d065_s1003;experiments\20260618_124336_best_configs\instances\inst03_chordal_n60_k8_d065_s1003.txt;chordal;60;8;148;0.65;1003;42;50000;181;2763;0;0;6268.88;10300.58405;generation
0013_ea_personalized_inst03_chordal_n60_k8_d065_s1003_s42;ea_personalized;inst03_chordal_n60_k8_d065_s1003;experiments\20260618_124336_best_configs\instances\inst03_chordal_n60_k8_d065_s1003.txt;chordal;60;8;148;0.65;1003;42;50000;182;2773;0;0;3201.22;6093.560875;generation
0013_ea_personalized_inst03_chordal_n60_k8_d065_s1003_s42;ea_personalized;inst03_chordal_n60_k8_d065_s1003;experiments\20260618_124336_best_configs\instances\inst03_chordal_n60_k8_d065_s1003.txt;chordal;60;8;148;0.65;1003;42;50000;183;2781;0;0;2690.1;6588.724988;generation
0013_ea_personalized_inst03_chordal_n60_k8_d065_s1003_s42;ea_personalized;inst03_chordal_n60_k8_d065_s1003;experiments\20260618_124336_best_configs\instances\inst03_chordal_n60_k8_d065_s1003.txt;chordal;60;8;148;0.65;1003;42;50000;184;2790;0;0;4604.17;8384.764146;generation
0013_ea_personalized_inst03_chordal_n60_k8_d065_s1003_s42;ea_personalized;inst03_chordal_n60_k8_d065_s1003;experiments\20260618_124336_best_configs\instances\inst03_chordal_n60_k8_d065_s1003.txt;chordal;60;8;148;0.65;1003;42;50000;185;2798;0;0;3457.01;8638.719685;generation
0013_ea_personalized_inst03_chordal_n60_k8_d065_s1003_s42;ea_personalized;inst03_chordal_n60_k8_d065_s1003;experiments\20260618_124336_best_configs\instances\inst03_chordal_n60_k8_d065_s1003.txt;chordal;60;8;148;0.65;1003;42;50000;186;2806;0;0;3713.57;7728.823787;generation
0013_ea_personalized_inst03_chordal_n60_k8_d065_s1003_s42;ea_personalized;inst03_chordal_n60_k8_d065_s1003;experiments\20260618_124336_best_configs\instances\inst03_chordal_n60_k8_d065_s1003.txt;chordal;60;8;148;0.65;1003;42;50000;187;2814;0;0;3583.47;7683.918081;generation
0013_ea_personalized_inst03_chordal_n60_k8_d065_s1003_s42;ea_personalized;inst03_chordal_n60_k8_d065_s1003;experiments\20260618_124336_best_configs\instances\inst03_chordal_n60_k8_d065_s1003.txt;chordal;60;8;148;0.65;1003;42;50000;188;2823;0;0;3328.65;7366.284194;generation
0013_ea_personalized_inst03_chordal_n60_k8_d065_s1003_s42;ea_personalized;inst03_chordal_n60_k8_d065_s1003;experiments\20260618_124336_best_configs\instances\inst03_chordal_n60_k8_d065_s1003.txt;chordal;60;8;148;0.65;1003;42;50000;189;2831;0;0;5121.55;10220.49004;generation
0013_ea_personalized_inst03_chordal_n60_k8_d065_s1003_s42;ea_personalized;inst03_chordal_n60_k8_d065_s1003;experiments\20260618_124336_best_configs\instances\inst03_chordal_n60_k8_d065_s1003.txt;chordal;60;8;148;0.65;1003;42;50000;190;2841;0;0;2817.96;6149.186234;generation
0013_ea_personalized_inst03_chordal_n60_k8_d065_s1003_s42;ea_personalized;inst03_chordal_n60_k8_d065_s1003;experiments\20260618_124336_best_configs\instances\inst03_chordal_n60_k8_d065_s1003.txt;chordal;60;8;148;0.65;1003;42;50000;191;2855;0;0;4605.48;8382.844141;generation
0013_ea_personalized_inst03_chordal_n60_k8_d065_s1003_s42;ea_personalized;inst03_chordal_n60_k8_d065_s1003;experiments\20260618_124336_best_configs\instances\inst03_chordal_n60_k8_d065_s1003.txt;chordal;60;8;148;0.65;1003;42;50000;192;2863;0;0;3202.47;6093.702235;generation
0013_ea_personalized_inst03_chordal_n60_k8_d065_s1003_s42;ea_personalized;inst03_chordal_n60_k8_d065_s1003;experiments\20260618_124336_best_configs\instances\inst03_chordal_n60_k8_d065_s1003.txt;chordal;60;8;148;0.65;1003;42;50000;193;2878;0;0;4222.9;8862.671963;generation
0013_ea_personalized_inst03_chordal_n60_k8_d065_s1003_s42;ea_personalized;inst03_chordal_n60_k8_d065_s1003;experiments\20260618_124336_best_configs\instances\inst03_chordal_n60_k8_d065_s1003.txt;chordal;60;8;148;0.65;1003;42;50000;194;2892;0;0;3841.02;7774.204231;generation
0013_ea_personalized_inst03_chordal_n60_k8_d065_s1003_s42;ea_personalized;inst03_chordal_n60_k8_d065_s1003;experiments\20260618_124336_best_configs\instances\inst03_chordal_n60_k8_d065_s1003.txt;chordal;60;8;148;0.65;1003;42;50000;195;2900;0;0;2817.41;6408.539027;generation
0013_ea_personalized_inst03_chordal_n60_k8_d065_s1003_s42;ea_personalized;inst03_chordal_n60_k8_d065_s1003;experiments\20260618_124336_best_configs\instances\inst03_chordal_n60_k8_d065_s1003.txt;chordal;60;8;148;0.65;1003;42;50000;196;2911;0;0;5375.65;9245.040809;generation
0013_ea_personalized_inst03_chordal_n60_k8_d065_s1003_s42;ea_personalized;inst03_chordal_n60_k8_d065_s1003;experiments\20260618_124336_best_configs\instances\inst03_chordal_n60_k8_d065_s1003.txt;chordal;60;8;148;0.65;1003;42;50000;197;2922;0;0;3463.91;7415.757167;generation
0013_ea_personalized_inst03_chordal_n60_k8_d065_s1003_s42;ea_personalized;inst03_chordal_n60_k8_d065_s1003;experiments\20260618_124336_best_configs\instances\inst03_chordal_n60_k8_d065_s1003.txt;chordal;60;8;148;0.65;1003;42;50000;198;2930;0;0;4347.67;10099.19057;generation
0013_ea_personalized_inst03_chordal_n60_k8_d065_s1003_s42;ea_personalized;inst03_chordal_n60_k8_d065_s1003;experiments\20260618_124336_best_configs\instances\inst03_chordal_n60_k8_d065_s1003.txt;chordal;60;8;148;0.65;1003;42;50000;199;2941;0;0;3327.24;6669.762438;generation
0013_ea_personalized_inst03_chordal_n60_k8_d065_s1003_s42;ea_personalized;inst03_chordal_n60_k8_d065_s1003;experiments\20260618_124336_best_configs\instances\inst03_chordal_n60_k8_d065_s1003.txt;chordal;60;8;148;0.65;1003;42;50000;200;2948;0;0;4224.8;8090.894272;generation
0013_ea_personalized_inst03_chordal_n60_k8_d065_s1003_s42;ea_personalized;inst03_chordal_n60_k8_d065_s1003;experiments\20260618_124336_best_configs\instances\inst03_chordal_n60_k8_d065_s1003.txt;chordal;60;8;148;0.65;1003;42;50000;201;2960;0;0;5117.68;9389.25337;generation
0013_ea_personalized_inst03_chordal_n60_k8_d065_s1003_s42;ea_personalized;inst03_chordal_n60_k8_d065_s1003;experiments\20260618_124336_best_configs\instances\inst03_chordal_n60_k8_d065_s1003.txt;chordal;60;8;148;0.65;1003;42;50000;202;2975;0;0;5506.79;11462.85752;generation
0013_ea_personalized_inst03_chordal_n60_k8_d065_s1003_s42;ea_personalized;inst03_chordal_n60_k8_d065_s1003;experiments\20260618_124336_best_configs\instances\inst03_chordal_n60_k8_d065_s1003.txt;chordal;60;8;148;0.65;1003;42;50000;203;2988;0;0;3839.98;8378.495743;generation
0013_ea_personalized_inst03_chordal_n60_k8_d065_s1003_s42;ea_personalized;inst03_chordal_n60_k8_d065_s1003;experiments\20260618_124336_best_configs\instances\inst03_chordal_n60_k8_d065_s1003.txt;chordal;60;8;148;0.65;1003;42;50000;204;2997;0;0;5504.03;10103.49724;generation
0013_ea_personalized_inst03_chordal_n60_k8_d065_s1003_s42;ea_personalized;inst03_chordal_n60_k8_d065_s1003;experiments\20260618_124336_best_configs\instances\inst03_chordal_n60_k8_d065_s1003.txt;chordal;60;8;148;0.65;1003;42;50000;205;3007;0;0;3711.43;7293.88805;generation
0013_ea_personalized_inst03_chordal_n60_k8_d065_s1003_s42;ea_personalized;inst03_chordal_n60_k8_d065_s1003;experiments\20260618_124336_best_configs\instances\inst03_chordal_n60_k8_d065_s1003.txt;chordal;60;8;148;0.65;1003;42;50000;206;3015;0;0;3072.42;6290.214873;generation
0013_ea_personalized_inst03_chordal_n60_k8_d065_s1003_s42;ea_personalized;inst03_chordal_n60_k8_d065_s1003;experiments\20260618_124336_best_configs\instances\inst03_chordal_n60_k8_d065_s1003.txt;chordal;60;8;148;0.65;1003;42;50000;207;3027;0;0;3457.32;7194.786992;generation
0013_ea_personalized_inst03_chordal_n60_k8_d065_s1003_s42;ea_personalized;inst03_chordal_n60_k8_d065_s1003;experiments\20260618_124336_best_configs\instances\inst03_chordal_n60_k8_d065_s1003.txt;chordal;60;8;148;0.65;1003;42;50000;208;3036;0;0;5371.75;8510.322319;generation
0013_ea_personalized_inst03_chordal_n60_k8_d065_s1003_s42;ea_personalized;inst03_chordal_n60_k8_d065_s1003;experiments\20260618_124336_best_configs\instances\inst03_chordal_n60_k8_d065_s1003.txt;chordal;60;8;148;0.65;1003;42;50000;209;3045;0;0;4225.65;7238.034916;generation
0013_ea_personalized_inst03_chordal_n60_k8_d065_s1003_s42;ea_personalized;inst03_chordal_n60_k8_d065_s1003;experiments\20260618_124336_best_configs\instances\inst03_chordal_n60_k8_d065_s1003.txt;chordal;60;8;148;0.65;1003;42;50000;210;3054;0;0;5374.83;10720.0826;generation
0013_ea_personalized_inst03_chordal_n60_k8_d065_s1003_s42;ea_personalized;inst03_chordal_n60_k8_d065_s1003;experiments\20260618_124336_best_configs\instances\inst03_chordal_n60_k8_d065_s1003.txt;chordal;60;8;148;0.65;1003;42;50000;211;3065;0;0;4229.51;7458.823605;generation
0013_ea_personalized_inst03_chordal_n60_k8_d065_s1003_s42;ea_personalized;inst03_chordal_n60_k8_d065_s1003;experiments\20260618_124336_best_configs\instances\inst03_chordal_n60_k8_d065_s1003.txt;chordal;60;8;148;0.65;1003;42;50000;212;3074;0;0;3588.37;8298.605173;generation
0013_ea_personalized_inst03_chordal_n60_k8_d065_s1003_s42;ea_personalized;inst03_chordal_n60_k8_d065_s1003;experiments\20260618_124336_best_configs\instances\inst03_chordal_n60_k8_d065_s1003.txt;chordal;60;8;148;0.65;1003;42;50000;213;3082;0;0;3963.65;7602.585213;generation
0013_ea_personalized_inst03_chordal_n60_k8_d065_s1003_s42;ea_personalized;inst03_chordal_n60_k8_d065_s1003;experiments\20260618_124336_best_configs\instances\inst03_chordal_n60_k8_d065_s1003.txt;chordal;60;8;148;0.65;1003;42;50000;214;3092;0;0;4603.78;7777.045369;generation
0013_ea_personalized_inst03_chordal_n60_k8_d065_s1003_s42;ea_personalized;inst03_chordal_n60_k8_d065_s1003;experiments\20260618_124336_best_configs\instances\inst03_chordal_n60_k8_d065_s1003.txt;chordal;60;8;148;0.65;1003;42;50000;215;3099;0;0;3838.45;7559.296244;generation
0013_ea_personalized_inst03_chordal_n60_k8_d065_s1003_s42;ea_personalized;inst03_chordal_n60_k8_d065_s1003;experiments\20260618_124336_best_configs\instances\inst03_chordal_n60_k8_d065_s1003.txt;chordal;60;8;148;0.65;1003;42;50000;216;3109;0;0;6010.84;9294.399565;generation
0013_ea_personalized_inst03_chordal_n60_k8_d065_s1003_s42;ea_personalized;inst03_chordal_n60_k8_d065_s1003;experiments\20260618_124336_best_configs\instances\inst03_chordal_n60_k8_d065_s1003.txt;chordal;60;8;148;0.65;1003;42;50000;217;3117;0;0;2945.09;6478.803157;generation
0013_ea_personalized_inst03_chordal_n60_k8_d065_s1003_s42;ea_personalized;inst03_chordal_n60_k8_d065_s1003;experiments\20260618_124336_best_configs\instances\inst03_chordal_n60_k8_d065_s1003.txt;chordal;60;8;148;0.65;1003;42;50000;218;3127;0;0;2685.98;6589.794261;generation
0013_ea_personalized_inst03_chordal_n60_k8_d065_s1003_s42;ea_personalized;inst03_chordal_n60_k8_d065_s1003;experiments\20260618_124336_best_configs\instances\inst03_chordal_n60_k8_d065_s1003.txt;chordal;60;8;148;0.65;1003;42;50000;219;3135;0;0;3837.49;7559.740652;generation
0013_ea_personalized_inst03_chordal_n60_k8_d065_s1003_s42;ea_personalized;inst03_chordal_n60_k8_d065_s1003;experiments\20260618_124336_best_configs\instances\inst03_chordal_n60_k8_d065_s1003.txt;chordal;60;8;148;0.65;1003;42;50000;220;3148;0;0;3841.69;7338.403303;generation
0013_ea_personalized_inst03_chordal_n60_k8_d065_s1003_s42;ea_personalized;inst03_chordal_n60_k8_d065_s1003;experiments\20260618_124336_best_configs\instances\inst03_chordal_n60_k8_d065_s1003.txt;chordal;60;8;148;0.65;1003;42;50000;221;3159;0;0;5243.1;8494.849537;generation
0013_ea_personalized_inst03_chordal_n60_k8_d065_s1003_s42;ea_personalized;inst03_chordal_n60_k8_d065_s1003;experiments\20260618_124336_best_configs\instances\inst03_chordal_n60_k8_d065_s1003.txt;chordal;60;8;148;0.65;1003;42;50000;222;3168;0;0;5753.61;11196.3012;generation
0013_ea_personalized_inst03_chordal_n60_k8_d065_s1003_s42;ea_personalized;inst03_chordal_n60_k8_d065_s1003;experiments\20260618_124336_best_configs\instances\inst03_chordal_n60_k8_d065_s1003.txt;chordal;60;8;148;0.65;1003;42;50000;223;3179;0;0;2694.04;8338.294516;generation
0013_ea_personalized_inst03_chordal_n60_k8_d065_s1003_s42;ea_personalized;inst03_chordal_n60_k8_d065_s1003;experiments\20260618_124336_best_configs\instances\inst03_chordal_n60_k8_d065_s1003.txt;chordal;60;8;148;0.65;1003;42;50000;224;3187;0;0;3462.75;6723.688421;generation
0013_ea_personalized_inst03_chordal_n60_k8_d065_s1003_s42;ea_personalized;inst03_chordal_n60_k8_d065_s1003;experiments\20260618_124336_best_configs\instances\inst03_chordal_n60_k8_d065_s1003.txt;chordal;60;8;148;0.65;1003;42;50000;225;3195;0;0;3712.03;8533.923272;generation
0013_ea_personalized_inst03_chordal_n60_k8_d065_s1003_s42;ea_personalized;inst03_chordal_n60_k8_d065_s1003;experiments\20260618_124336_best_configs\instances\inst03_chordal_n60_k8_d065_s1003.txt;chordal;60;8;148;0.65;1003;42;50000;226;3203;0;0;3836.15;7560.412436;generation
0013_ea_personalized_inst03_chordal_n60_k8_d065_s1003_s42;ea_personalized;inst03_chordal_n60_k8_d065_s1003;experiments\20260618_124336_best_configs\instances\inst03_chordal_n60_k8_d065_s1003.txt;chordal;60;8;148;0.65;1003;42;50000;227;3212;0;0;3328.2;8402.871858;generation
0013_ea_personalized_inst03_chordal_n60_k8_d065_s1003_s42;ea_personalized;inst03_chordal_n60_k8_d065_s1003;experiments\20260618_124336_best_configs\instances\inst03_chordal_n60_k8_d065_s1003.txt;chordal;60;8;148;0.65;1003;42;50000;228;3219;0;0;4477.09;8156.814317;generation
0013_ea_personalized_inst03_chordal_n60_k8_d065_s1003_s42;ea_personalized;inst03_chordal_n60_k8_d065_s1003;experiments\20260618_124336_best_configs\instances\inst03_chordal_n60_k8_d065_s1003.txt;chordal;60;8;148;0.65;1003;42;50000;229;3227;0;0;4098.39;8454.573324;generation
0013_ea_personalized_inst03_chordal_n60_k8_d065_s1003_s42;ea_personalized;inst03_chordal_n60_k8_d065_s1003;experiments\20260618_124336_best_configs\instances\inst03_chordal_n60_k8_d065_s1003.txt;chordal;60;8;148;0.65;1003;42;50000;230;3235;0;0;3328.81;6159.632128;generation
0013_ea_personalized_inst03_chordal_n60_k8_d065_s1003_s42;ea_personalized;inst03_chordal_n60_k8_d065_s1003;experiments\20260618_124336_best_configs\instances\inst03_chordal_n60_k8_d065_s1003.txt;chordal;60;8;148;0.65;1003;42;50000;231;3243;0;0;4349.9;9257.287542;generation
0013_ea_personalized_inst03_chordal_n60_k8_d065_s1003_s42;ea_personalized;inst03_chordal_n60_k8_d065_s1003;experiments\20260618_124336_best_configs\instances\inst03_chordal_n60_k8_d065_s1003.txt;chordal;60;8;148;0.65;1003;42;50000;232;3251;0;0;4861.62;8437.214508;generation
0013_ea_personalized_inst03_chordal_n60_k8_d065_s1003_s42;ea_personalized;inst03_chordal_n60_k8_d065_s1003;experiments\20260618_124336_best_configs\instances\inst03_chordal_n60_k8_d065_s1003.txt;chordal;60;8;148;0.65;1003;42;50000;233;3259;0;0;4219.67;7889.721876;generation
0013_ea_personalized_inst03_chordal_n60_k8_d065_s1003_s42;ea_personalized;inst03_chordal_n60_k8_d065_s1003;experiments\20260618_124336_best_configs\instances\inst03_chordal_n60_k8_d065_s1003.txt;chordal;60;8;148;0.65;1003;42;50000;234;3267;0;0;4987.15;8456.235901;generation
0013_ea_personalized_inst03_chordal_n60_k8_d065_s1003_s42;ea_personalized;inst03_chordal_n60_k8_d065_s1003;experiments\20260618_124336_best_configs\instances\inst03_chordal_n60_k8_d065_s1003.txt;chordal;60;8;148;0.65;1003;42;50000;235;3275;0;0;5373.86;10410.02863;generation
0013_ea_personalized_inst03_chordal_n60_k8_d065_s1003_s42;ea_personalized;inst03_chordal_n60_k8_d065_s1003;experiments\20260618_124336_best_configs\instances\inst03_chordal_n60_k8_d065_s1003.txt;chordal;60;8;148;0.65;1003;42;50000;236;3283;0;0;3327.7;7585.217755;generation
0013_ea_personalized_inst03_chordal_n60_k8_d065_s1003_s42;ea_personalized;inst03_chordal_n60_k8_d065_s1003;experiments\20260618_124336_best_configs\instances\inst03_chordal_n60_k8_d065_s1003.txt;chordal;60;8;148;0.65;1003;42;50000;237;3293;0;0;4605.73;8575.1409;generation
0013_ea_personalized_inst03_chordal_n60_k8_d065_s1003_s42;ea_personalized;inst03_chordal_n60_k8_d065_s1003;experiments\20260618_124336_best_configs\instances\inst03_chordal_n60_k8_d065_s1003.txt;chordal;60;8;148;0.65;1003;42;50000;238;3304;0;0;2688.33;6588.856581;generation
0013_ea_personalized_inst03_chordal_n60_k8_d065_s1003_s42;ea_personalized;inst03_chordal_n60_k8_d065_s1003;experiments\20260618_124336_best_configs\instances\inst03_chordal_n60_k8_d065_s1003.txt;chordal;60;8;148;0.65;1003;42;50000;239;3313;0;0;4605.74;8382.478319;generation
0013_ea_personalized_inst03_chordal_n60_k8_d065_s1003_s42;ea_personalized;inst03_chordal_n60_k8_d065_s1003;experiments\20260618_124336_best_configs\instances\inst03_chordal_n60_k8_d065_s1003.txt;chordal;60;8;148;0.65;1003;42;50000;240;3321;0;0;4860.63;8627.185194;generation
0013_ea_personalized_inst03_chordal_n60_k8_d065_s1003_s42;ea_personalized;inst03_chordal_n60_k8_d065_s1003;experiments\20260618_124336_best_configs\instances\inst03_chordal_n60_k8_d065_s1003.txt;chordal;60;8;148;0.65;1003;42;50000;241;3330;0;0;4349.36;8126.197596;generation
0013_ea_personalized_inst03_chordal_n60_k8_d065_s1003_s42;ea_personalized;inst03_chordal_n60_k8_d065_s1003;experiments\20260618_124336_best_configs\instances\inst03_chordal_n60_k8_d065_s1003.txt;chordal;60;8;148;0.65;1003;42;50000;242;3340;0;0;4474.81;9795.786417;generation
0013_ea_personalized_inst03_chordal_n60_k8_d065_s1003_s42;ea_personalized;inst03_chordal_n60_k8_d065_s1003;experiments\20260618_124336_best_configs\instances\inst03_chordal_n60_k8_d065_s1003.txt;chordal;60;8;148;0.65;1003;42;50000;243;3348;0;0;4221.41;8292.575423;generation
0013_ea_personalized_inst03_chordal_n60_k8_d065_s1003_s42;ea_personalized;inst03_chordal_n60_k8_d065_s1003;experiments\20260618_124336_best_configs\instances\inst03_chordal_n60_k8_d065_s1003.txt;chordal;60;8;148;0.65;1003;42;50000;244;3364;0;0;3201.27;6852.578795;generation
0013_ea_personalized_inst03_chordal_n60_k8_d065_s1003_s42;ea_personalized;inst03_chordal_n60_k8_d065_s1003;experiments\20260618_124336_best_configs\instances\inst03_chordal_n60_k8_d065_s1003.txt;chordal;60;8;148;0.65;1003;42;50000;245;3376;0;0;4734.18;9673.534066;generation
0013_ea_personalized_inst03_chordal_n60_k8_d065_s1003_s42;ea_personalized;inst03_chordal_n60_k8_d065_s1003;experiments\20260618_124336_best_configs\instances\inst03_chordal_n60_k8_d065_s1003.txt;chordal;60;8;148;0.65;1003;42;50000;246;3392;0;0;3973.44;7379.40522;generation
0013_ea_personalized_inst03_chordal_n60_k8_d065_s1003_s42;ea_personalized;inst03_chordal_n60_k8_d065_s1003;experiments\20260618_124336_best_configs\instances\inst03_chordal_n60_k8_d065_s1003.txt;chordal;60;8;148;0.65;1003;42;50000;247;3404;0;0;3965.43;7601.6582;generation
0013_ea_personalized_inst03_chordal_n60_k8_d065_s1003_s42;ea_personalized;inst03_chordal_n60_k8_d065_s1003;experiments\20260618_124336_best_configs\instances\inst03_chordal_n60_k8_d065_s1003.txt;chordal;60;8;148;0.65;1003;42;50000;248;3420;0;0;4862.07;8994.851902;generation
0013_ea_personalized_inst03_chordal_n60_k8_d065_s1003_s42;ea_personalized;inst03_chordal_n60_k8_d065_s1003;experiments\20260618_124336_best_configs\instances\inst03_chordal_n60_k8_d065_s1003.txt;chordal;60;8;148;0.65;1003;42;50000;249;3435;0;0;3838.1;7561.447579;generation
0013_ea_personalized_inst03_chordal_n60_k8_d065_s1003_s42;ea_personalized;inst03_chordal_n60_k8_d065_s1003;experiments\20260618_124336_best_configs\instances\inst03_chordal_n60_k8_d065_s1003.txt;chordal;60;8;148;0.65;1003;42;50000;250;3445;0;0;5371.93;8700.514167;generation
0013_ea_personalized_inst03_chordal_n60_k8_d065_s1003_s42;ea_personalized;inst03_chordal_n60_k8_d065_s1003;experiments\20260618_124336_best_configs\instances\inst03_chordal_n60_k8_d065_s1003.txt;chordal;60;8;148;0.65;1003;42;50000;251;3458;0;0;4608.64;7982.514428;generation
0013_ea_personalized_inst03_chordal_n60_k8_d065_s1003_s42;ea_personalized;inst03_chordal_n60_k8_d065_s1003;experiments\20260618_124336_best_configs\instances\inst03_chordal_n60_k8_d065_s1003.txt;chordal;60;8;148;0.65;1003;42;50000;252;3466;0;0;3970.12;9160.070174;generation
0013_ea_personalized_inst03_chordal_n60_k8_d065_s1003_s42;ea_personalized;inst03_chordal_n60_k8_d065_s1003;experiments\20260618_124336_best_configs\instances\inst03_chordal_n60_k8_d065_s1003.txt;chordal;60;8;148;0.65;1003;42;50000;253;3476;0;0;3453.13;7196.118516;generation
0013_ea_personalized_inst03_chordal_n60_k8_d065_s1003_s42;ea_personalized;inst03_chordal_n60_k8_d065_s1003;experiments\20260618_124336_best_configs\instances\inst03_chordal_n60_k8_d065_s1003.txt;chordal;60;8;148;0.65;1003;42;50000;254;3484;0;0;4992.89;8461.812812;generation
0013_ea_personalized_inst03_chordal_n60_k8_d065_s1003_s42;ea_personalized;inst03_chordal_n60_k8_d065_s1003;experiments\20260618_124336_best_configs\instances\inst03_chordal_n60_k8_d065_s1003.txt;chordal;60;8;148;0.65;1003;42;50000;255;3494;0;0;4096.09;7851.126299;generation
0013_ea_personalized_inst03_chordal_n60_k8_d065_s1003_s42;ea_personalized;inst03_chordal_n60_k8_d065_s1003;experiments\20260618_124336_best_configs\instances\inst03_chordal_n60_k8_d065_s1003.txt;chordal;60;8;148;0.65;1003;42;50000;256;3503;0;0;4864.97;8430.801494;generation
0013_ea_personalized_inst03_chordal_n60_k8_d065_s1003_s42;ea_personalized;inst03_chordal_n60_k8_d065_s1003;experiments\20260618_124336_best_configs\instances\inst03_chordal_n60_k8_d065_s1003.txt;chordal;60;8;148;0.65;1003;42;50000;257;3513;0;0;3592.26;7248.759553;generation
0013_ea_personalized_inst03_chordal_n60_k8_d065_s1003_s42;ea_personalized;inst03_chordal_n60_k8_d065_s1003;experiments\20260618_124336_best_configs\instances\inst03_chordal_n60_k8_d065_s1003.txt;chordal;60;8;148;0.65;1003;42;50000;258;3523;0;0;3073.36;6547.213191;generation
0013_ea_personalized_inst03_chordal_n60_k8_d065_s1003_s42;ea_personalized;inst03_chordal_n60_k8_d065_s1003;experiments\20260618_124336_best_configs\instances\inst03_chordal_n60_k8_d065_s1003.txt;chordal;60;8;148;0.65;1003;42;50000;259;3531;0;0;3324.7;7143.679925;generation
0013_ea_personalized_inst03_chordal_n60_k8_d065_s1003_s42;ea_personalized;inst03_chordal_n60_k8_d065_s1003;experiments\20260618_124336_best_configs\instances\inst03_chordal_n60_k8_d065_s1003.txt;chordal;60;8;148;0.65;1003;42;50000;260;3540;0;0;5373.79;10408.67454;generation
0013_ea_personalized_inst03_chordal_n60_k8_d065_s1003_s42;ea_personalized;inst03_chordal_n60_k8_d065_s1003;experiments\20260618_124336_best_configs\instances\inst03_chordal_n60_k8_d065_s1003.txt;chordal;60;8;148;0.65;1003;42;50000;261;3548;0;0;5117.2;9732.888034;generation
0013_ea_personalized_inst03_chordal_n60_k8_d065_s1003_s42;ea_personalized;inst03_chordal_n60_k8_d065_s1003;experiments\20260618_124336_best_configs\instances\inst03_chordal_n60_k8_d065_s1003.txt;chordal;60;8;148;0.65;1003;42;50000;262;3558;0;0;4096.56;7851.728011;generation
0013_ea_personalized_inst03_chordal_n60_k8_d065_s1003_s42;ea_personalized;inst03_chordal_n60_k8_d065_s1003;experiments\20260618_124336_best_configs\instances\inst03_chordal_n60_k8_d065_s1003.txt;chordal;60;8;148;0.65;1003;42;50000;263;3567;0;0;5243.51;10077.47565;generation
0013_ea_personalized_inst03_chordal_n60_k8_d065_s1003_s42;ea_personalized;inst03_chordal_n60_k8_d065_s1003;experiments\20260618_124336_best_configs\instances\inst03_chordal_n60_k8_d065_s1003.txt;chordal;60;8;148;0.65;1003;42;50000;264;3577;0;0;3966.95;7382.892432;generation
0013_ea_personalized_inst03_chordal_n60_k8_d065_s1003_s42;ea_personalized;inst03_chordal_n60_k8_d065_s1003;experiments\20260618_124336_best_configs\instances\inst03_chordal_n60_k8_d065_s1003.txt;chordal;60;8;148;0.65;1003;42;50000;265;3586;0;0;2688.78;6589.676178;generation
0013_ea_personalized_inst03_chordal_n60_k8_d065_s1003_s42;ea_personalized;inst03_chordal_n60_k8_d065_s1003;experiments\20260618_124336_best_configs\instances\inst03_chordal_n60_k8_d065_s1003.txt;chordal;60;8;148;0.65;1003;42;50000;266;3594;0;0;3841.23;7978.503318;generation
0013_ea_personalized_inst03_chordal_n60_k8_d065_s1003_s42;ea_personalized;inst03_chordal_n60_k8_d065_s1003;experiments\20260618_124336_best_configs\instances\inst03_chordal_n60_k8_d065_s1003.txt;chordal;60;8;148;0.65;1003;42;50000;267;3604;0;0;4860.6;7401.679469;generation
0013_ea_personalized_inst03_chordal_n60_k8_d065_s1003_s42;ea_personalized;inst03_chordal_n60_k8_d065_s1003;experiments\20260618_124336_best_configs\instances\inst03_chordal_n60_k8_d065_s1003.txt;chordal;60;8;148;0.65;1003;42;50000;268;3613;0;0;4860.7;11254.81077;generation
0013_ea_personalized_inst03_chordal_n60_k8_d065_s1003_s42;ea_personalized;inst03_chordal_n60_k8_d065_s1003;experiments\20260618_124336_best_configs\instances\inst03_chordal_n60_k8_d065_s1003.txt;chordal;60;8;148;0.65;1003;42;50000;269;3624;0;0;4095.21;7423.303776;generation
0013_ea_personalized_inst03_chordal_n60_k8_d065_s1003_s42;ea_personalized;inst03_chordal_n60_k8_d065_s1003;experiments\20260618_124336_best_configs\instances\inst03_chordal_n60_k8_d065_s1003.txt;chordal;60;8;148;0.65;1003;42;50000;270;3638;0;0;2177.36;4799.783073;generation
0013_ea_personalized_inst03_chordal_n60_k8_d065_s1003_s42;ea_personalized;inst03_chordal_n60_k8_d065_s1003;experiments\20260618_124336_best_configs\instances\inst03_chordal_n60_k8_d065_s1003.txt;chordal;60;8;148;0.65;1003;42;50000;271;3647;0;0;4605.37;9129.358307;generation
0013_ea_personalized_inst03_chordal_n60_k8_d065_s1003_s42;ea_personalized;inst03_chordal_n60_k8_d065_s1003;experiments\20260618_124336_best_configs\instances\inst03_chordal_n60_k8_d065_s1003.txt;chordal;60;8;148;0.65;1003;42;50000;272;3659;0;0;3456.65;6477.629598;generation
0013_ea_personalized_inst03_chordal_n60_k8_d065_s1003_s42;ea_personalized;inst03_chordal_n60_k8_d065_s1003;experiments\20260618_124336_best_configs\instances\inst03_chordal_n60_k8_d065_s1003.txt;chordal;60;8;148;0.65;1003;42;50000;273;3676;0;0;3329.31;6417.910239;generation
0013_ea_personalized_inst03_chordal_n60_k8_d065_s1003_s42;ea_personalized;inst03_chordal_n60_k8_d065_s1003;experiments\20260618_124336_best_configs\instances\inst03_chordal_n60_k8_d065_s1003.txt;chordal;60;8;148;0.65;1003;42;50000;274;3689;0;0;2052.5;5021.780621;generation
0013_ea_personalized_inst03_chordal_n60_k8_d065_s1003_s42;ea_personalized;inst03_chordal_n60_k8_d065_s1003;experiments\20260618_124336_best_configs\instances\inst03_chordal_n60_k8_d065_s1003.txt;chordal;60;8;148;0.65;1003;42;50000;275;3704;0;0;3198.2;7088.323415;generation
0013_ea_personalized_inst03_chordal_n60_k8_d065_s1003_s42;ea_personalized;inst03_chordal_n60_k8_d065_s1003;experiments\20260618_124336_best_configs\instances\inst03_chordal_n60_k8_d065_s1003.txt;chordal;60;8;148;0.65;1003;42;50000;276;3726;0;0;3329.75;6419.7343;generation
0013_ea_personalized_inst03_chordal_n60_k8_d065_s1003_s42;ea_personalized;inst03_chordal_n60_k8_d065_s1003;experiments\20260618_124336_best_configs\instances\inst03_chordal_n60_k8_d065_s1003.txt;chordal;60;8;148;0.65;1003;42;50000;277;3739;0;0;3456.32;6725.195814;generation
0013_ea_personalized_inst03_chordal_n60_k8_d065_s1003_s42;ea_personalized;inst03_chordal_n60_k8_d065_s1003;experiments\20260618_124336_best_configs\instances\inst03_chordal_n60_k8_d065_s1003.txt;chordal;60;8;148;0.65;1003;42;50000;278;3754;0;0;3710.45;7294.621935;generation
0013_ea_personalized_inst03_chordal_n60_k8_d065_s1003_s42;ea_personalized;inst03_chordal_n60_k8_d065_s1003;experiments\20260618_124336_best_configs\instances\inst03_chordal_n60_k8_d065_s1003.txt;chordal;60;8;148;0.65;1003;42;50000;279;3770;0;0;3968.61;7382.58834;generation
0013_ea_personalized_inst03_chordal_n60_k8_d065_s1003_s42;ea_personalized;inst03_chordal_n60_k8_d065_s1003;experiments\20260618_124336_best_configs\instances\inst03_chordal_n60_k8_d065_s1003.txt;chordal;60;8;148;0.65;1003;42;50000;280;3790;0;0;3710.88;7514.776016;generation
0013_ea_personalized_inst03_chordal_n60_k8_d065_s1003_s42;ea_personalized;inst03_chordal_n60_k8_d065_s1003;experiments\20260618_124336_best_configs\instances\inst03_chordal_n60_k8_d065_s1003.txt;chordal;60;8;148;0.65;1003;42;50000;281;3806;0;0;5758.41;8735.881759;generation
0013_ea_personalized_inst03_chordal_n60_k8_d065_s1003_s42;ea_personalized;inst03_chordal_n60_k8_d065_s1003;experiments\20260618_124336_best_configs\instances\inst03_chordal_n60_k8_d065_s1003.txt;chordal;60;8;148;0.65;1003;42;50000;282;3823;0;0;4739.35;8603.785764;generation
0013_ea_personalized_inst03_chordal_n60_k8_d065_s1003_s42;ea_personalized;inst03_chordal_n60_k8_d065_s1003;experiments\20260618_124336_best_configs\instances\inst03_chordal_n60_k8_d065_s1003.txt;chordal;60;8;148;0.65;1003;42;50000;283;3846;0;0;4226.89;8674.474708;generation
0013_ea_personalized_inst03_chordal_n60_k8_d065_s1003_s42;ea_personalized;inst03_chordal_n60_k8_d065_s1003;experiments\20260618_124336_best_configs\instances\inst03_chordal_n60_k8_d065_s1003.txt;chordal;60;8;148;0.65;1003;42;50000;284;3859;0;0;5119.15;9396.559022;generation
0013_ea_personalized_inst03_chordal_n60_k8_d065_s1003_s42;ea_personalized;inst03_chordal_n60_k8_d065_s1003;experiments\20260618_124336_best_configs\instances\inst03_chordal_n60_k8_d065_s1003.txt;chordal;60;8;148;0.65;1003;42;50000;285;3871;0;0;3969.81;8979.334493;generation
0013_ea_personalized_inst03_chordal_n60_k8_d065_s1003_s42;ea_personalized;inst03_chordal_n60_k8_d065_s1003;experiments\20260618_124336_best_configs\instances\inst03_chordal_n60_k8_d065_s1003.txt;chordal;60;8;148;0.65;1003;42;50000;286;3889;0;0;3837.56;6880.979548;generation
0013_ea_personalized_inst03_chordal_n60_k8_d065_s1003_s42;ea_personalized;inst03_chordal_n60_k8_d065_s1003;experiments\20260618_124336_best_configs\instances\inst03_chordal_n60_k8_d065_s1003.txt;chordal;60;8;148;0.65;1003;42;50000;287;3906;0;0;4480.53;7083.47759;generation
0013_ea_personalized_inst03_chordal_n60_k8_d065_s1003_s42;ea_personalized;inst03_chordal_n60_k8_d065_s1003;experiments\20260618_124336_best_configs\instances\inst03_chordal_n60_k8_d065_s1003.txt;chordal;60;8;148;0.65;1003;42;50000;288;3926;0;0;3198.86;7086.8812;generation
0013_ea_personalized_inst03_chordal_n60_k8_d065_s1003_s42;ea_personalized;inst03_chordal_n60_k8_d065_s1003;experiments\20260618_124336_best_configs\instances\inst03_chordal_n60_k8_d065_s1003.txt;chordal;60;8;148;0.65;1003;42;50000;289;3947;0;0;4860.91;7177.378289;generation
0013_ea_personalized_inst03_chordal_n60_k8_d065_s1003_s42;ea_personalized;inst03_chordal_n60_k8_d065_s1003;experiments\20260618_124336_best_configs\instances\inst03_chordal_n60_k8_d065_s1003.txt;chordal;60;8;148;0.65;1003;42;50000;290;3967;0;0;2944.78;6727.692318;generation
0013_ea_personalized_inst03_chordal_n60_k8_d065_s1003_s42;ea_personalized;inst03_chordal_n60_k8_d065_s1003;experiments\20260618_124336_best_configs\instances\inst03_chordal_n60_k8_d065_s1003.txt;chordal;60;8;148;0.65;1003;42;50000;291;3983;0;0;4092.47;8644.660181;generation
0013_ea_personalized_inst03_chordal_n60_k8_d065_s1003_s42;ea_personalized;inst03_chordal_n60_k8_d065_s1003;experiments\20260618_124336_best_configs\instances\inst03_chordal_n60_k8_d065_s1003.txt;chordal;60;8;148;0.65;1003;42;50000;292;3998;0;0;4863.99;8235.336334;generation
0013_ea_personalized_inst03_chordal_n60_k8_d065_s1003_s42;ea_personalized;inst03_chordal_n60_k8_d065_s1003;experiments\20260618_124336_best_configs\instances\inst03_chordal_n60_k8_d065_s1003.txt;chordal;60;8;148;0.65;1003;42;50000;293;4018;0;0;4610.07;8385.08623;generation
0013_ea_personalized_inst03_chordal_n60_k8_d065_s1003_s42;ea_personalized;inst03_chordal_n60_k8_d065_s1003;experiments\20260618_124336_best_configs\instances\inst03_chordal_n60_k8_d065_s1003.txt;chordal;60;8;148;0.65;1003;42;50000;294;4043;0;0;4610.67;9981.302441;generation
0013_ea_personalized_inst03_chordal_n60_k8_d065_s1003_s42;ea_personalized;inst03_chordal_n60_k8_d065_s1003;experiments\20260618_124336_best_configs\instances\inst03_chordal_n60_k8_d065_s1003.txt;chordal;60;8;148;0.65;1003;42;50000;295;4060;0;0;4997.76;8828.237402;generation
0013_ea_personalized_inst03_chordal_n60_k8_d065_s1003_s42;ea_personalized;inst03_chordal_n60_k8_d065_s1003;experiments\20260618_124336_best_configs\instances\inst03_chordal_n60_k8_d065_s1003.txt;chordal;60;8;148;0.65;1003;42;50000;296;4079;0;0;4994.42;9015.386044;generation
0013_ea_personalized_inst03_chordal_n60_k8_d065_s1003_s42;ea_personalized;inst03_chordal_n60_k8_d065_s1003;experiments\20260618_124336_best_configs\instances\inst03_chordal_n60_k8_d065_s1003.txt;chordal;60;8;148;0.65;1003;42;50000;297;4097;0;0;4093.63;7425.619391;generation
0013_ea_personalized_inst03_chordal_n60_k8_d065_s1003_s42;ea_personalized;inst03_chordal_n60_k8_d065_s1003;experiments\20260618_124336_best_configs\instances\inst03_chordal_n60_k8_d065_s1003.txt;chordal;60;8;148;0.65;1003;42;50000;298;4115;0;0;4220.41;8093.798619;generation
0013_ea_personalized_inst03_chordal_n60_k8_d065_s1003_s42;ea_personalized;inst03_chordal_n60_k8_d065_s1003;experiments\20260618_124336_best_configs\instances\inst03_chordal_n60_k8_d065_s1003.txt;chordal;60;8;148;0.65;1003;42;50000;299;4135;0;0;3456.17;6725.308924;generation
0013_ea_personalized_inst03_chordal_n60_k8_d065_s1003_s42;ea_personalized;inst03_chordal_n60_k8_d065_s1003;experiments\20260618_124336_best_configs\instances\inst03_chordal_n60_k8_d065_s1003.txt;chordal;60;8;148;0.65;1003;42;50000;300;4176;0;0;4476.92;7955.793051;generation
0013_ea_personalized_inst03_chordal_n60_k8_d065_s1003_s42;ea_personalized;inst03_chordal_n60_k8_d065_s1003;experiments\20260618_124336_best_configs\instances\inst03_chordal_n60_k8_d065_s1003.txt;chordal;60;8;148;0.65;1003;42;50000;301;4199;0;0;3969.33;7812.617709;generation
0013_ea_personalized_inst03_chordal_n60_k8_d065_s1003_s42;ea_personalized;inst03_chordal_n60_k8_d065_s1003;experiments\20260618_124336_best_configs\instances\inst03_chordal_n60_k8_d065_s1003.txt;chordal;60;8;148;0.65;1003;42;50000;302;4234;0;0;3200.4;6357.965047;generation
0013_ea_personalized_inst03_chordal_n60_k8_d065_s1003_s42;ea_personalized;inst03_chordal_n60_k8_d065_s1003;experiments\20260618_124336_best_configs\instances\inst03_chordal_n60_k8_d065_s1003.txt;chordal;60;8;148;0.65;1003;42;50000;303;4267;0;0;4481.59;8154.854443;generation
0013_ea_personalized_inst03_chordal_n60_k8_d065_s1003_s42;ea_personalized;inst03_chordal_n60_k8_d065_s1003;experiments\20260618_124336_best_configs\instances\inst03_chordal_n60_k8_d065_s1003.txt;chordal;60;8;148;0.65;1003;42;50000;304;4289;0;0;2944.91;6725.697331;generation
0013_ea_personalized_inst03_chordal_n60_k8_d065_s1003_s42;ea_personalized;inst03_chordal_n60_k8_d065_s1003;experiments\20260618_124336_best_configs\instances\inst03_chordal_n60_k8_d065_s1003.txt;chordal;60;8;148;0.65;1003;42;50000;305;4314;0;0;4733.8;9329.470192;generation
0013_ea_personalized_inst03_chordal_n60_k8_d065_s1003_s42;ea_personalized;inst03_chordal_n60_k8_d065_s1003;experiments\20260618_124336_best_configs\instances\inst03_chordal_n60_k8_d065_s1003.txt;chordal;60;8;148;0.65;1003;42;50000;306;4338;0;0;5632.14;11614.76316;generation
0013_ea_personalized_inst03_chordal_n60_k8_d065_s1003_s42;ea_personalized;inst03_chordal_n60_k8_d065_s1003;experiments\20260618_124336_best_configs\instances\inst03_chordal_n60_k8_d065_s1003.txt;chordal;60;8;148;0.65;1003;42;50000;307;4363;0;0;2435.93;5908.086449;generation
0013_ea_personalized_inst03_chordal_n60_k8_d065_s1003_s42;ea_personalized;inst03_chordal_n60_k8_d065_s1003;experiments\20260618_124336_best_configs\instances\inst03_chordal_n60_k8_d065_s1003.txt;chordal;60;8;148;0.65;1003;42;50000;308;4387;0;0;3840.45;7771.378113;generation
0013_ea_personalized_inst03_chordal_n60_k8_d065_s1003_s42;ea_personalized;inst03_chordal_n60_k8_d065_s1003;experiments\20260618_124336_best_configs\instances\inst03_chordal_n60_k8_d065_s1003.txt;chordal;60;8;148;0.65;1003;42;50000;309;4413;0;0;4226.47;8092.135903;generation
0013_ea_personalized_inst03_chordal_n60_k8_d065_s1003_s42;ea_personalized;inst03_chordal_n60_k8_d065_s1003;experiments\20260618_124336_best_configs\instances\inst03_chordal_n60_k8_d065_s1003.txt;chordal;60;8;148;0.65;1003;42;50000;310;4436;0;0;3712.28;8532.124325;generation
0013_ea_personalized_inst03_chordal_n60_k8_d065_s1003_s42;ea_personalized;inst03_chordal_n60_k8_d065_s1003;experiments\20260618_124336_best_configs\instances\inst03_chordal_n60_k8_d065_s1003.txt;chordal;60;8;148;0.65;1003;42;50000;311;4474;0;0;3582.38;7468.338182;generation
0013_ea_personalized_inst03_chordal_n60_k8_d065_s1003_s42;ea_personalized;inst03_chordal_n60_k8_d065_s1003;experiments\20260618_124336_best_configs\instances\inst03_chordal_n60_k8_d065_s1003.txt;chordal;60;8;148;0.65;1003;42;50000;312;4496;0;0;4604.31;8186.102513;generation
0013_ea_personalized_inst03_chordal_n60_k8_d065_s1003_s42;ea_personalized;inst03_chordal_n60_k8_d065_s1003;experiments\20260618_124336_best_configs\instances\inst03_chordal_n60_k8_d065_s1003.txt;chordal;60;8;148;0.65;1003;42;50000;313;4521;0;0;4221.23;8092.714887;generation
0013_ea_personalized_inst03_chordal_n60_k8_d065_s1003_s42;ea_personalized;inst03_chordal_n60_k8_d065_s1003;experiments\20260618_124336_best_configs\instances\inst03_chordal_n60_k8_d065_s1003.txt;chordal;60;8;148;0.65;1003;42;50000;314;4545;0;0;4351.07;8517.59893;generation
0013_ea_personalized_inst03_chordal_n60_k8_d065_s1003_s42;ea_personalized;inst03_chordal_n60_k8_d065_s1003;experiments\20260618_124336_best_configs\instances\inst03_chordal_n60_k8_d065_s1003.txt;chordal;60;8;148;0.65;1003;42;50000;315;4573;0;0;4479.14;7952.895405;generation
0013_ea_personalized_inst03_chordal_n60_k8_d065_s1003_s42;ea_personalized;inst03_chordal_n60_k8_d065_s1003;experiments\20260618_124336_best_configs\instances\inst03_chordal_n60_k8_d065_s1003.txt;chordal;60;8;148;0.65;1003;42;50000;316;4594;0;0;5251.64;10854.52089;generation
0013_ea_personalized_inst03_chordal_n60_k8_d065_s1003_s42;ea_personalized;inst03_chordal_n60_k8_d065_s1003;experiments\20260618_124336_best_configs\instances\inst03_chordal_n60_k8_d065_s1003.txt;chordal;60;8;148;0.65;1003;42;50000;317;4620;0;0;3837.79;7773.161123;generation
0013_ea_personalized_inst03_chordal_n60_k8_d065_s1003_s42;ea_personalized;inst03_chordal_n60_k8_d065_s1003;experiments\20260618_124336_best_configs\instances\inst03_chordal_n60_k8_d065_s1003.txt;chordal;60;8;148;0.65;1003;42;50000;318;4643;0;0;4608.67;8763.679678;generation
0013_ea_personalized_inst03_chordal_n60_k8_d065_s1003_s42;ea_personalized;inst03_chordal_n60_k8_d065_s1003;experiments\20260618_124336_best_configs\instances\inst03_chordal_n60_k8_d065_s1003.txt;chordal;60;8;148;0.65;1003;42;50000;319;4663;0;0;3330.64;6908.726044;generation
0013_ea_personalized_inst03_chordal_n60_k8_d065_s1003_s42;ea_personalized;inst03_chordal_n60_k8_d065_s1003;experiments\20260618_124336_best_configs\instances\inst03_chordal_n60_k8_d065_s1003.txt;chordal;60;8;148;0.65;1003;42;50000;320;4681;0;0;4348.39;9254.32864;generation
0013_ea_personalized_inst03_chordal_n60_k8_d065_s1003_s42;ea_personalized;inst03_chordal_n60_k8_d065_s1003;experiments\20260618_124336_best_configs\instances\inst03_chordal_n60_k8_d065_s1003.txt;chordal;60;8;148;0.65;1003;42;50000;321;4700;0;0;3457.38;7636.511817;generation
0013_ea_personalized_inst03_chordal_n60_k8_d065_s1003_s42;ea_personalized;inst03_chordal_n60_k8_d065_s1003;experiments\20260618_124336_best_configs\instances\inst03_chordal_n60_k8_d065_s1003.txt;chordal;60;8;148;0.65;1003;42;50000;322;4715;0;0;4094.94;7851.230035;generation
0013_ea_personalized_inst03_chordal_n60_k8_d065_s1003_s42;ea_personalized;inst03_chordal_n60_k8_d065_s1003;experiments\20260618_124336_best_configs\instances\inst03_chordal_n60_k8_d065_s1003.txt;chordal;60;8;148;0.65;1003;42;50000;323;4730;0;0;3965.42;6438.734516;generation
0013_ea_personalized_inst03_chordal_n60_k8_d065_s1003_s42;ea_personalized;inst03_chordal_n60_k8_d065_s1003;experiments\20260618_124336_best_configs\instances\inst03_chordal_n60_k8_d065_s1003.txt;chordal;60;8;148;0.65;1003;42;50000;324;4746;0;0;3964.56;8417.840478;generation
0013_ea_personalized_inst03_chordal_n60_k8_d065_s1003_s42;ea_personalized;inst03_chordal_n60_k8_d065_s1003;experiments\20260618_124336_best_configs\instances\inst03_chordal_n60_k8_d065_s1003.txt;chordal;60;8;148;0.65;1003;42;50000;325;4763;0;0;2944.9;6725.954224;generation
0013_ea_personalized_inst03_chordal_n60_k8_d065_s1003_s42;ea_personalized;inst03_chordal_n60_k8_d065_s1003;experiments\20260618_124336_best_configs\instances\inst03_chordal_n60_k8_d065_s1003.txt;chordal;60;8;148;0.65;1003;42;50000;326;4778;0;0;3456.13;6480.092618;generation
0013_ea_personalized_inst03_chordal_n60_k8_d065_s1003_s42;ea_personalized;inst03_chordal_n60_k8_d065_s1003;experiments\20260618_124336_best_configs\instances\inst03_chordal_n60_k8_d065_s1003.txt;chordal;60;8;148;0.65;1003;42;50000;327;4793;0;0;2814.58;5593.836088;generation
0013_ea_personalized_inst03_chordal_n60_k8_d065_s1003_s42;ea_personalized;inst03_chordal_n60_k8_d065_s1003;experiments\20260618_124336_best_configs\instances\inst03_chordal_n60_k8_d065_s1003.txt;chordal;60;8;148;0.65;1003;42;50000;328;4808;0;0;3332.49;7364.609303;generation
0013_ea_personalized_inst03_chordal_n60_k8_d065_s1003_s42;ea_personalized;inst03_chordal_n60_k8_d065_s1003;experiments\20260618_124336_best_configs\instances\inst03_chordal_n60_k8_d065_s1003.txt;chordal;60;8;148;0.65;1003;42;50000;329;4827;0;0;5374.42;10409.60181;generation
0013_ea_personalized_inst03_chordal_n60_k8_d065_s1003_s42;ea_personalized;inst03_chordal_n60_k8_d065_s1003;experiments\20260618_124336_best_configs\instances\inst03_chordal_n60_k8_d065_s1003.txt;chordal;60;8;148;0.65;1003;42;50000;330;4844;0;0;5247.08;9051.188728;generation
0013_ea_personalized_inst03_chordal_n60_k8_d065_s1003_s42;ea_personalized;inst03_chordal_n60_k8_d065_s1003;experiments\20260618_124336_best_configs\instances\inst03_chordal_n60_k8_d065_s1003.txt;chordal;60;8;148;0.65;1003;42;50000;331;4865;0;0;3336.63;7363.241932;generation
0013_ea_personalized_inst03_chordal_n60_k8_d065_s1003_s42;ea_personalized;inst03_chordal_n60_k8_d065_s1003;experiments\20260618_124336_best_configs\instances\inst03_chordal_n60_k8_d065_s1003.txt;chordal;60;8;148;0.65;1003;42;50000;332;4883;0;0;4350;8127.933029;generation
0013_ea_personalized_inst03_chordal_n60_k8_d065_s1003_s42;ea_personalized;inst03_chordal_n60_k8_d065_s1003;experiments\20260618_124336_best_configs\instances\inst03_chordal_n60_k8_d065_s1003.txt;chordal;60;8;148;0.65;1003;42;50000;333;4904;0;0;5244.66;8687.850105;generation
0013_ea_personalized_inst03_chordal_n60_k8_d065_s1003_s42;ea_personalized;inst03_chordal_n60_k8_d065_s1003;experiments\20260618_124336_best_configs\instances\inst03_chordal_n60_k8_d065_s1003.txt;chordal;60;8;148;0.65;1003;42;50000;334;4920;0;0;4732.2;8601.922376;generation
0013_ea_personalized_inst03_chordal_n60_k8_d065_s1003_s42;ea_personalized;inst03_chordal_n60_k8_d065_s1003;experiments\20260618_124336_best_configs\instances\inst03_chordal_n60_k8_d065_s1003.txt;chordal;60;8;148;0.65;1003;42;50000;335;4938;0;0;4861.6;8036.419359;generation
0013_ea_personalized_inst03_chordal_n60_k8_d065_s1003_s42;ea_personalized;inst03_chordal_n60_k8_d065_s1003;experiments\20260618_124336_best_configs\instances\inst03_chordal_n60_k8_d065_s1003.txt;chordal;60;8;148;0.65;1003;42;50000;336;4956;0;0;4863.84;9350.930829;generation
0013_ea_personalized_inst03_chordal_n60_k8_d065_s1003_s42;ea_personalized;inst03_chordal_n60_k8_d065_s1003;experiments\20260618_124336_best_configs\instances\inst03_chordal_n60_k8_d065_s1003.txt;chordal;60;8;148;0.65;1003;42;50000;337;4972;0;0;3589.49;8679.525954;generation
0013_ea_personalized_inst03_chordal_n60_k8_d065_s1003_s42;ea_personalized;inst03_chordal_n60_k8_d065_s1003;experiments\20260618_124336_best_configs\instances\inst03_chordal_n60_k8_d065_s1003.txt;chordal;60;8;148;0.65;1003;42;50000;338;4990;0;0;4860.97;8997.505715;generation
0013_ea_personalized_inst03_chordal_n60_k8_d065_s1003_s42;ea_personalized;inst03_chordal_n60_k8_d065_s1003;experiments\20260618_124336_best_configs\instances\inst03_chordal_n60_k8_d065_s1003.txt;chordal;60;8;148;0.65;1003;42;50000;339;5005;0;0;3200.92;8736.840899;generation
0013_ea_personalized_inst03_chordal_n60_k8_d065_s1003_s42;ea_personalized;inst03_chordal_n60_k8_d065_s1003;experiments\20260618_124336_best_configs\instances\inst03_chordal_n60_k8_d065_s1003.txt;chordal;60;8;148;0.65;1003;42;50000;340;5021;0;0;5244.05;9231.242912;generation
0013_ea_personalized_inst03_chordal_n60_k8_d065_s1003_s42;ea_personalized;inst03_chordal_n60_k8_d065_s1003;experiments\20260618_124336_best_configs\instances\inst03_chordal_n60_k8_d065_s1003.txt;chordal;60;8;148;0.65;1003;42;50000;341;5033;0;0;3713.57;7292.818546;generation
0013_ea_personalized_inst03_chordal_n60_k8_d065_s1003_s42;ea_personalized;inst03_chordal_n60_k8_d065_s1003;experiments\20260618_124336_best_configs\instances\inst03_chordal_n60_k8_d065_s1003.txt;chordal;60;8;148;0.65;1003;42;50000;342;5056;0;0;4349.05;8125.921687;generation
0013_ea_personalized_inst03_chordal_n60_k8_d065_s1003_s42;ea_personalized;inst03_chordal_n60_k8_d065_s1003;experiments\20260618_124336_best_configs\instances\inst03_chordal_n60_k8_d065_s1003.txt;chordal;60;8;148;0.65;1003;42;50000;343;5072;0;0;3838.67;7773.234385;generation
0013_ea_personalized_inst03_chordal_n60_k8_d065_s1003_s42;ea_personalized;inst03_chordal_n60_k8_d065_s1003;experiments\20260618_124336_best_configs\instances\inst03_chordal_n60_k8_d065_s1003.txt;chordal;60;8;148;0.65;1003;42;50000;344;5082;0;0;4602.23;8578.333577;generation
0013_ea_personalized_inst03_chordal_n60_k8_d065_s1003_s42;ea_personalized;inst03_chordal_n60_k8_d065_s1003;experiments\20260618_124336_best_configs\instances\inst03_chordal_n60_k8_d065_s1003.txt;chordal;60;8;148;0.65;1003;42;50000;345;5096;0;0;2813.05;6410.459658;generation
0013_ea_personalized_inst03_chordal_n60_k8_d065_s1003_s42;ea_personalized;inst03_chordal_n60_k8_d065_s1003;experiments\20260618_124336_best_configs\instances\inst03_chordal_n60_k8_d065_s1003.txt;chordal;60;8;148;0.65;1003;42;50000;346;5111;0;0;4477.85;8354.275609;generation
0013_ea_personalized_inst03_chordal_n60_k8_d065_s1003_s42;ea_personalized;inst03_chordal_n60_k8_d065_s1003;experiments\20260618_124336_best_configs\instances\inst03_chordal_n60_k8_d065_s1003.txt;chordal;60;8;148;0.65;1003;42;50000;347;5125;0;0;5246.15;10076.30807;generation
0013_ea_personalized_inst03_chordal_n60_k8_d065_s1003_s42;ea_personalized;inst03_chordal_n60_k8_d065_s1003;experiments\20260618_124336_best_configs\instances\inst03_chordal_n60_k8_d065_s1003.txt;chordal;60;8;148;0.65;1003;42;50000;348;5137;0;0;4606.91;8949.278603;generation
0013_ea_personalized_inst03_chordal_n60_k8_d065_s1003_s42;ea_personalized;inst03_chordal_n60_k8_d065_s1003;experiments\20260618_124336_best_configs\instances\inst03_chordal_n60_k8_d065_s1003.txt;chordal;60;8;148;0.65;1003;42;50000;349;5153;0;0;4351.63;8709.667401;generation
0013_ea_personalized_inst03_chordal_n60_k8_d065_s1003_s42;ea_personalized;inst03_chordal_n60_k8_d065_s1003;experiments\20260618_124336_best_configs\instances\inst03_chordal_n60_k8_d065_s1003.txt;chordal;60;8;148;0.65;1003;42;50000;350;5172;0;0;3457.55;7635.181786;generation
0013_ea_personalized_inst03_chordal_n60_k8_d065_s1003_s42;ea_personalized;inst03_chordal_n60_k8_d065_s1003;experiments\20260618_124336_best_configs\instances\inst03_chordal_n60_k8_d065_s1003.txt;chordal;60;8;148;0.65;1003;42;50000;351;5182;0;0;4858.03;7621.300712;generation
0013_ea_personalized_inst03_chordal_n60_k8_d065_s1003_s42;ea_personalized;inst03_chordal_n60_k8_d065_s1003;experiments\20260618_124336_best_configs\instances\inst03_chordal_n60_k8_d065_s1003.txt;chordal;60;8;148;0.65;1003;42;50000;352;5193;0;0;4607.97;9817.916449;generation
0013_ea_personalized_inst03_chordal_n60_k8_d065_s1003_s42;ea_personalized;inst03_chordal_n60_k8_d065_s1003;experiments\20260618_124336_best_configs\instances\inst03_chordal_n60_k8_d065_s1003.txt;chordal;60;8;148;0.65;1003;42;50000;353;5205;0;0;3072.7;6290.709177;generation
0013_ea_personalized_inst03_chordal_n60_k8_d065_s1003_s42;ea_personalized;inst03_chordal_n60_k8_d065_s1003;experiments\20260618_124336_best_configs\instances\inst03_chordal_n60_k8_d065_s1003.txt;chordal;60;8;148;0.65;1003;42;50000;354;5222;0;0;3586.16;6013.151175;generation
0013_ea_personalized_inst03_chordal_n60_k8_d065_s1003_s42;ea_personalized;inst03_chordal_n60_k8_d065_s1003;experiments\20260618_124336_best_configs\instances\inst03_chordal_n60_k8_d065_s1003.txt;chordal;60;8;148;0.65;1003;42;50000;355;5233;0;0;3079.91;6541.419245;generation
0013_ea_personalized_inst03_chordal_n60_k8_d065_s1003_s42;ea_personalized;inst03_chordal_n60_k8_d065_s1003;experiments\20260618_124336_best_configs\instances\inst03_chordal_n60_k8_d065_s1003.txt;chordal;60;8;148;0.65;1003;42;50000;356;5246;0;0;3587.05;7467.116393;generation
0013_ea_personalized_inst03_chordal_n60_k8_d065_s1003_s42;ea_personalized;inst03_chordal_n60_k8_d065_s1003;experiments\20260618_124336_best_configs\instances\inst03_chordal_n60_k8_d065_s1003.txt;chordal;60;8;148;0.65;1003;42;50000;357;5261;0;0;4096.95;8451.435357;generation
0013_ea_personalized_inst03_chordal_n60_k8_d065_s1003_s42;ea_personalized;inst03_chordal_n60_k8_d065_s1003;experiments\20260618_124336_best_configs\instances\inst03_chordal_n60_k8_d065_s1003.txt;chordal;60;8;148;0.65;1003;42;50000;358;5278;0;0;4990.29;8645.428663;generation
0013_ea_personalized_inst03_chordal_n60_k8_d065_s1003_s42;ea_personalized;inst03_chordal_n60_k8_d065_s1003;experiments\20260618_124336_best_configs\instances\inst03_chordal_n60_k8_d065_s1003.txt;chordal;60;8;148;0.65;1003;42;50000;359;5294;0;0;3837.54;9126.947785;generation
0013_ea_personalized_inst03_chordal_n60_k8_d065_s1003_s42;ea_personalized;inst03_chordal_n60_k8_d065_s1003;experiments\20260618_124336_best_configs\instances\inst03_chordal_n60_k8_d065_s1003.txt;chordal;60;8;148;0.65;1003;42;50000;360;5309;0;0;4477.79;7953.636356;generation
0013_ea_personalized_inst03_chordal_n60_k8_d065_s1003_s42;ea_personalized;inst03_chordal_n60_k8_d065_s1003;experiments\20260618_124336_best_configs\instances\inst03_chordal_n60_k8_d065_s1003.txt;chordal;60;8;148;0.65;1003;42;50000;361;5321;0;0;3712.27;7937.074885;generation
0013_ea_personalized_inst03_chordal_n60_k8_d065_s1003_s42;ea_personalized;inst03_chordal_n60_k8_d065_s1003;experiments\20260618_124336_best_configs\instances\inst03_chordal_n60_k8_d065_s1003.txt;chordal;60;8;148;0.65;1003;42;50000;362;5332;0;0;4735.65;8411.122505;generation
0013_ea_personalized_inst03_chordal_n60_k8_d065_s1003_s42;ea_personalized;inst03_chordal_n60_k8_d065_s1003;experiments\20260618_124336_best_configs\instances\inst03_chordal_n60_k8_d065_s1003.txt;chordal;60;8;148;0.65;1003;42;50000;363;5347;0;0;3838.82;9476.917183;generation
0013_ea_personalized_inst03_chordal_n60_k8_d065_s1003_s42;ea_personalized;inst03_chordal_n60_k8_d065_s1003;experiments\20260618_124336_best_configs\instances\inst03_chordal_n60_k8_d065_s1003.txt;chordal;60;8;148;0.65;1003;42;50000;364;5364;0;0;4733.97;9502.852668;generation
0013_ea_personalized_inst03_chordal_n60_k8_d065_s1003_s42;ea_personalized;inst03_chordal_n60_k8_d065_s1003;experiments\20260618_124336_best_configs\instances\inst03_chordal_n60_k8_d065_s1003.txt;chordal;60;8;148;0.65;1003;42;50000;365;5377;0;0;5372.35;9592.795391;generation
0013_ea_personalized_inst03_chordal_n60_k8_d065_s1003_s42;ea_personalized;inst03_chordal_n60_k8_d065_s1003;experiments\20260618_124336_best_configs\instances\inst03_chordal_n60_k8_d065_s1003.txt;chordal;60;8;148;0.65;1003;42;50000;366;5391;0;0;4606.05;7565.315837;generation
0013_ea_personalized_inst03_chordal_n60_k8_d065_s1003_s42;ea_personalized;inst03_chordal_n60_k8_d065_s1003;experiments\20260618_124336_best_configs\instances\inst03_chordal_n60_k8_d065_s1003.txt;chordal;60;8;148;0.65;1003;42;50000;367;5406;0;0;4351.9;7713.544628;generation
0013_ea_personalized_inst03_chordal_n60_k8_d065_s1003_s42;ea_personalized;inst03_chordal_n60_k8_d065_s1003;experiments\20260618_124336_best_configs\instances\inst03_chordal_n60_k8_d065_s1003.txt;chordal;60;8;148;0.65;1003;42;50000;368;5421;0;0;3585.21;8096.877127;generation
0013_ea_personalized_inst03_chordal_n60_k8_d065_s1003_s42;ea_personalized;inst03_chordal_n60_k8_d065_s1003;experiments\20260618_124336_best_configs\instances\inst03_chordal_n60_k8_d065_s1003.txt;chordal;60;8;148;0.65;1003;42;50000;369;5439;0;0;3836.55;6640.587804;generation
0013_ea_personalized_inst03_chordal_n60_k8_d065_s1003_s42;ea_personalized;inst03_chordal_n60_k8_d065_s1003;experiments\20260618_124336_best_configs\instances\inst03_chordal_n60_k8_d065_s1003.txt;chordal;60;8;148;0.65;1003;42;50000;370;5449;0;0;3834.8;6882.593812;generation
0013_ea_personalized_inst03_chordal_n60_k8_d065_s1003_s42;ea_personalized;inst03_chordal_n60_k8_d065_s1003;experiments\20260618_124336_best_configs\instances\inst03_chordal_n60_k8_d065_s1003.txt;chordal;60;8;148;0.65;1003;42;50000;371;5461;0;0;3453.7;9010.239801;generation
0013_ea_personalized_inst03_chordal_n60_k8_d065_s1003_s42;ea_personalized;inst03_chordal_n60_k8_d065_s1003;experiments\20260618_124336_best_configs\instances\inst03_chordal_n60_k8_d065_s1003.txt;chordal;60;8;148;0.65;1003;42;50000;372;5475;0;0;4350.85;7712.858666;generation
0013_ea_personalized_inst03_chordal_n60_k8_d065_s1003_s42;ea_personalized;inst03_chordal_n60_k8_d065_s1003;experiments\20260618_124336_best_configs\instances\inst03_chordal_n60_k8_d065_s1003.txt;chordal;60;8;148;0.65;1003;42;50000;373;5487;0;0;3964.47;6927.566648;generation
0013_ea_personalized_inst03_chordal_n60_k8_d065_s1003_s42;ea_personalized;inst03_chordal_n60_k8_d065_s1003;experiments\20260618_124336_best_configs\instances\inst03_chordal_n60_k8_d065_s1003.txt;chordal;60;8;148;0.65;1003;42;50000;374;5498;0;0;3585.43;7248.811813;generation
0013_ea_personalized_inst03_chordal_n60_k8_d065_s1003_s42;ea_personalized;inst03_chordal_n60_k8_d065_s1003;experiments\20260618_124336_best_configs\instances\inst03_chordal_n60_k8_d065_s1003.txt;chordal;60;8;148;0.65;1003;42;50000;375;5514;0;0;3839.37;7340.723772;generation
0013_ea_personalized_inst03_chordal_n60_k8_d065_s1003_s42;ea_personalized;inst03_chordal_n60_k8_d065_s1003;experiments\20260618_124336_best_configs\instances\inst03_chordal_n60_k8_d065_s1003.txt;chordal;60;8;148;0.65;1003;42;50000;376;5531;0;0;4860.67;8433.904673;generation
0013_ea_personalized_inst03_chordal_n60_k8_d065_s1003_s42;ea_personalized;inst03_chordal_n60_k8_d065_s1003;experiments\20260618_124336_best_configs\instances\inst03_chordal_n60_k8_d065_s1003.txt;chordal;60;8;148;0.65;1003;42;50000;377;5545;0;0;4731.89;7805.156975;generation
0013_ea_personalized_inst03_chordal_n60_k8_d065_s1003_s42;ea_personalized;inst03_chordal_n60_k8_d065_s1003;experiments\20260618_124336_best_configs\instances\inst03_chordal_n60_k8_d065_s1003.txt;chordal;60;8;148;0.65;1003;42;50000;378;5558;0;0;5248.24;9050.158869;generation
0013_ea_personalized_inst03_chordal_n60_k8_d065_s1003_s42;ea_personalized;inst03_chordal_n60_k8_d065_s1003;experiments\20260618_124336_best_configs\instances\inst03_chordal_n60_k8_d065_s1003.txt;chordal;60;8;148;0.65;1003;42;50000;379;5576;0;0;5124.2;8474.712795;generation
0013_ea_personalized_inst03_chordal_n60_k8_d065_s1003_s42;ea_personalized;inst03_chordal_n60_k8_d065_s1003;experiments\20260618_124336_best_configs\instances\inst03_chordal_n60_k8_d065_s1003.txt;chordal;60;8;148;0.65;1003;42;50000;380;5592;0;0;4487.89;7313.815873;generation
0013_ea_personalized_inst03_chordal_n60_k8_d065_s1003_s42;ea_personalized;inst03_chordal_n60_k8_d065_s1003;experiments\20260618_124336_best_configs\instances\inst03_chordal_n60_k8_d065_s1003.txt;chordal;60;8;148;0.65;1003;42;50000;381;5605;0;0;3970.06;7381.196549;generation
0013_ea_personalized_inst03_chordal_n60_k8_d065_s1003_s42;ea_personalized;inst03_chordal_n60_k8_d065_s1003;experiments\20260618_124336_best_configs\instances\inst03_chordal_n60_k8_d065_s1003.txt;chordal;60;8;148;0.65;1003;42;50000;382;5625;0;0;3073.15;7255.233031;generation
0013_ea_personalized_inst03_chordal_n60_k8_d065_s1003_s42;ea_personalized;inst03_chordal_n60_k8_d065_s1003;experiments\20260618_124336_best_configs\instances\inst03_chordal_n60_k8_d065_s1003.txt;chordal;60;8;148;0.65;1003;42;50000;383;5648;0;0;3712.83;7293.719614;generation
0013_ea_personalized_inst03_chordal_n60_k8_d065_s1003_s42;ea_personalized;inst03_chordal_n60_k8_d065_s1003;experiments\20260618_124336_best_configs\instances\inst03_chordal_n60_k8_d065_s1003.txt;chordal;60;8;148;0.65;1003;42;50000;384;5671;0;0;3838.21;6881.177199;generation
0013_ea_personalized_inst03_chordal_n60_k8_d065_s1003_s42;ea_personalized;inst03_chordal_n60_k8_d065_s1003;experiments\20260618_124336_best_configs\instances\inst03_chordal_n60_k8_d065_s1003.txt;chordal;60;8;148;0.65;1003;42;50000;385;5683;0;0;3330.59;6666.971319;generation
0013_ea_personalized_inst03_chordal_n60_k8_d065_s1003_s42;ea_personalized;inst03_chordal_n60_k8_d065_s1003;experiments\20260618_124336_best_configs\instances\inst03_chordal_n60_k8_d065_s1003.txt;chordal;60;8;148;0.65;1003;42;50000;386;5696;0;0;4604.77;8185.858512;generation
0013_ea_personalized_inst03_chordal_n60_k8_d065_s1003_s42;ea_personalized;inst03_chordal_n60_k8_d065_s1003;experiments\20260618_124336_best_configs\instances\inst03_chordal_n60_k8_d065_s1003.txt;chordal;60;8;148;0.65;1003;42;50000;387;5706;0;0;4475.62;8157.643533;generation
0013_ea_personalized_inst03_chordal_n60_k8_d065_s1003_s42;ea_personalized;inst03_chordal_n60_k8_d065_s1003;experiments\20260618_124336_best_configs\instances\inst03_chordal_n60_k8_d065_s1003.txt;chordal;60;8;148;0.65;1003;42;50000;388;5716;0;0;3456.95;7194.558102;generation
0013_ea_personalized_inst03_chordal_n60_k8_d065_s1003_s42;ea_personalized;inst03_chordal_n60_k8_d065_s1003;experiments\20260618_124336_best_configs\instances\inst03_chordal_n60_k8_d065_s1003.txt;chordal;60;8;148;0.65;1003;42;50000;389;5731;0;0;4352.03;7711.767668;generation
0013_ea_personalized_inst03_chordal_n60_k8_d065_s1003_s42;ea_personalized;inst03_chordal_n60_k8_d065_s1003;experiments\20260618_124336_best_configs\instances\inst03_chordal_n60_k8_d065_s1003.txt;chordal;60;8;148;0.65;1003;42;50000;390;5750;0;0;6647.3;10458.51166;generation
0013_ea_personalized_inst03_chordal_n60_k8_d065_s1003_s42;ea_personalized;inst03_chordal_n60_k8_d065_s1003;experiments\20260618_124336_best_configs\instances\inst03_chordal_n60_k8_d065_s1003.txt;chordal;60;8;148;0.65;1003;42;50000;391;5764;0;0;3710.6;8140.961474;generation
0013_ea_personalized_inst03_chordal_n60_k8_d065_s1003_s42;ea_personalized;inst03_chordal_n60_k8_d065_s1003;experiments\20260618_124336_best_configs\instances\inst03_chordal_n60_k8_d065_s1003.txt;chordal;60;8;148;0.65;1003;42;50000;392;5776;0;0;5243.24;8871.028278;generation
0013_ea_personalized_inst03_chordal_n60_k8_d065_s1003_s42;ea_personalized;inst03_chordal_n60_k8_d065_s1003;experiments\20260618_124336_best_configs\instances\inst03_chordal_n60_k8_d065_s1003.txt;chordal;60;8;148;0.65;1003;42;50000;393;5787;0;0;2686.43;5799.018895;generation
0013_ea_personalized_inst03_chordal_n60_k8_d065_s1003_s42;ea_personalized;inst03_chordal_n60_k8_d065_s1003;experiments\20260618_124336_best_configs\instances\inst03_chordal_n60_k8_d065_s1003.txt;chordal;60;8;148;0.65;1003;42;50000;394;5799;0;0;4478.8;7957.219612;generation
0013_ea_personalized_inst03_chordal_n60_k8_d065_s1003_s42;ea_personalized;inst03_chordal_n60_k8_d065_s1003;experiments\20260618_124336_best_configs\instances\inst03_chordal_n60_k8_d065_s1003.txt;chordal;60;8;148;0.65;1003;42;50000;395;5811;0;0;3840.98;7771.614249;generation
0013_ea_personalized_inst03_chordal_n60_k8_d065_s1003_s42;ea_personalized;inst03_chordal_n60_k8_d065_s1003;experiments\20260618_124336_best_configs\instances\inst03_chordal_n60_k8_d065_s1003.txt;chordal;60;8;148;0.65;1003;42;50000;396;5821;0;0;4097.36;9012.915168;generation
0013_ea_personalized_inst03_chordal_n60_k8_d065_s1003_s42;ea_personalized;inst03_chordal_n60_k8_d065_s1003;experiments\20260618_124336_best_configs\instances\inst03_chordal_n60_k8_d065_s1003.txt;chordal;60;8;148;0.65;1003;42;50000;397;5831;0;0;3837.55;6880.989405;generation
0013_ea_personalized_inst03_chordal_n60_k8_d065_s1003_s42;ea_personalized;inst03_chordal_n60_k8_d065_s1003;experiments\20260618_124336_best_configs\instances\inst03_chordal_n60_k8_d065_s1003.txt;chordal;60;8;148;0.65;1003;42;50000;398;5840;0;0;3582.09;6780.664112;generation
0013_ea_personalized_inst03_chordal_n60_k8_d065_s1003_s42;ea_personalized;inst03_chordal_n60_k8_d065_s1003;experiments\20260618_124336_best_configs\instances\inst03_chordal_n60_k8_d065_s1003.txt;chordal;60;8;148;0.65;1003;42;50000;399;5851;0;0;5755.98;10748.10185;generation
0013_ea_personalized_inst03_chordal_n60_k8_d065_s1003_s42;ea_personalized;inst03_chordal_n60_k8_d065_s1003;experiments\20260618_124336_best_configs\instances\inst03_chordal_n60_k8_d065_s1003.txt;chordal;60;8;148;0.65;1003;42;50000;400;5862;0;0;4481.74;10120.81336;generation
0013_ea_personalized_inst03_chordal_n60_k8_d065_s1003_s42;ea_personalized;inst03_chordal_n60_k8_d065_s1003;experiments\20260618_124336_best_configs\instances\inst03_chordal_n60_k8_d065_s1003.txt;chordal;60;8;148;0.65;1003;42;50000;401;5875;0;0;3456.93;7418.092398;generation
0013_ea_personalized_inst03_chordal_n60_k8_d065_s1003_s42;ea_personalized;inst03_chordal_n60_k8_d065_s1003;experiments\20260618_124336_best_configs\instances\inst03_chordal_n60_k8_d065_s1003.txt;chordal;60;8;148;0.65;1003;42;50000;402;5893;0;0;3710.13;7294.908472;generation
0013_ea_personalized_inst03_chordal_n60_k8_d065_s1003_s42;ea_personalized;inst03_chordal_n60_k8_d065_s1003;experiments\20260618_124336_best_configs\instances\inst03_chordal_n60_k8_d065_s1003.txt;chordal;60;8;148;0.65;1003;42;50000;403;5912;0;0;5115.43;7451.094482;generation
0013_ea_personalized_inst03_chordal_n60_k8_d065_s1003_s42;ea_personalized;inst03_chordal_n60_k8_d065_s1003;experiments\20260618_124336_best_configs\instances\inst03_chordal_n60_k8_d065_s1003.txt;chordal;60;8;148;0.65;1003;42;50000;404;5925;0;0;3583.05;7017.975377;generation
0013_ea_personalized_inst03_chordal_n60_k8_d065_s1003_s42;ea_personalized;inst03_chordal_n60_k8_d065_s1003;experiments\20260618_124336_best_configs\instances\inst03_chordal_n60_k8_d065_s1003.txt;chordal;60;8;148;0.65;1003;42;50000;405;5935;0;0;3842.32;6880.467757;generation
0013_ea_personalized_inst03_chordal_n60_k8_d065_s1003_s42;ea_personalized;inst03_chordal_n60_k8_d065_s1003;experiments\20260618_124336_best_configs\instances\inst03_chordal_n60_k8_d065_s1003.txt;chordal;60;8;148;0.65;1003;42;50000;406;5953;0;0;3711.24;6831.521115;generation
0013_ea_personalized_inst03_chordal_n60_k8_d065_s1003_s42;ea_personalized;inst03_chordal_n60_k8_d065_s1003;experiments\20260618_124336_best_configs\instances\inst03_chordal_n60_k8_d065_s1003.txt;chordal;60;8;148;0.65;1003;42;50000;407;5971;0;0;3714.93;7293.971995;generation
0013_ea_personalized_inst03_chordal_n60_k8_d065_s1003_s42;ea_personalized;inst03_chordal_n60_k8_d065_s1003;experiments\20260618_124336_best_configs\instances\inst03_chordal_n60_k8_d065_s1003.txt;chordal;60;8;148;0.65;1003;42;50000;408;5989;0;0;4478.08;8736.579977;generation
0013_ea_personalized_inst03_chordal_n60_k8_d065_s1003_s42;ea_personalized;inst03_chordal_n60_k8_d065_s1003;experiments\20260618_124336_best_configs\instances\inst03_chordal_n60_k8_d065_s1003.txt;chordal;60;8;148;0.65;1003;42;50000;409;6004;0;0;4475.25;8548.920312;generation
0013_ea_personalized_inst03_chordal_n60_k8_d065_s1003_s42;ea_personalized;inst03_chordal_n60_k8_d065_s1003;experiments\20260618_124336_best_configs\instances\inst03_chordal_n60_k8_d065_s1003.txt;chordal;60;8;148;0.65;1003;42;50000;410;6020;0;0;3324.96;6160.476494;generation
0013_ea_personalized_inst03_chordal_n60_k8_d065_s1003_s42;ea_personalized;inst03_chordal_n60_k8_d065_s1003;experiments\20260618_124336_best_configs\instances\inst03_chordal_n60_k8_d065_s1003.txt;chordal;60;8;148;0.65;1003;42;50000;411;6035;0;0;3328.95;7584.673332;generation
0013_ea_personalized_inst03_chordal_n60_k8_d065_s1003_s42;ea_personalized;inst03_chordal_n60_k8_d065_s1003;experiments\20260618_124336_best_configs\instances\inst03_chordal_n60_k8_d065_s1003.txt;chordal;60;8;148;0.65;1003;42;50000;412;6045;0;0;4093.1;7854.376658;generation
0013_ea_personalized_inst03_chordal_n60_k8_d065_s1003_s42;ea_personalized;inst03_chordal_n60_k8_d065_s1003;experiments\20260618_124336_best_configs\instances\inst03_chordal_n60_k8_d065_s1003.txt;chordal;60;8;148;0.65;1003;42;50000;413;6059;0;0;5499.42;8901.492672;generation
0013_ea_personalized_inst03_chordal_n60_k8_d065_s1003_s42;ea_personalized;inst03_chordal_n60_k8_d065_s1003;experiments\20260618_124336_best_configs\instances\inst03_chordal_n60_k8_d065_s1003.txt;chordal;60;8;148;0.65;1003;42;50000;414;6076;0;0;4222.05;7677.956014;generation
0013_ea_personalized_inst03_chordal_n60_k8_d065_s1003_s42;ea_personalized;inst03_chordal_n60_k8_d065_s1003;experiments\20260618_124336_best_configs\instances\inst03_chordal_n60_k8_d065_s1003.txt;chordal;60;8;148;0.65;1003;42;50000;415;6095;0;0;4478.48;8158.508133;generation
0013_ea_personalized_inst03_chordal_n60_k8_d065_s1003_s42;ea_personalized;inst03_chordal_n60_k8_d065_s1003;experiments\20260618_124336_best_configs\instances\inst03_chordal_n60_k8_d065_s1003.txt;chordal;60;8;148;0.65;1003;42;50000;416;6113;0;0;3711.21;7514.623157;generation
0013_ea_personalized_inst03_chordal_n60_k8_d065_s1003_s42;ea_personalized;inst03_chordal_n60_k8_d065_s1003;experiments\20260618_124336_best_configs\instances\inst03_chordal_n60_k8_d065_s1003.txt;chordal;60;8;148;0.65;1003;42;50000;417;6127;0;0;4092.75;7641.758388;generation
0013_ea_personalized_inst03_chordal_n60_k8_d065_s1003_s42;ea_personalized;inst03_chordal_n60_k8_d065_s1003;experiments\20260618_124336_best_configs\instances\inst03_chordal_n60_k8_d065_s1003.txt;chordal;60;8;148;0.65;1003;42;50000;418;6140;0;0;4350.76;7713.521433;generation
0013_ea_personalized_inst03_chordal_n60_k8_d065_s1003_s42;ea_personalized;inst03_chordal_n60_k8_d065_s1003;experiments\20260618_124336_best_configs\instances\inst03_chordal_n60_k8_d065_s1003.txt;chordal;60;8;148;0.65;1003;42;50000;419;6155;0;0;3587.18;7014.829816;generation
0013_ea_personalized_inst03_chordal_n60_k8_d065_s1003_s42;ea_personalized;inst03_chordal_n60_k8_d065_s1003;experiments\20260618_124336_best_configs\instances\inst03_chordal_n60_k8_d065_s1003.txt;chordal;60;8;148;0.65;1003;42;50000;420;6174;0;0;4093.63;8057.391123;generation
0013_ea_personalized_inst03_chordal_n60_k8_d065_s1003_s42;ea_personalized;inst03_chordal_n60_k8_d065_s1003;experiments\20260618_124336_best_configs\instances\inst03_chordal_n60_k8_d065_s1003.txt;chordal;60;8;148;0.65;1003;42;50000;421;6193;0;0;4093.98;7201.108385;generation
0013_ea_personalized_inst03_chordal_n60_k8_d065_s1003_s42;ea_personalized;inst03_chordal_n60_k8_d065_s1003;experiments\20260618_124336_best_configs\instances\inst03_chordal_n60_k8_d065_s1003.txt;chordal;60;8;148;0.65;1003;42;50000;422;6211;0;0;5118.74;9034.66498;generation
0013_ea_personalized_inst03_chordal_n60_k8_d065_s1003_s42;ea_personalized;inst03_chordal_n60_k8_d065_s1003;experiments\20260618_124336_best_configs\instances\inst03_chordal_n60_k8_d065_s1003.txt;chordal;60;8;148;0.65;1003;42;50000;423;6227;0;0;4992.34;8459.59173;generation
0013_ea_personalized_inst03_chordal_n60_k8_d065_s1003_s42;ea_personalized;inst03_chordal_n60_k8_d065_s1003;experiments\20260618_124336_best_configs\instances\inst03_chordal_n60_k8_d065_s1003.txt;chordal;60;8;148;0.65;1003;42;50000;424;6241;0;0;4347.53;8708.869483;generation
0013_ea_personalized_inst03_chordal_n60_k8_d065_s1003_s42;ea_personalized;inst03_chordal_n60_k8_d065_s1003;experiments\20260618_124336_best_configs\instances\inst03_chordal_n60_k8_d065_s1003.txt;chordal;60;8;148;0.65;1003;42;50000;425;6264;0;0;3709.15;7295.279647;generation
0013_ea_personalized_inst03_chordal_n60_k8_d065_s1003_s42;ea_personalized;inst03_chordal_n60_k8_d065_s1003;experiments\20260618_124336_best_configs\instances\inst03_chordal_n60_k8_d065_s1003.txt;chordal;60;8;148;0.65;1003;42;50000;426;6292;0;0;3070.9;6290.973154;generation
0013_ea_personalized_inst03_chordal_n60_k8_d065_s1003_s42;ea_personalized;inst03_chordal_n60_k8_d065_s1003;experiments\20260618_124336_best_configs\instances\inst03_chordal_n60_k8_d065_s1003.txt;chordal;60;8;148;0.65;1003;42;50000;427;6312;0;0;4733.49;8216.071691;generation
0013_ea_personalized_inst03_chordal_n60_k8_d065_s1003_s42;ea_personalized;inst03_chordal_n60_k8_d065_s1003;experiments\20260618_124336_best_configs\instances\inst03_chordal_n60_k8_d065_s1003.txt;chordal;60;8;148;0.65;1003;42;50000;428;6340;0;0;5628.28;9953.196826;generation
0013_ea_personalized_inst03_chordal_n60_k8_d065_s1003_s42;ea_personalized;inst03_chordal_n60_k8_d065_s1003;experiments\20260618_124336_best_configs\instances\inst03_chordal_n60_k8_d065_s1003.txt;chordal;60;8;148;0.65;1003;42;50000;429;6366;0;0;6396.94;9301.971189;generation
0013_ea_personalized_inst03_chordal_n60_k8_d065_s1003_s42;ea_personalized;inst03_chordal_n60_k8_d065_s1003;experiments\20260618_124336_best_configs\instances\inst03_chordal_n60_k8_d065_s1003.txt;chordal;60;8;148;0.65;1003;42;50000;430;6391;0;0;4861.32;8812.818323;generation
0013_ea_personalized_inst03_chordal_n60_k8_d065_s1003_s42;ea_personalized;inst03_chordal_n60_k8_d065_s1003;experiments\20260618_124336_best_configs\instances\inst03_chordal_n60_k8_d065_s1003.txt;chordal;60;8;148;0.65;1003;42;50000;431;6412;0;0;3968.94;8221.250211;generation
0013_ea_personalized_inst03_chordal_n60_k8_d065_s1003_s42;ea_personalized;inst03_chordal_n60_k8_d065_s1003;experiments\20260618_124336_best_configs\instances\inst03_chordal_n60_k8_d065_s1003.txt;chordal;60;8;148;0.65;1003;42;50000;432;6434;0;0;3584.57;7467.977745;generation
0013_ea_personalized_inst03_chordal_n60_k8_d065_s1003_s42;ea_personalized;inst03_chordal_n60_k8_d065_s1003;experiments\20260618_124336_best_configs\instances\inst03_chordal_n60_k8_d065_s1003.txt;chordal;60;8;148;0.65;1003;42;50000;433;6453;0;0;3711.05;7515.71231;generation
0013_ea_personalized_inst03_chordal_n60_k8_d065_s1003_s42;ea_personalized;inst03_chordal_n60_k8_d065_s1003;experiments\20260618_124336_best_configs\instances\inst03_chordal_n60_k8_d065_s1003.txt;chordal;60;8;148;0.65;1003;42;50000;434;6481;0;0;6140.19;11209.4848;generation
0013_ea_personalized_inst03_chordal_n60_k8_d065_s1003_s42;ea_personalized;inst03_chordal_n60_k8_d065_s1003;experiments\20260618_124336_best_configs\instances\inst03_chordal_n60_k8_d065_s1003.txt;chordal;60;8;148;0.65;1003;42;50000;435;6514;0;0;4101.49;8255.538418;generation
0013_ea_personalized_inst03_chordal_n60_k8_d065_s1003_s42;ea_personalized;inst03_chordal_n60_k8_d065_s1003;experiments\20260618_124336_best_configs\instances\inst03_chordal_n60_k8_d065_s1003.txt;chordal;60;8;148;0.65;1003;42;50000;436;6543;0;0;3452.93;7419.742051;generation
0013_ea_personalized_inst03_chordal_n60_k8_d065_s1003_s42;ea_personalized;inst03_chordal_n60_k8_d065_s1003;experiments\20260618_124336_best_configs\instances\inst03_chordal_n60_k8_d065_s1003.txt;chordal;60;8;148;0.65;1003;42;50000;437;6565;0;0;4734.49;9329.115568;generation
0013_ea_personalized_inst03_chordal_n60_k8_d065_s1003_s42;ea_personalized;inst03_chordal_n60_k8_d065_s1003;experiments\20260618_124336_best_configs\instances\inst03_chordal_n60_k8_d065_s1003.txt;chordal;60;8;148;0.65;1003;42;50000;438;6590;0;0;4862.08;9174.667618;generation
0013_ea_personalized_inst03_chordal_n60_k8_d065_s1003_s42;ea_personalized;inst03_chordal_n60_k8_d065_s1003;experiments\20260618_124336_best_configs\instances\inst03_chordal_n60_k8_d065_s1003.txt;chordal;60;8;148;0.65;1003;42;50000;439;6609;0;0;3455.36;8253.493073;generation
0013_ea_personalized_inst03_chordal_n60_k8_d065_s1003_s42;ea_personalized;inst03_chordal_n60_k8_d065_s1003;experiments\20260618_124336_best_configs\instances\inst03_chordal_n60_k8_d065_s1003.txt;chordal;60;8;148;0.65;1003;42;50000;440;6627;0;0;5629.2;8911.754362;generation
0013_ea_personalized_inst03_chordal_n60_k8_d065_s1003_s42;ea_personalized;inst03_chordal_n60_k8_d065_s1003;experiments\20260618_124336_best_configs\instances\inst03_chordal_n60_k8_d065_s1003.txt;chordal;60;8;148;0.65;1003;42;50000;441;6652;0;0;2815.53;6149.799827;generation
0013_ea_personalized_inst03_chordal_n60_k8_d065_s1003_s42;ea_personalized;inst03_chordal_n60_k8_d065_s1003;experiments\20260618_124336_best_configs\instances\inst03_chordal_n60_k8_d065_s1003.txt;chordal;60;8;148;0.65;1003;42;50000;442;6675;0;0;3711.94;8532.596237;generation
0013_ea_personalized_inst03_chordal_n60_k8_d065_s1003_s42;ea_personalized;inst03_chordal_n60_k8_d065_s1003;experiments\20260618_124336_best_configs\instances\inst03_chordal_n60_k8_d065_s1003.txt;chordal;60;8;148;0.65;1003;42;50000;443;6697;0;0;3710.92;8339.063566;generation
0013_ea_personalized_inst03_chordal_n60_k8_d065_s1003_s42;ea_personalized;inst03_chordal_n60_k8_d065_s1003;experiments\20260618_124336_best_configs\instances\inst03_chordal_n60_k8_d065_s1003.txt;chordal;60;8;148;0.65;1003;42;50000;444;6716;0;0;2691.54;5511.089857;generation
0013_ea_personalized_inst03_chordal_n60_k8_d065_s1003_s42;ea_personalized;inst03_chordal_n60_k8_d065_s1003;experiments\20260618_124336_best_configs\instances\inst03_chordal_n60_k8_d065_s1003.txt;chordal;60;8;148;0.65;1003;42;50000;445;6734;0;0;4861.62;8625.929058;generation
0013_ea_personalized_inst03_chordal_n60_k8_d065_s1003_s42;ea_personalized;inst03_chordal_n60_k8_d065_s1003;experiments\20260618_124336_best_configs\instances\inst03_chordal_n60_k8_d065_s1003.txt;chordal;60;8;148;0.65;1003;42;50000;446;6750;0;0;3965.64;7605.295657;generation
0013_ea_personalized_inst03_chordal_n60_k8_d065_s1003_s42;ea_personalized;inst03_chordal_n60_k8_d065_s1003;experiments\20260618_124336_best_configs\instances\inst03_chordal_n60_k8_d065_s1003.txt;chordal;60;8;148;0.65;1003;42;50000;447;6765;0;0;4860.35;10503.69248;generation
0013_ea_personalized_inst03_chordal_n60_k8_d065_s1003_s42;ea_personalized;inst03_chordal_n60_k8_d065_s1003;experiments\20260618_124336_best_configs\instances\inst03_chordal_n60_k8_d065_s1003.txt;chordal;60;8;148;0.65;1003;42;50000;448;6782;0;0;3711.47;8907.142897;generation
0013_ea_personalized_inst03_chordal_n60_k8_d065_s1003_s42;ea_personalized;inst03_chordal_n60_k8_d065_s1003;experiments\20260618_124336_best_configs\instances\inst03_chordal_n60_k8_d065_s1003.txt;chordal;60;8;148;0.65;1003;42;50000;449;6796;0;0;3074.88;7256.092591;generation
0013_ea_personalized_inst03_chordal_n60_k8_d065_s1003_s42;ea_personalized;inst03_chordal_n60_k8_d065_s1003;experiments\20260618_124336_best_configs\instances\inst03_chordal_n60_k8_d065_s1003.txt;chordal;60;8;148;0.65;1003;42;50000;450;6808;0;0;4857.54;8814.710316;generation
0013_ea_personalized_inst03_chordal_n60_k8_d065_s1003_s42;ea_personalized;inst03_chordal_n60_k8_d065_s1003;experiments\20260618_124336_best_configs\instances\inst03_chordal_n60_k8_d065_s1003.txt;chordal;60;8;148;0.65;1003;42;50000;451;6822;0;0;3587.26;7243.927418;generation
0013_ea_personalized_inst03_chordal_n60_k8_d065_s1003_s42;ea_personalized;inst03_chordal_n60_k8_d065_s1003;experiments\20260618_124336_best_configs\instances\inst03_chordal_n60_k8_d065_s1003.txt;chordal;60;8;148;0.65;1003;42;50000;452;6832;0;0;4610.78;8380.215912;generation
0013_ea_personalized_inst03_chordal_n60_k8_d065_s1003_s42;ea_personalized;inst03_chordal_n60_k8_d065_s1003;experiments\20260618_124336_best_configs\instances\inst03_chordal_n60_k8_d065_s1003.txt;chordal;60;8;148;0.65;1003;42;50000;453;6848;0;0;4734.52;9155.51783;generation
0013_ea_personalized_inst03_chordal_n60_k8_d065_s1003_s42;ea_personalized;inst03_chordal_n60_k8_d065_s1003;experiments\20260618_124336_best_configs\instances\inst03_chordal_n60_k8_d065_s1003.txt;chordal;60;8;148;0.65;1003;42;50000;454;6860;0;0;3966.21;7601.237343;generation
0013_ea_personalized_inst03_chordal_n60_k8_d065_s1003_s42;ea_personalized;inst03_chordal_n60_k8_d065_s1003;experiments\20260618_124336_best_configs\instances\inst03_chordal_n60_k8_d065_s1003.txt;chordal;60;8;148;0.65;1003;42;50000;455;6873;0;0;3583.83;6783.600865;generation
0013_ea_personalized_inst03_chordal_n60_k8_d065_s1003_s42;ea_personalized;inst03_chordal_n60_k8_d065_s1003;experiments\20260618_124336_best_configs\instances\inst03_chordal_n60_k8_d065_s1003.txt;chordal;60;8;148;0.65;1003;42;50000;456;6888;0;0;2563.18;6258.594704;generation
0013_ea_personalized_inst03_chordal_n60_k8_d065_s1003_s42;ea_personalized;inst03_chordal_n60_k8_d065_s1003;experiments\20260618_124336_best_configs\instances\inst03_chordal_n60_k8_d065_s1003.txt;chordal;60;8;148;0.65;1003;42;50000;457;6898;0;0;3583;8491.554434;generation
0013_ea_personalized_inst03_chordal_n60_k8_d065_s1003_s42;ea_personalized;inst03_chordal_n60_k8_d065_s1003;experiments\20260618_124336_best_configs\instances\inst03_chordal_n60_k8_d065_s1003.txt;chordal;60;8;148;0.65;1003;42;50000;458;6912;0;0;4602.62;8384.16511;generation
0013_ea_personalized_inst03_chordal_n60_k8_d065_s1003_s42;ea_personalized;inst03_chordal_n60_k8_d065_s1003;experiments\20260618_124336_best_configs\instances\inst03_chordal_n60_k8_d065_s1003.txt;chordal;60;8;148;0.65;1003;42;50000;459;6926;0;0;3965.1;7602.823801;generation
0013_ea_personalized_inst03_chordal_n60_k8_d065_s1003_s42;ea_personalized;inst03_chordal_n60_k8_d065_s1003;experiments\20260618_124336_best_configs\instances\inst03_chordal_n60_k8_d065_s1003.txt;chordal;60;8;148;0.65;1003;42;50000;460;6937;0;0;3711.89;7728.636313;generation
0013_ea_personalized_inst03_chordal_n60_k8_d065_s1003_s42;ea_personalized;inst03_chordal_n60_k8_d065_s1003;experiments\20260618_124336_best_configs\instances\inst03_chordal_n60_k8_d065_s1003.txt;chordal;60;8;148;0.65;1003;42;50000;461;6948;0;0;3709.2;7515.598673;generation
0013_ea_personalized_inst03_chordal_n60_k8_d065_s1003_s42;ea_personalized;inst03_chordal_n60_k8_d065_s1003;experiments\20260618_124336_best_configs\instances\inst03_chordal_n60_k8_d065_s1003.txt;chordal;60;8;148;0.65;1003;42;50000;462;6960;0;0;2947.37;6219.86216;generation
0013_ea_personalized_inst03_chordal_n60_k8_d065_s1003_s42;ea_personalized;inst03_chordal_n60_k8_d065_s1003;experiments\20260618_124336_best_configs\instances\inst03_chordal_n60_k8_d065_s1003.txt;chordal;60;8;148;0.65;1003;42;50000;463;6973;0;0;2688.45;6590.241086;generation
0013_ea_personalized_inst03_chordal_n60_k8_d065_s1003_s42;ea_personalized;inst03_chordal_n60_k8_d065_s1003;experiments\20260618_124336_best_configs\instances\inst03_chordal_n60_k8_d065_s1003.txt;chordal;60;8;148;0.65;1003;42;50000;464;6988;0;0;4986.94;8834.229353;generation
0013_ea_personalized_inst03_chordal_n60_k8_d065_s1003_s42;ea_personalized;inst03_chordal_n60_k8_d065_s1003;experiments\20260618_124336_best_configs\instances\inst03_chordal_n60_k8_d065_s1003.txt;chordal;60;8;148;0.65;1003;42;50000;465;7004;0;0;4606.26;8384.127694;generation
0013_ea_personalized_inst03_chordal_n60_k8_d065_s1003_s42;ea_personalized;inst03_chordal_n60_k8_d065_s1003;experiments\20260618_124336_best_configs\instances\inst03_chordal_n60_k8_d065_s1003.txt;chordal;60;8;148;0.65;1003;42;50000;466;7016;0;0;3583.82;6279.403136;generation
0013_ea_personalized_inst03_chordal_n60_k8_d065_s1003_s42;ea_personalized;inst03_chordal_n60_k8_d065_s1003;experiments\20260618_124336_best_configs\instances\inst03_chordal_n60_k8_d065_s1003.txt;chordal;60;8;148;0.65;1003;42;50000;467;7029;0;0;3200.69;8547.899818;generation
0013_ea_personalized_inst03_chordal_n60_k8_d065_s1003_s42;ea_personalized;inst03_chordal_n60_k8_d065_s1003;experiments\20260618_124336_best_configs\instances\inst03_chordal_n60_k8_d065_s1003.txt;chordal;60;8;148;0.65;1003;42;50000;468;7044;0;0;3964.79;8221.387018;generation
0013_ea_personalized_inst03_chordal_n60_k8_d065_s1003_s42;ea_personalized;inst03_chordal_n60_k8_d065_s1003;experiments\20260618_124336_best_configs\instances\inst03_chordal_n60_k8_d065_s1003.txt;chordal;60;8;148;0.65;1003;42;50000;469;7059;0;0;4348.22;7278.085169;generation
0013_ea_personalized_inst03_chordal_n60_k8_d065_s1003_s42;ea_personalized;inst03_chordal_n60_k8_d065_s1003;experiments\20260618_124336_best_configs\instances\inst03_chordal_n60_k8_d065_s1003.txt;chordal;60;8;148;0.65;1003;42;50000;470;7078;0;0;3327.42;7585.349208;generation
0013_ea_personalized_inst03_chordal_n60_k8_d065_s1003_s42;ea_personalized;inst03_chordal_n60_k8_d065_s1003;experiments\20260618_124336_best_configs\instances\inst03_chordal_n60_k8_d065_s1003.txt;chordal;60;8;148;0.65;1003;42;50000;471;7103;0;0;2941.88;6479.602266;generation
0013_ea_personalized_inst03_chordal_n60_k8_d065_s1003_s42;ea_personalized;inst03_chordal_n60_k8_d065_s1003;experiments\20260618_124336_best_configs\instances\inst03_chordal_n60_k8_d065_s1003.txt;chordal;60;8;148;0.65;1003;42;50000;472;7121;0;0;3582.32;7468.571525;generation
0013_ea_personalized_inst03_chordal_n60_k8_d065_s1003_s42;ea_personalized;inst03_chordal_n60_k8_d065_s1003;experiments\20260618_124336_best_configs\instances\inst03_chordal_n60_k8_d065_s1003.txt;chordal;60;8;148;0.65;1003;42;50000;473;7135;0;0;5246.53;10396.75914;generation
0013_ea_personalized_inst03_chordal_n60_k8_d065_s1003_s42;ea_personalized;inst03_chordal_n60_k8_d065_s1003;experiments\20260618_124336_best_configs\instances\inst03_chordal_n60_k8_d065_s1003.txt;chordal;60;8;148;0.65;1003;42;50000;474;7152;0;0;4611.13;7980.137394;generation
0013_ea_personalized_inst03_chordal_n60_k8_d065_s1003_s42;ea_personalized;inst03_chordal_n60_k8_d065_s1003;experiments\20260618_124336_best_configs\instances\inst03_chordal_n60_k8_d065_s1003.txt;chordal;60;8;148;0.65;1003;42;50000;475;7161;0;0;2951.29;6479.471041;generation
0013_ea_personalized_inst03_chordal_n60_k8_d065_s1003_s42;ea_personalized;inst03_chordal_n60_k8_d065_s1003;experiments\20260618_124336_best_configs\instances\inst03_chordal_n60_k8_d065_s1003.txt;chordal;60;8;148;0.65;1003;42;50000;476;7174;0;0;3325.11;7798.689013;generation
0013_ea_personalized_inst03_chordal_n60_k8_d065_s1003_s42;ea_personalized;inst03_chordal_n60_k8_d065_s1003;experiments\20260618_124336_best_configs\instances\inst03_chordal_n60_k8_d065_s1003.txt;chordal;60;8;148;0.65;1003;42;50000;477;7187;0;0;2816.54;6148.718428;generation
0013_ea_personalized_inst03_chordal_n60_k8_d065_s1003_s42;ea_personalized;inst03_chordal_n60_k8_d065_s1003;experiments\20260618_124336_best_configs\instances\inst03_chordal_n60_k8_d065_s1003.txt;chordal;60;8;148;0.65;1003;42;50000;478;7197;0;0;3455.49;5952.553053;generation
0013_ea_personalized_inst03_chordal_n60_k8_d065_s1003_s42;ea_personalized;inst03_chordal_n60_k8_d065_s1003;experiments\20260618_124336_best_configs\instances\inst03_chordal_n60_k8_d065_s1003.txt;chordal;60;8;148;0.65;1003;42;50000;479;7210;0;0;3835.69;7115.627895;generation
0013_ea_personalized_inst03_chordal_n60_k8_d065_s1003_s42;ea_personalized;inst03_chordal_n60_k8_d065_s1003;experiments\20260618_124336_best_configs\instances\inst03_chordal_n60_k8_d065_s1003.txt;chordal;60;8;148;0.65;1003;42;50000;480;7221;0;0;5115.8;8281.323179;generation
0013_ea_personalized_inst03_chordal_n60_k8_d065_s1003_s42;ea_personalized;inst03_chordal_n60_k8_d065_s1003;experiments\20260618_124336_best_configs\instances\inst03_chordal_n60_k8_d065_s1003.txt;chordal;60;8;148;0.65;1003;42;50000;481;7231;0;0;5117.94;9035.269807;generation
0013_ea_personalized_inst03_chordal_n60_k8_d065_s1003_s42;ea_personalized;inst03_chordal_n60_k8_d065_s1003;experiments\20260618_124336_best_configs\instances\inst03_chordal_n60_k8_d065_s1003.txt;chordal;60;8;148;0.65;1003;42;50000;482;7241;0;0;4607.48;8764.104153;generation
0013_ea_personalized_inst03_chordal_n60_k8_d065_s1003_s42;ea_personalized;inst03_chordal_n60_k8_d065_s1003;experiments\20260618_124336_best_configs\instances\inst03_chordal_n60_k8_d065_s1003.txt;chordal;60;8;148;0.65;1003;42;50000;483;7252;0;0;3204.4;7312.167145;generation
0013_ea_personalized_inst03_chordal_n60_k8_d065_s1003_s42;ea_personalized;inst03_chordal_n60_k8_d065_s1003;experiments\20260618_124336_best_configs\instances\inst03_chordal_n60_k8_d065_s1003.txt;chordal;60;8;148;0.65;1003;42;50000;484;7262;0;0;3709.4;6336.717565;generation
0013_ea_personalized_inst03_chordal_n60_k8_d065_s1003_s42;ea_personalized;inst03_chordal_n60_k8_d065_s1003;experiments\20260618_124336_best_configs\instances\inst03_chordal_n60_k8_d065_s1003.txt;chordal;60;8;148;0.65;1003;42;50000;485;7273;0;0;3838.71;7339.845487;generation
0013_ea_personalized_inst03_chordal_n60_k8_d065_s1003_s42;ea_personalized;inst03_chordal_n60_k8_d065_s1003;experiments\20260618_124336_best_configs\instances\inst03_chordal_n60_k8_d065_s1003.txt;chordal;60;8;148;0.65;1003;42;50000;486;7282;0;0;3843.75;7111.14213;generation
0013_ea_personalized_inst03_chordal_n60_k8_d065_s1003_s42;ea_personalized;inst03_chordal_n60_k8_d065_s1003;experiments\20260618_124336_best_configs\instances\inst03_chordal_n60_k8_d065_s1003.txt;chordal;60;8;148;0.65;1003;42;50000;487;7297;0;0;5119.96;9560.819788;generation
0013_ea_personalized_inst03_chordal_n60_k8_d065_s1003_s42;ea_personalized;inst03_chordal_n60_k8_d065_s1003;experiments\20260618_124336_best_configs\instances\inst03_chordal_n60_k8_d065_s1003.txt;chordal;60;8;148;0.65;1003;42;50000;488;7312;0;0;3456.3;6963.868502;generation
0013_ea_personalized_inst03_chordal_n60_k8_d065_s1003_s42;ea_personalized;inst03_chordal_n60_k8_d065_s1003;experiments\20260618_124336_best_configs\instances\inst03_chordal_n60_k8_d065_s1003.txt;chordal;60;8;148;0.65;1003;42;50000;489;7329;0;0;3841.52;7978.315515;generation
0013_ea_personalized_inst03_chordal_n60_k8_d065_s1003_s42;ea_personalized;inst03_chordal_n60_k8_d065_s1003;experiments\20260618_124336_best_configs\instances\inst03_chordal_n60_k8_d065_s1003.txt;chordal;60;8;148;0.65;1003;42;50000;490;7342;0;0;4605.26;8948.696387;generation
0013_ea_personalized_inst03_chordal_n60_k8_d065_s1003_s42;ea_personalized;inst03_chordal_n60_k8_d065_s1003;experiments\20260618_124336_best_configs\instances\inst03_chordal_n60_k8_d065_s1003.txt;chordal;60;8;148;0.65;1003;42;50000;491;7353;0;0;3324.48;6910.520935;generation
0013_ea_personalized_inst03_chordal_n60_k8_d065_s1003_s42;ea_personalized;inst03_chordal_n60_k8_d065_s1003;experiments\20260618_124336_best_configs\instances\inst03_chordal_n60_k8_d065_s1003.txt;chordal;60;8;148;0.65;1003;42;50000;492;7363;0;0;3201.67;6607.918274;generation
0013_ea_personalized_inst03_chordal_n60_k8_d065_s1003_s42;ea_personalized;inst03_chordal_n60_k8_d065_s1003;experiments\20260618_124336_best_configs\instances\inst03_chordal_n60_k8_d065_s1003.txt;chordal;60;8;148;0.65;1003;42;50000;493;7373;0;0;4859.49;8237.961645;generation
0013_ea_personalized_inst03_chordal_n60_k8_d065_s1003_s42;ea_personalized;inst03_chordal_n60_k8_d065_s1003;experiments\20260618_124336_best_configs\instances\inst03_chordal_n60_k8_d065_s1003.txt;chordal;60;8;148;0.65;1003;42;50000;494;7387;0;0;5243.73;9231.350994;generation
0013_ea_personalized_inst03_chordal_n60_k8_d065_s1003_s42;ea_personalized;inst03_chordal_n60_k8_d065_s1003;experiments\20260618_124336_best_configs\instances\inst03_chordal_n60_k8_d065_s1003.txt;chordal;60;8;148;0.65;1003;42;50000;495;7397;0;0;3197.15;6609.804898;generation
0013_ea_personalized_inst03_chordal_n60_k8_d065_s1003_s42;ea_personalized;inst03_chordal_n60_k8_d065_s1003;experiments\20260618_124336_best_configs\instances\inst03_chordal_n60_k8_d065_s1003.txt;chordal;60;8;148;0.65;1003;42;50000;496;7416;0;0;4730.7;8213.725929;generation
0013_ea_personalized_inst03_chordal_n60_k8_d065_s1003_s42;ea_personalized;inst03_chordal_n60_k8_d065_s1003;experiments\20260618_124336_best_configs\instances\inst03_chordal_n60_k8_d065_s1003.txt;chordal;60;8;148;0.65;1003;42;50000;497;7429;0;0;5503.52;9432.518604;generation
0013_ea_personalized_inst03_chordal_n60_k8_d065_s1003_s42;ea_personalized;inst03_chordal_n60_k8_d065_s1003;experiments\20260618_124336_best_configs\instances\inst03_chordal_n60_k8_d065_s1003.txt;chordal;60;8;148;0.65;1003;42;50000;498;7440;0;0;3588.32;7689.141666;generation
0013_ea_personalized_inst03_chordal_n60_k8_d065_s1003_s42;ea_personalized;inst03_chordal_n60_k8_d065_s1003;experiments\20260618_124336_best_configs\instances\inst03_chordal_n60_k8_d065_s1003.txt;chordal;60;8;148;0.65;1003;42;50000;499;7450;0;0;5373.81;8315.211878;generation
0013_ea_personalized_inst03_chordal_n60_k8_d065_s1003_s42;ea_personalized;inst03_chordal_n60_k8_d065_s1003;experiments\20260618_124336_best_configs\instances\inst03_chordal_n60_k8_d065_s1003.txt;chordal;60;8;148;0.65;1003;42;50000;500;7460;0;0;4608.43;9127.411581;generation
0013_ea_personalized_inst03_chordal_n60_k8_d065_s1003_s42;ea_personalized;inst03_chordal_n60_k8_d065_s1003;experiments\20260618_124336_best_configs\instances\inst03_chordal_n60_k8_d065_s1003.txt;chordal;60;8;148;0.65;1003;42;50000;501;7471;0;0;4602.62;8949.606802;generation
0013_ea_personalized_inst03_chordal_n60_k8_d065_s1003_s42;ea_personalized;inst03_chordal_n60_k8_d065_s1003;experiments\20260618_124336_best_configs\instances\inst03_chordal_n60_k8_d065_s1003.txt;chordal;60;8;148;0.65;1003;42;50000;502;7481;0;0;3967.38;8020.878701;generation
0013_ea_personalized_inst03_chordal_n60_k8_d065_s1003_s42;ea_personalized;inst03_chordal_n60_k8_d065_s1003;experiments\20260618_124336_best_configs\instances\inst03_chordal_n60_k8_d065_s1003.txt;chordal;60;8;148;0.65;1003;42;50000;503;7492;0;0;3965.19;8020.033487;generation
0013_ea_personalized_inst03_chordal_n60_k8_d065_s1003_s42;ea_personalized;inst03_chordal_n60_k8_d065_s1003;experiments\20260618_124336_best_configs\instances\inst03_chordal_n60_k8_d065_s1003.txt;chordal;60;8;148;0.65;1003;42;50000;504;7505;0;0;3581.56;6784.743088;generation
0013_ea_personalized_inst03_chordal_n60_k8_d065_s1003_s42;ea_personalized;inst03_chordal_n60_k8_d065_s1003;experiments\20260618_124336_best_configs\instances\inst03_chordal_n60_k8_d065_s1003.txt;chordal;60;8;148;0.65;1003;42;50000;505;7519;0;0;5248.32;9577.035539;generation
0013_ea_personalized_inst03_chordal_n60_k8_d065_s1003_s42;ea_personalized;inst03_chordal_n60_k8_d065_s1003;experiments\20260618_124336_best_configs\instances\inst03_chordal_n60_k8_d065_s1003.txt;chordal;60;8;148;0.65;1003;42;50000;506;7536;0;0;4479.79;8357.932564;generation
0013_ea_personalized_inst03_chordal_n60_k8_d065_s1003_s42;ea_personalized;inst03_chordal_n60_k8_d065_s1003;experiments\20260618_124336_best_configs\instances\inst03_chordal_n60_k8_d065_s1003.txt;chordal;60;8;148;0.65;1003;42;50000;507;7545;0;0;2819.63;6657.656541;generation
0013_ea_personalized_inst03_chordal_n60_k8_d065_s1003_s42;ea_personalized;inst03_chordal_n60_k8_d065_s1003;experiments\20260618_124336_best_configs\instances\inst03_chordal_n60_k8_d065_s1003.txt;chordal;60;8;148;0.65;1003;42;50000;508;7558;0;0;4604.45;8576.517688;generation
0013_ea_personalized_inst03_chordal_n60_k8_d065_s1003_s42;ea_personalized;inst03_chordal_n60_k8_d065_s1003;experiments\20260618_124336_best_configs\instances\inst03_chordal_n60_k8_d065_s1003.txt;chordal;60;8;148;0.65;1003;42;50000;509;7571;0;0;2817.88;6658.355336;generation
0013_ea_personalized_inst03_chordal_n60_k8_d065_s1003_s42;ea_personalized;inst03_chordal_n60_k8_d065_s1003;experiments\20260618_124336_best_configs\instances\inst03_chordal_n60_k8_d065_s1003.txt;chordal;60;8;148;0.65;1003;42;50000;510;7574;0;0;895.82;4143.256508;generation
