run_id;algorithm;instance_id;instance_path;graph;n;k;m;density;instance_seed;algorithm_seed;budget;iteration;time_ms;current_cost;best_cost;avg_cost;std_cost;note
0015_ea_personalized_inst03_chordal_n60_k8_d065_s1003_s1042;ea_personalized;inst03_chordal_n60_k8_d065_s1003;experiments\20260618_124336_best_configs\instances\inst03_chordal_n60_k8_d065_s1003.txt;chordal;60;8;148;0.65;1003;1042;50000;0;8;12898;12898;154170.69;66149.95492;init
0015_ea_personalized_inst03_chordal_n60_k8_d065_s1003_s1042;ea_personalized;inst03_chordal_n60_k8_d065_s1003;experiments\20260618_124336_best_configs\instances\inst03_chordal_n60_k8_d065_s1003.txt;chordal;60;8;148;0.65;1003;1042;50000;1;18;0;0;5572.33;9575.893706;generation
0015_ea_personalized_inst03_chordal_n60_k8_d065_s1003_s1042;ea_personalized;inst03_chordal_n60_k8_d065_s1003;experiments\20260618_124336_best_configs\instances\inst03_chordal_n60_k8_d065_s1003.txt;chordal;60;8;148;0.65;1003;1042;50000;2;28;0;0;4578.64;7731.006682;generation
0015_ea_personalized_inst03_chordal_n60_k8_d065_s1003_s1042;ea_personalized;inst03_chordal_n60_k8_d065_s1003;experiments\20260618_124336_best_configs\instances\inst03_chordal_n60_k8_d065_s1003.txt;chordal;60;8;148;0.65;1003;1042;50000;3;42;0;0;4267.22;8297.397942;generation
0015_ea_personalized_inst03_chordal_n60_k8_d065_s1003_s1042;ea_personalized;inst03_chordal_n60_k8_d065_s1003;experiments\20260618_124336_best_configs\instances\inst03_chordal_n60_k8_d065_s1003.txt;chordal;60;8;148;0.65;1003;1042;50000;4;55;0;0;2962.6;6967.007814;generation
0015_ea_personalized_inst03_chordal_n60_k8_d065_s1003_s1042;ea_personalized;inst03_chordal_n60_k8_d065_s1003;experiments\20260618_124336_best_configs\instances\inst03_chordal_n60_k8_d065_s1003.txt;chordal;60;8;148;0.65;1003;1042;50000;5;64;0;0;3463.47;7415.506768;generation
0015_ea_personalized_inst03_chordal_n60_k8_d065_s1003_s1042;ea_personalized;inst03_chordal_n60_k8_d065_s1003;experiments\20260618_124336_best_configs\instances\inst03_chordal_n60_k8_d065_s1003.txt;chordal;60;8;148;0.65;1003;1042;50000;6;75;0;0;4989.57;10044.42343;generation
0015_ea_personalized_inst03_chordal_n60_k8_d065_s1003_s1042;ea_personalized;inst03_chordal_n60_k8_d065_s1003;experiments\20260618_124336_best_configs\instances\inst03_chordal_n60_k8_d065_s1003.txt;chordal;60;8;148;0.65;1003;1042;50000;7;89;0;0;3587.08;7014.886448;generation
0015_ea_personalized_inst03_chordal_n60_k8_d065_s1003_s1042;ea_personalized;inst03_chordal_n60_k8_d065_s1003;experiments\20260618_124336_best_configs\instances\inst03_chordal_n60_k8_d065_s1003.txt;chordal;60;8;148;0.65;1003;1042;50000;8;97;0;0;4483.72;9279.354536;generation
0015_ea_personalized_inst03_chordal_n60_k8_d065_s1003_s1042;ea_personalized;inst03_chordal_n60_k8_d065_s1003;experiments\20260618_124336_best_configs\instances\inst03_chordal_n60_k8_d065_s1003.txt;chordal;60;8;148;0.65;1003;1042;50000;9;107;0;0;2562.13;5419.779655;generation
0015_ea_personalized_inst03_chordal_n60_k8_d065_s1003_s1042;ea_personalized;inst03_chordal_n60_k8_d065_s1003;experiments\20260618_124336_best_configs\instances\inst03_chordal_n60_k8_d065_s1003.txt;chordal;60;8;148;0.65;1003;1042;50000;10;115;0;0;3967.86;6925.668889;generation
0015_ea_personalized_inst03_chordal_n60_k8_d065_s1003_s1042;ea_personalized;inst03_chordal_n60_k8_d065_s1003;experiments\20260618_124336_best_configs\instances\inst03_chordal_n60_k8_d065_s1003.txt;chordal;60;8;148;0.65;1003;1042;50000;11;124;0;0;3327.39;6909.149725;generation
0015_ea_personalized_inst03_chordal_n60_k8_d065_s1003_s1042;ea_personalized;inst03_chordal_n60_k8_d065_s1003;experiments\20260618_124336_best_configs\instances\inst03_chordal_n60_k8_d065_s1003.txt;chordal;60;8;148;0.65;1003;1042;50000;12;132;0;0;4604.45;9480.67792;generation
0015_ea_personalized_inst03_chordal_n60_k8_d065_s1003_s1042;ea_personalized;inst03_chordal_n60_k8_d065_s1003;experiments\20260618_124336_best_configs\instances\inst03_chordal_n60_k8_d065_s1003.txt;chordal;60;8;148;0.65;1003;1042;50000;13;142;0;0;4734.62;8788.050327;generation
0015_ea_personalized_inst03_chordal_n60_k8_d065_s1003_s1042;ea_personalized;inst03_chordal_n60_k8_d065_s1003;experiments\20260618_124336_best_configs\instances\inst03_chordal_n60_k8_d065_s1003.txt;chordal;60;8;148;0.65;1003;1042;50000;14;150;0;0;4226.08;8291.572967;generation
0015_ea_personalized_inst03_chordal_n60_k8_d065_s1003_s1042;ea_personalized;inst03_chordal_n60_k8_d065_s1003;experiments\20260618_124336_best_configs\instances\inst03_chordal_n60_k8_d065_s1003.txt;chordal;60;8;148;0.65;1003;1042;50000;15;160;0;0;3844.37;7558.021721;generation
0015_ea_personalized_inst03_chordal_n60_k8_d065_s1003_s1042;ea_personalized;inst03_chordal_n60_k8_d065_s1003;experiments\20260618_124336_best_configs\instances\inst03_chordal_n60_k8_d065_s1003.txt;chordal;60;8;148;0.65;1003;1042;50000;16;168;0;0;4091.76;8258.431265;generation
0015_ea_personalized_inst03_chordal_n60_k8_d065_s1003_s1042;ea_personalized;inst03_chordal_n60_k8_d065_s1003;experiments\20260618_124336_best_configs\instances\inst03_chordal_n60_k8_d065_s1003.txt;chordal;60;8;148;0.65;1003;1042;50000;17;177;0;0;4351.24;9074.52285;generation
0015_ea_personalized_inst03_chordal_n60_k8_d065_s1003_s1042;ea_personalized;inst03_chordal_n60_k8_d065_s1003;experiments\20260618_124336_best_configs\instances\inst03_chordal_n60_k8_d065_s1003.txt;chordal;60;8;148;0.65;1003;1042;50000;18;184;0;0;3074.05;7025.821181;generation
0015_ea_personalized_inst03_chordal_n60_k8_d065_s1003_s1042;ea_personalized;inst03_chordal_n60_k8_d065_s1003;experiments\20260618_124336_best_configs\instances\inst03_chordal_n60_k8_d065_s1003.txt;chordal;60;8;148;0.65;1003;1042;50000;19;193;0;0;3457.06;6963.512083;generation
0015_ea_personalized_inst03_chordal_n60_k8_d065_s1003_s1042;ea_personalized;inst03_chordal_n60_k8_d065_s1003;experiments\20260618_124336_best_configs\instances\inst03_chordal_n60_k8_d065_s1003.txt;chordal;60;8;148;0.65;1003;1042;50000;20;201;0;0;3711.31;7066.896146;generation
0015_ea_personalized_inst03_chordal_n60_k8_d065_s1003_s1042;ea_personalized;inst03_chordal_n60_k8_d065_s1003;experiments\20260618_124336_best_configs\instances\inst03_chordal_n60_k8_d065_s1003.txt;chordal;60;8;148;0.65;1003;1042;50000;21;210;0;0;4348.34;8894.075386;generation
0015_ea_personalized_inst03_chordal_n60_k8_d065_s1003_s1042;ea_personalized;inst03_chordal_n60_k8_d065_s1003;experiments\20260618_124336_best_configs\instances\inst03_chordal_n60_k8_d065_s1003.txt;chordal;60;8;148;0.65;1003;1042;50000;22;218;0;0;2557.77;5715.144616;generation
0015_ea_personalized_inst03_chordal_n60_k8_d065_s1003_s1042;ea_personalized;inst03_chordal_n60_k8_d065_s1003;experiments\20260618_124336_best_configs\instances\inst03_chordal_n60_k8_d065_s1003.txt;chordal;60;8;148;0.65;1003;1042;50000;23;227;0;0;3709.5;7067.386615;generation
0015_ea_personalized_inst03_chordal_n60_k8_d065_s1003_s1042;ea_personalized;inst03_chordal_n60_k8_d065_s1003;experiments\20260618_124336_best_configs\instances\inst03_chordal_n60_k8_d065_s1003.txt;chordal;60;8;148;0.65;1003;1042;50000;24;234;0;0;4476.25;7954.495397;generation
0015_ea_personalized_inst03_chordal_n60_k8_d065_s1003_s1042;ea_personalized;inst03_chordal_n60_k8_d065_s1003;experiments\20260618_124336_best_configs\instances\inst03_chordal_n60_k8_d065_s1003.txt;chordal;60;8;148;0.65;1003;1042;50000;25;243;0;0;3453.8;8253.581237;generation
0015_ea_personalized_inst03_chordal_n60_k8_d065_s1003_s1042;ea_personalized;inst03_chordal_n60_k8_d065_s1003;experiments\20260618_124336_best_configs\instances\inst03_chordal_n60_k8_d065_s1003.txt;chordal;60;8;148;0.65;1003;1042;50000;26;251;0;0;3323.86;7586.872491;generation
0015_ea_personalized_inst03_chordal_n60_k8_d065_s1003_s1042;ea_personalized;inst03_chordal_n60_k8_d065_s1003;experiments\20260618_124336_best_configs\instances\inst03_chordal_n60_k8_d065_s1003.txt;chordal;60;8;148;0.65;1003;1042;50000;27;260;0;0;4475.1;8157.893147;generation
0015_ea_personalized_inst03_chordal_n60_k8_d065_s1003_s1042;ea_personalized;inst03_chordal_n60_k8_d065_s1003;experiments\20260618_124336_best_configs\instances\inst03_chordal_n60_k8_d065_s1003.txt;chordal;60;8;148;0.65;1003;1042;50000;28;267;0;0;4091.22;7853.147813;generation
0015_ea_personalized_inst03_chordal_n60_k8_d065_s1003_s1042;ea_personalized;inst03_chordal_n60_k8_d065_s1003;experiments\20260618_124336_best_configs\instances\inst03_chordal_n60_k8_d065_s1003.txt;chordal;60;8;148;0.65;1003;1042;50000;29;275;0;0;3971.37;8978.213451;generation
0015_ea_personalized_inst03_chordal_n60_k8_d065_s1003_s1042;ea_personalized;inst03_chordal_n60_k8_d065_s1003;experiments\20260618_124336_best_configs\instances\inst03_chordal_n60_k8_d065_s1003.txt;chordal;60;8;148;0.65;1003;1042;50000;30;283;0;0;3201.4;8921.680033;generation
0015_ea_personalized_inst03_chordal_n60_k8_d065_s1003_s1042;ea_personalized;inst03_chordal_n60_k8_d065_s1003;experiments\20260618_124336_best_configs\instances\inst03_chordal_n60_k8_d065_s1003.txt;chordal;60;8;148;0.65;1003;1042;50000;31;292;0;0;3708.1;7068.109384;generation
0015_ea_personalized_inst03_chordal_n60_k8_d065_s1003_s1042;ea_personalized;inst03_chordal_n60_k8_d065_s1003;experiments\20260618_124336_best_configs\instances\inst03_chordal_n60_k8_d065_s1003.txt;chordal;60;8;148;0.65;1003;1042;50000;32;299;0;0;4094.6;9878.772597;generation
0015_ea_personalized_inst03_chordal_n60_k8_d065_s1003_s1042;ea_personalized;inst03_chordal_n60_k8_d065_s1003;experiments\20260618_124336_best_configs\instances\inst03_chordal_n60_k8_d065_s1003.txt;chordal;60;8;148;0.65;1003;1042;50000;33;308;0;0;4219.72;7241.293715;generation
0015_ea_personalized_inst03_chordal_n60_k8_d065_s1003_s1042;ea_personalized;inst03_chordal_n60_k8_d065_s1003;experiments\20260618_124336_best_configs\instances\inst03_chordal_n60_k8_d065_s1003.txt;chordal;60;8;148;0.65;1003;1042;50000;34;315;0;0;3072.02;5747.639333;generation
0015_ea_personalized_inst03_chordal_n60_k8_d065_s1003_s1042;ea_personalized;inst03_chordal_n60_k8_d065_s1003;experiments\20260618_124336_best_configs\instances\inst03_chordal_n60_k8_d065_s1003.txt;chordal;60;8;148;0.65;1003;1042;50000;35;323;0;0;3710.37;6588.430714;generation
0015_ea_personalized_inst03_chordal_n60_k8_d065_s1003_s1042;ea_personalized;inst03_chordal_n60_k8_d065_s1003;experiments\20260618_124336_best_configs\instances\inst03_chordal_n60_k8_d065_s1003.txt;chordal;60;8;148;0.65;1003;1042;50000;36;331;0;0;4223.27;7464.441099;generation
0015_ea_personalized_inst03_chordal_n60_k8_d065_s1003_s1042;ea_personalized;inst03_chordal_n60_k8_d065_s1003;experiments\20260618_124336_best_configs\instances\inst03_chordal_n60_k8_d065_s1003.txt;chordal;60;8;148;0.65;1003;1042;50000;37;339;0;0;4348.68;7498.815653;generation
0015_ea_personalized_inst03_chordal_n60_k8_d065_s1003_s1042;ea_personalized;inst03_chordal_n60_k8_d065_s1003;experiments\20260618_124336_best_configs\instances\inst03_chordal_n60_k8_d065_s1003.txt;chordal;60;8;148;0.65;1003;1042;50000;38;346;0;0;4217.91;8864.991498;generation
0015_ea_personalized_inst03_chordal_n60_k8_d065_s1003_s1042;ea_personalized;inst03_chordal_n60_k8_d065_s1003;experiments\20260618_124336_best_configs\instances\inst03_chordal_n60_k8_d065_s1003.txt;chordal;60;8;148;0.65;1003;1042;50000;39;355;0;0;2562.8;5992.056874;generation
0015_ea_personalized_inst03_chordal_n60_k8_d065_s1003_s1042;ea_personalized;inst03_chordal_n60_k8_d065_s1003;experiments\20260618_124336_best_configs\instances\inst03_chordal_n60_k8_d065_s1003.txt;chordal;60;8;148;0.65;1003;1042;50000;40;370;0;0;4733.7;8793.439586;generation
0015_ea_personalized_inst03_chordal_n60_k8_d065_s1003_s1042;ea_personalized;inst03_chordal_n60_k8_d065_s1003;experiments\20260618_124336_best_configs\instances\inst03_chordal_n60_k8_d065_s1003.txt;chordal;60;8;148;0.65;1003;1042;50000;41;385;0;0;3586.86;7688.812555;generation
0015_ea_personalized_inst03_chordal_n60_k8_d065_s1003_s1042;ea_personalized;inst03_chordal_n60_k8_d065_s1003;experiments\20260618_124336_best_configs\instances\inst03_chordal_n60_k8_d065_s1003.txt;chordal;60;8;148;0.65;1003;1042;50000;42;400;0;0;3582.01;6780.682303;generation
0015_ea_personalized_inst03_chordal_n60_k8_d065_s1003_s1042;ea_personalized;inst03_chordal_n60_k8_d065_s1003;experiments\20260618_124336_best_configs\instances\inst03_chordal_n60_k8_d065_s1003.txt;chordal;60;8;148;0.65;1003;1042;50000;43;411;0;0;4097.08;6968.537842;generation
0015_ea_personalized_inst03_chordal_n60_k8_d065_s1003_s1042;ea_personalized;inst03_chordal_n60_k8_d065_s1003;experiments\20260618_124336_best_configs\instances\inst03_chordal_n60_k8_d065_s1003.txt;chordal;60;8;148;0.65;1003;1042;50000;44;422;0;0;3712.88;8141.000538;generation
0015_ea_personalized_inst03_chordal_n60_k8_d065_s1003_s1042;ea_personalized;inst03_chordal_n60_k8_d065_s1003;experiments\20260618_124336_best_configs\instances\inst03_chordal_n60_k8_d065_s1003.txt;chordal;60;8;148;0.65;1003;1042;50000;45;433;0;0;4990.46;8264.252805;generation
0015_ea_personalized_inst03_chordal_n60_k8_d065_s1003_s1042;ea_personalized;inst03_chordal_n60_k8_d065_s1003;experiments\20260618_124336_best_configs\instances\inst03_chordal_n60_k8_d065_s1003.txt;chordal;60;8;148;0.65;1003;1042;50000;46;448;0;0;2689.97;6072.102289;generation
0015_ea_personalized_inst03_chordal_n60_k8_d065_s1003_s1042;ea_personalized;inst03_chordal_n60_k8_d065_s1003;experiments\20260618_124336_best_configs\instances\inst03_chordal_n60_k8_d065_s1003.txt;chordal;60;8;148;0.65;1003;1042;50000;47;458;0;0;3711.47;7514.500345;generation
0015_ea_personalized_inst03_chordal_n60_k8_d065_s1003_s1042;ea_personalized;inst03_chordal_n60_k8_d065_s1003;experiments\20260618_124336_best_configs\instances\inst03_chordal_n60_k8_d065_s1003.txt;chordal;60;8;148;0.65;1003;1042;50000;48;466;0;0;3972.4;7158.978171;generation
0015_ea_personalized_inst03_chordal_n60_k8_d065_s1003_s1042;ea_personalized;inst03_chordal_n60_k8_d065_s1003;experiments\20260618_124336_best_configs\instances\inst03_chordal_n60_k8_d065_s1003.txt;chordal;60;8;148;0.65;1003;1042;50000;49;475;0;0;4348.18;7713.848725;generation
0015_ea_personalized_inst03_chordal_n60_k8_d065_s1003_s1042;ea_personalized;inst03_chordal_n60_k8_d065_s1003;experiments\20260618_124336_best_configs\instances\inst03_chordal_n60_k8_d065_s1003.txt;chordal;60;8;148;0.65;1003;1042;50000;50;482;0;0;3068.2;7028.130061;generation
0015_ea_personalized_inst03_chordal_n60_k8_d065_s1003_s1042;ea_personalized;inst03_chordal_n60_k8_d065_s1003;experiments\20260618_124336_best_configs\instances\inst03_chordal_n60_k8_d065_s1003.txt;chordal;60;8;148;0.65;1003;1042;50000;51;492;0;0;2818.52;7576.163893;generation
0015_ea_personalized_inst03_chordal_n60_k8_d065_s1003_s1042;ea_personalized;inst03_chordal_n60_k8_d065_s1003;experiments\20260618_124336_best_configs\instances\inst03_chordal_n60_k8_d065_s1003.txt;chordal;60;8;148;0.65;1003;1042;50000;52;500;0;0;4348.12;8518.936935;generation
0015_ea_personalized_inst03_chordal_n60_k8_d065_s1003_s1042;ea_personalized;inst03_chordal_n60_k8_d065_s1003;experiments\20260618_124336_best_configs\instances\inst03_chordal_n60_k8_d065_s1003.txt;chordal;60;8;148;0.65;1003;1042;50000;53;510;0;0;2686.94;5800.445195;generation
0015_ea_personalized_inst03_chordal_n60_k8_d065_s1003_s1042;ea_personalized;inst03_chordal_n60_k8_d065_s1003;experiments\20260618_124336_best_configs\instances\inst03_chordal_n60_k8_d065_s1003.txt;chordal;60;8;148;0.65;1003;1042;50000;54;519;0;0;5370.64;8320.545341;generation
0015_ea_personalized_inst03_chordal_n60_k8_d065_s1003_s1042;ea_personalized;inst03_chordal_n60_k8_d065_s1003;experiments\20260618_124336_best_configs\instances\inst03_chordal_n60_k8_d065_s1003.txt;chordal;60;8;148;0.65;1003;1042;50000;55;530;0;0;4223.49;7677.194163;generation
0015_ea_personalized_inst03_chordal_n60_k8_d065_s1003_s1042;ea_personalized;inst03_chordal_n60_k8_d065_s1003;experiments\20260618_124336_best_configs\instances\inst03_chordal_n60_k8_d065_s1003.txt;chordal;60;8;148;0.65;1003;1042;50000;56;541;0;0;4605.79;8187.248036;generation
0015_ea_personalized_inst03_chordal_n60_k8_d065_s1003_s1042;ea_personalized;inst03_chordal_n60_k8_d065_s1003;experiments\20260618_124336_best_configs\instances\inst03_chordal_n60_k8_d065_s1003.txt;chordal;60;8;148;0.65;1003;1042;50000;57;549;0;0;3326.8;6909.440757;generation
0015_ea_personalized_inst03_chordal_n60_k8_d065_s1003_s1042;ea_personalized;inst03_chordal_n60_k8_d065_s1003;experiments\20260618_124336_best_configs\instances\inst03_chordal_n60_k8_d065_s1003.txt;chordal;60;8;148;0.65;1003;1042;50000;58;559;0;0;4735.21;7804.902751;generation
0015_ea_personalized_inst03_chordal_n60_k8_d065_s1003_s1042;ea_personalized;inst03_chordal_n60_k8_d065_s1003;experiments\20260618_124336_best_configs\instances\inst03_chordal_n60_k8_d065_s1003.txt;chordal;60;8;148;0.65;1003;1042;50000;59;567;0;0;3076.9;6288.089423;generation
0015_ea_personalized_inst03_chordal_n60_k8_d065_s1003_s1042;ea_personalized;inst03_chordal_n60_k8_d065_s1003;experiments\20260618_124336_best_configs\instances\inst03_chordal_n60_k8_d065_s1003.txt;chordal;60;8;148;0.65;1003;1042;50000;60;577;0;0;3580.99;7017.936318;generation
0015_ea_personalized_inst03_chordal_n60_k8_d065_s1003_s1042;ea_personalized;inst03_chordal_n60_k8_d065_s1003;experiments\20260618_124336_best_configs\instances\inst03_chordal_n60_k8_d065_s1003.txt;chordal;60;8;148;0.65;1003;1042;50000;61;585;0;0;4221.38;8863.370003;generation
0015_ea_personalized_inst03_chordal_n60_k8_d065_s1003_s1042;ea_personalized;inst03_chordal_n60_k8_d065_s1003;experiments\20260618_124336_best_configs\instances\inst03_chordal_n60_k8_d065_s1003.txt;chordal;60;8;148;0.65;1003;1042;50000;62;594;0;0;4220.52;7240.83362;generation
0015_ea_personalized_inst03_chordal_n60_k8_d065_s1003_s1042;ea_personalized;inst03_chordal_n60_k8_d065_s1003;experiments\20260618_124336_best_configs\instances\inst03_chordal_n60_k8_d065_s1003.txt;chordal;60;8;148;0.65;1003;1042;50000;63;602;0;0;4352.02;8892.637289;generation
0015_ea_personalized_inst03_chordal_n60_k8_d065_s1003_s1042;ea_personalized;inst03_chordal_n60_k8_d065_s1003;experiments\20260618_124336_best_configs\instances\inst03_chordal_n60_k8_d065_s1003.txt;chordal;60;8;148;0.65;1003;1042;50000;64;610;0;0;4475.11;7313.194737;generation
0015_ea_personalized_inst03_chordal_n60_k8_d065_s1003_s1042;ea_personalized;inst03_chordal_n60_k8_d065_s1003;experiments\20260618_124336_best_configs\instances\inst03_chordal_n60_k8_d065_s1003.txt;chordal;60;8;148;0.65;1003;1042;50000;65;619;0;0;3709.45;7294.887928;generation
0015_ea_personalized_inst03_chordal_n60_k8_d065_s1003_s1042;ea_personalized;inst03_chordal_n60_k8_d065_s1003;experiments\20260618_124336_best_configs\instances\inst03_chordal_n60_k8_d065_s1003.txt;chordal;60;8;148;0.65;1003;1042;50000;66;627;0;0;4604.96;7563.371432;generation
0015_ea_personalized_inst03_chordal_n60_k8_d065_s1003_s1042;ea_personalized;inst03_chordal_n60_k8_d065_s1003;experiments\20260618_124336_best_configs\instances\inst03_chordal_n60_k8_d065_s1003.txt;chordal;60;8;148;0.65;1003;1042;50000;67;635;0;0;4221.73;8092.584379;generation
0015_ea_personalized_inst03_chordal_n60_k8_d065_s1003_s1042;ea_personalized;inst03_chordal_n60_k8_d065_s1003;experiments\20260618_124336_best_configs\instances\inst03_chordal_n60_k8_d065_s1003.txt;chordal;60;8;148;0.65;1003;1042;50000;68;648;0;0;3714.74;6829.548919;generation
0015_ea_personalized_inst03_chordal_n60_k8_d065_s1003_s1042;ea_personalized;inst03_chordal_n60_k8_d065_s1003;experiments\20260618_124336_best_configs\instances\inst03_chordal_n60_k8_d065_s1003.txt;chordal;60;8;148;0.65;1003;1042;50000;69;657;0;0;2174.25;5438.481984;generation
0015_ea_personalized_inst03_chordal_n60_k8_d065_s1003_s1042;ea_personalized;inst03_chordal_n60_k8_d065_s1003;experiments\20260618_124336_best_configs\instances\inst03_chordal_n60_k8_d065_s1003.txt;chordal;60;8;148;0.65;1003;1042;50000;70;664;0;0;3972.71;7597.91065;generation
0015_ea_personalized_inst03_chordal_n60_k8_d065_s1003_s1042;ea_personalized;inst03_chordal_n60_k8_d065_s1003;experiments\20260618_124336_best_configs\instances\inst03_chordal_n60_k8_d065_s1003.txt;chordal;60;8;148;0.65;1003;1042;50000;71;674;0;0;3968.75;7599.960946;generation
0015_ea_personalized_inst03_chordal_n60_k8_d065_s1003_s1042;ea_personalized;inst03_chordal_n60_k8_d065_s1003;experiments\20260618_124336_best_configs\instances\inst03_chordal_n60_k8_d065_s1003.txt;chordal;60;8;148;0.65;1003;1042;50000;72;682;0;0;4220.38;8294.251186;generation
0015_ea_personalized_inst03_chordal_n60_k8_d065_s1003_s1042;ea_personalized;inst03_chordal_n60_k8_d065_s1003;experiments\20260618_124336_best_configs\instances\inst03_chordal_n60_k8_d065_s1003.txt;chordal;60;8;148;0.65;1003;1042;50000;73;692;0;0;3071.65;7026.576299;generation
0015_ea_personalized_inst03_chordal_n60_k8_d065_s1003_s1042;ea_personalized;inst03_chordal_n60_k8_d065_s1003;experiments\20260618_124336_best_configs\instances\inst03_chordal_n60_k8_d065_s1003.txt;chordal;60;8;148;0.65;1003;1042;50000;74;700;0;0;5501.72;9079.972434;generation
0015_ea_personalized_inst03_chordal_n60_k8_d065_s1003_s1042;ea_personalized;inst03_chordal_n60_k8_d065_s1003;experiments\20260618_124336_best_configs\instances\inst03_chordal_n60_k8_d065_s1003.txt;chordal;60;8;148;0.65;1003;1042;50000;75;709;0;0;4605.93;9983.38748;generation
0015_ea_personalized_inst03_chordal_n60_k8_d065_s1003_s1042;ea_personalized;inst03_chordal_n60_k8_d065_s1003;experiments\20260618_124336_best_configs\instances\inst03_chordal_n60_k8_d065_s1003.txt;chordal;60;8;148;0.65;1003;1042;50000;76;717;0;0;4353.77;8123.4118;generation
0015_ea_personalized_inst03_chordal_n60_k8_d065_s1003_s1042;ea_personalized;inst03_chordal_n60_k8_d065_s1003;experiments\20260618_124336_best_configs\instances\inst03_chordal_n60_k8_d065_s1003.txt;chordal;60;8;148;0.65;1003;1042;50000;77;727;0;0;4092.73;8454.604794;generation
0015_ea_personalized_inst03_chordal_n60_k8_d065_s1003_s1042;ea_personalized;inst03_chordal_n60_k8_d065_s1003;experiments\20260618_124336_best_configs\instances\inst03_chordal_n60_k8_d065_s1003.txt;chordal;60;8;148;0.65;1003;1042;50000;78;736;0;0;4863;8623.481243;generation
0015_ea_personalized_inst03_chordal_n60_k8_d065_s1003_s1042;ea_personalized;inst03_chordal_n60_k8_d065_s1003;experiments\20260618_124336_best_configs\instances\inst03_chordal_n60_k8_d065_s1003.txt;chordal;60;8;148;0.65;1003;1042;50000;79;746;0;0;4352.22;7711.925786;generation
0015_ea_personalized_inst03_chordal_n60_k8_d065_s1003_s1042;ea_personalized;inst03_chordal_n60_k8_d065_s1003;experiments\20260618_124336_best_configs\instances\inst03_chordal_n60_k8_d065_s1003.txt;chordal;60;8;148;0.65;1003;1042;50000;80;754;0;0;4609.15;8764.767815;generation
0015_ea_personalized_inst03_chordal_n60_k8_d065_s1003_s1042;ea_personalized;inst03_chordal_n60_k8_d065_s1003;experiments\20260618_124336_best_configs\instances\inst03_chordal_n60_k8_d065_s1003.txt;chordal;60;8;148;0.65;1003;1042;50000;81;764;0;0;3843.17;9123.990443;generation
0015_ea_personalized_inst03_chordal_n60_k8_d065_s1003_s1042;ea_personalized;inst03_chordal_n60_k8_d065_s1003;experiments\20260618_124336_best_configs\instances\inst03_chordal_n60_k8_d065_s1003.txt;chordal;60;8;148;0.65;1003;1042;50000;82;775;0;0;3581.21;7468.858565;generation
0015_ea_personalized_inst03_chordal_n60_k8_d065_s1003_s1042;ea_personalized;inst03_chordal_n60_k8_d065_s1003;experiments\20260618_124336_best_configs\instances\inst03_chordal_n60_k8_d065_s1003.txt;chordal;60;8;148;0.65;1003;1042;50000;83;790;0;0;4348.26;7923.11415;generation
0015_ea_personalized_inst03_chordal_n60_k8_d065_s1003_s1042;ea_personalized;inst03_chordal_n60_k8_d065_s1003;experiments\20260618_124336_best_configs\instances\inst03_chordal_n60_k8_d065_s1003.txt;chordal;60;8;148;0.65;1003;1042;50000;84;799;0;0;3454.35;6221.539365;generation
0015_ea_personalized_inst03_chordal_n60_k8_d065_s1003_s1042;ea_personalized;inst03_chordal_n60_k8_d065_s1003;experiments\20260618_124336_best_configs\instances\inst03_chordal_n60_k8_d065_s1003.txt;chordal;60;8;148;0.65;1003;1042;50000;85;810;0;0;3199.2;6094.230747;generation
0015_ea_personalized_inst03_chordal_n60_k8_d065_s1003_s1042;ea_personalized;inst03_chordal_n60_k8_d065_s1003;experiments\20260618_124336_best_configs\instances\inst03_chordal_n60_k8_d065_s1003.txt;chordal;60;8;148;0.65;1003;1042;50000;86;821;0;0;4349.08;7713.351766;generation
0015_ea_personalized_inst03_chordal_n60_k8_d065_s1003_s1042;ea_personalized;inst03_chordal_n60_k8_d065_s1003;experiments\20260618_124336_best_configs\instances\inst03_chordal_n60_k8_d065_s1003.txt;chordal;60;8;148;0.65;1003;1042;50000;87;829;0;0;4736.36;9672.130195;generation
0015_ea_personalized_inst03_chordal_n60_k8_d065_s1003_s1042;ea_personalized;inst03_chordal_n60_k8_d065_s1003;experiments\20260618_124336_best_configs\instances\inst03_chordal_n60_k8_d065_s1003.txt;chordal;60;8;148;0.65;1003;1042;50000;88;840;0;0;3202.74;6606.864767;generation
0015_ea_personalized_inst03_chordal_n60_k8_d065_s1003_s1042;ea_personalized;inst03_chordal_n60_k8_d065_s1003;experiments\20260618_124336_best_configs\instances\inst03_chordal_n60_k8_d065_s1003.txt;chordal;60;8;148;0.65;1003;1042;50000;89;849;0;0;4991.09;8837.782569;generation
0015_ea_personalized_inst03_chordal_n60_k8_d065_s1003_s1042;ea_personalized;inst03_chordal_n60_k8_d065_s1003;experiments\20260618_124336_best_configs\instances\inst03_chordal_n60_k8_d065_s1003.txt;chordal;60;8;148;0.65;1003;1042;50000;90;860;0;0;4223.74;7886.967101;generation
0015_ea_personalized_inst03_chordal_n60_k8_d065_s1003_s1042;ea_personalized;inst03_chordal_n60_k8_d065_s1003;experiments\20260618_124336_best_configs\instances\inst03_chordal_n60_k8_d065_s1003.txt;chordal;60;8;148;0.65;1003;1042;50000;91;869;0;0;3331.23;8002.934205;generation
0015_ea_personalized_inst03_chordal_n60_k8_d065_s1003_s1042;ea_personalized;inst03_chordal_n60_k8_d065_s1003;experiments\20260618_124336_best_configs\instances\inst03_chordal_n60_k8_d065_s1003.txt;chordal;60;8;148;0.65;1003;1042;50000;92;880;0;0;6014.09;11058.49692;generation
0015_ea_personalized_inst03_chordal_n60_k8_d065_s1003_s1042;ea_personalized;inst03_chordal_n60_k8_d065_s1003;experiments\20260618_124336_best_configs\instances\inst03_chordal_n60_k8_d065_s1003.txt;chordal;60;8;148;0.65;1003;1042;50000;93;890;0;0;3839.88;8182.900299;generation
0015_ea_personalized_inst03_chordal_n60_k8_d065_s1003_s1042;ea_personalized;inst03_chordal_n60_k8_d065_s1003;experiments\20260618_124336_best_configs\instances\inst03_chordal_n60_k8_d065_s1003.txt;chordal;60;8;148;0.65;1003;1042;50000;94;899;0;0;3710.73;7069.010004;generation
0015_ea_personalized_inst03_chordal_n60_k8_d065_s1003_s1042;ea_personalized;inst03_chordal_n60_k8_d065_s1003;experiments\20260618_124336_best_configs\instances\inst03_chordal_n60_k8_d065_s1003.txt;chordal;60;8;148;0.65;1003;1042;50000;95;911;0;0;4219.41;9402.305775;generation
0015_ea_personalized_inst03_chordal_n60_k8_d065_s1003_s1042;ea_personalized;inst03_chordal_n60_k8_d065_s1003;experiments\20260618_124336_best_configs\instances\inst03_chordal_n60_k8_d065_s1003.txt;chordal;60;8;148;0.65;1003;1042;50000;96;923;0;0;4096.4;6730.130875;generation
0015_ea_personalized_inst03_chordal_n60_k8_d065_s1003_s1042;ea_personalized;inst03_chordal_n60_k8_d065_s1003;experiments\20260618_124336_best_configs\instances\inst03_chordal_n60_k8_d065_s1003.txt;chordal;60;8;148;0.65;1003;1042;50000;97;932;0;0;3585.39;9228.113739;generation
0015_ea_personalized_inst03_chordal_n60_k8_d065_s1003_s1042;ea_personalized;inst03_chordal_n60_k8_d065_s1003;experiments\20260618_124336_best_configs\instances\inst03_chordal_n60_k8_d065_s1003.txt;chordal;60;8;148;0.65;1003;1042;50000;98;942;0;0;4349.86;9428.648083;generation
0015_ea_personalized_inst03_chordal_n60_k8_d065_s1003_s1042;ea_personalized;inst03_chordal_n60_k8_d065_s1003;experiments\20260618_124336_best_configs\instances\inst03_chordal_n60_k8_d065_s1003.txt;chordal;60;8;148;0.65;1003;1042;50000;99;951;0;0;5247.39;9747.267884;generation
0015_ea_personalized_inst03_chordal_n60_k8_d065_s1003_s1042;ea_personalized;inst03_chordal_n60_k8_d065_s1003;experiments\20260618_124336_best_configs\instances\inst03_chordal_n60_k8_d065_s1003.txt;chordal;60;8;148;0.65;1003;1042;50000;100;959;0;0;4610.11;7773.352453;generation
0015_ea_personalized_inst03_chordal_n60_k8_d065_s1003_s1042;ea_personalized;inst03_chordal_n60_k8_d065_s1003;experiments\20260618_124336_best_configs\instances\inst03_chordal_n60_k8_d065_s1003.txt;chordal;60;8;148;0.65;1003;1042;50000;101;969;0;0;5118.77;9561.053193;generation
0015_ea_personalized_inst03_chordal_n60_k8_d065_s1003_s1042;ea_personalized;inst03_chordal_n60_k8_d065_s1003;experiments\20260618_124336_best_configs\instances\inst03_chordal_n60_k8_d065_s1003.txt;chordal;60;8;148;0.65;1003;1042;50000;102;978;0;0;4229.2;7458.215319;generation
0015_ea_personalized_inst03_chordal_n60_k8_d065_s1003_s1042;ea_personalized;inst03_chordal_n60_k8_d065_s1003;experiments\20260618_124336_best_configs\instances\inst03_chordal_n60_k8_d065_s1003.txt;chordal;60;8;148;0.65;1003;1042;50000;103;988;0;0;3080.39;6790.695278;generation
0015_ea_personalized_inst03_chordal_n60_k8_d065_s1003_s1042;ea_personalized;inst03_chordal_n60_k8_d065_s1003;experiments\20260618_124336_best_configs\instances\inst03_chordal_n60_k8_d065_s1003.txt;chordal;60;8;148;0.65;1003;1042;50000;104;997;0;0;3971.26;8609.753893;generation
0015_ea_personalized_inst03_chordal_n60_k8_d065_s1003_s1042;ea_personalized;inst03_chordal_n60_k8_d065_s1003;experiments\20260618_124336_best_configs\instances\inst03_chordal_n60_k8_d065_s1003.txt;chordal;60;8;148;0.65;1003;1042;50000;105;1006;0;0;4353.06;8326.206181;generation
0015_ea_personalized_inst03_chordal_n60_k8_d065_s1003_s1042;ea_personalized;inst03_chordal_n60_k8_d065_s1003;experiments\20260618_124336_best_configs\instances\inst03_chordal_n60_k8_d065_s1003.txt;chordal;60;8;148;0.65;1003;1042;50000;106;1014;0;0;4227.26;9043.097634;generation
0015_ea_personalized_inst03_chordal_n60_k8_d065_s1003_s1042;ea_personalized;inst03_chordal_n60_k8_d065_s1003;experiments\20260618_124336_best_configs\instances\inst03_chordal_n60_k8_d065_s1003.txt;chordal;60;8;148;0.65;1003;1042;50000;107;1023;0;0;4357.41;8891.1845;generation
0015_ea_personalized_inst03_chordal_n60_k8_d065_s1003_s1042;ea_personalized;inst03_chordal_n60_k8_d065_s1003;experiments\20260618_124336_best_configs\instances\inst03_chordal_n60_k8_d065_s1003.txt;chordal;60;8;148;0.65;1003;1042;50000;108;1031;0;0;4736.46;8793.703132;generation
0015_ea_personalized_inst03_chordal_n60_k8_d065_s1003_s1042;ea_personalized;inst03_chordal_n60_k8_d065_s1003;experiments\20260618_124336_best_configs\instances\inst03_chordal_n60_k8_d065_s1003.txt;chordal;60;8;148;0.65;1003;1042;50000;109;1041;0;0;2942.53;8448.976504;generation
0015_ea_personalized_inst03_chordal_n60_k8_d065_s1003_s1042;ea_personalized;inst03_chordal_n60_k8_d065_s1003;experiments\20260618_124336_best_configs\instances\inst03_chordal_n60_k8_d065_s1003.txt;chordal;60;8;148;0.65;1003;1042;50000;110;1049;0;0;3071.12;7902.174218;generation
0015_ea_personalized_inst03_chordal_n60_k8_d065_s1003_s1042;ea_personalized;inst03_chordal_n60_k8_d065_s1003;experiments\20260618_124336_best_configs\instances\inst03_chordal_n60_k8_d065_s1003.txt;chordal;60;8;148;0.65;1003;1042;50000;111;1058;0;0;3452.86;8053.215985;generation
0015_ea_personalized_inst03_chordal_n60_k8_d065_s1003_s1042;ea_personalized;inst03_chordal_n60_k8_d065_s1003;experiments\20260618_124336_best_configs\instances\inst03_chordal_n60_k8_d065_s1003.txt;chordal;60;8;148;0.65;1003;1042;50000;112;1067;0;0;6521.03;10142.06252;generation
0015_ea_personalized_inst03_chordal_n60_k8_d065_s1003_s1042;ea_personalized;inst03_chordal_n60_k8_d065_s1003;experiments\20260618_124336_best_configs\instances\inst03_chordal_n60_k8_d065_s1003.txt;chordal;60;8;148;0.65;1003;1042;50000;113;1076;0;0;3835.78;8183.147308;generation
0015_ea_personalized_inst03_chordal_n60_k8_d065_s1003_s1042;ea_personalized;inst03_chordal_n60_k8_d065_s1003;experiments\20260618_124336_best_configs\instances\inst03_chordal_n60_k8_d065_s1003.txt;chordal;60;8;148;0.65;1003;1042;50000;114;1084;0;0;2813.29;6410.280894;generation
0015_ea_personalized_inst03_chordal_n60_k8_d065_s1003_s1042;ea_personalized;inst03_chordal_n60_k8_d065_s1003;experiments\20260618_124336_best_configs\instances\inst03_chordal_n60_k8_d065_s1003.txt;chordal;60;8;148;0.65;1003;1042;50000;115;1093;0;0;3708.23;6833.016877;generation
0015_ea_personalized_inst03_chordal_n60_k8_d065_s1003_s1042;ea_personalized;inst03_chordal_n60_k8_d065_s1003;experiments\20260618_124336_best_configs\instances\inst03_chordal_n60_k8_d065_s1003.txt;chordal;60;8;148;0.65;1003;1042;50000;116;1105;0;0;2813.22;6901.177851;generation
0015_ea_personalized_inst03_chordal_n60_k8_d065_s1003_s1042;ea_personalized;inst03_chordal_n60_k8_d065_s1003;experiments\20260618_124336_best_configs\instances\inst03_chordal_n60_k8_d065_s1003.txt;chordal;60;8;148;0.65;1003;1042;50000;117;1117;0;0;4864.76;8034.271644;generation
0015_ea_personalized_inst03_chordal_n60_k8_d065_s1003_s1042;ea_personalized;inst03_chordal_n60_k8_d065_s1003;experiments\20260618_124336_best_configs\instances\inst03_chordal_n60_k8_d065_s1003.txt;chordal;60;8;148;0.65;1003;1042;50000;118;1133;0;0;4733.54;8790.136859;generation
0015_ea_personalized_inst03_chordal_n60_k8_d065_s1003_s1042;ea_personalized;inst03_chordal_n60_k8_d065_s1003;experiments\20260618_124336_best_configs\instances\inst03_chordal_n60_k8_d065_s1003.txt;chordal;60;8;148;0.65;1003;1042;50000;119;1148;0;0;3837.1;7980.400368;generation
0015_ea_personalized_inst03_chordal_n60_k8_d065_s1003_s1042;ea_personalized;inst03_chordal_n60_k8_d065_s1003;experiments\20260618_124336_best_configs\instances\inst03_chordal_n60_k8_d065_s1003.txt;chordal;60;8;148;0.65;1003;1042;50000;120;1158;0;0;3710.51;8907.540011;generation
0015_ea_personalized_inst03_chordal_n60_k8_d065_s1003_s1042;ea_personalized;inst03_chordal_n60_k8_d065_s1003;experiments\20260618_124336_best_configs\instances\inst03_chordal_n60_k8_d065_s1003.txt;chordal;60;8;148;0.65;1003;1042;50000;121;1166;0;0;4731.78;9330.472482;generation
0015_ea_personalized_inst03_chordal_n60_k8_d065_s1003_s1042;ea_personalized;inst03_chordal_n60_k8_d065_s1003;experiments\20260618_124336_best_configs\instances\inst03_chordal_n60_k8_d065_s1003.txt;chordal;60;8;148;0.65;1003;1042;50000;122;1175;0;0;4474.9;6609.344029;generation
0015_ea_personalized_inst03_chordal_n60_k8_d065_s1003_s1042;ea_personalized;inst03_chordal_n60_k8_d065_s1003;experiments\20260618_124336_best_configs\instances\inst03_chordal_n60_k8_d065_s1003.txt;chordal;60;8;148;0.65;1003;1042;50000;123;1182;0;0;5753.48;9795.292324;generation
0015_ea_personalized_inst03_chordal_n60_k8_d065_s1003_s1042;ea_personalized;inst03_chordal_n60_k8_d065_s1003;experiments\20260618_124336_best_configs\instances\inst03_chordal_n60_k8_d065_s1003.txt;chordal;60;8;148;0.65;1003;1042;50000;124;1190;0;0;3836.91;7340.790177;generation
0015_ea_personalized_inst03_chordal_n60_k8_d065_s1003_s1042;ea_personalized;inst03_chordal_n60_k8_d065_s1003;experiments\20260618_124336_best_configs\instances\inst03_chordal_n60_k8_d065_s1003.txt;chordal;60;8;148;0.65;1003;1042;50000;125;1198;0;0;4986.32;7855.879389;generation
0015_ea_personalized_inst03_chordal_n60_k8_d065_s1003_s1042;ea_personalized;inst03_chordal_n60_k8_d065_s1003;experiments\20260618_124336_best_configs\instances\inst03_chordal_n60_k8_d065_s1003.txt;chordal;60;8;148;0.65;1003;1042;50000;126;1206;0;0;3708.15;7295.538799;generation
0015_ea_personalized_inst03_chordal_n60_k8_d065_s1003_s1042;ea_personalized;inst03_chordal_n60_k8_d065_s1003;experiments\20260618_124336_best_configs\instances\inst03_chordal_n60_k8_d065_s1003.txt;chordal;60;8;148;0.65;1003;1042;50000;127;1213;0;0;4096.51;8643.292;generation
0015_ea_personalized_inst03_chordal_n60_k8_d065_s1003_s1042;ea_personalized;inst03_chordal_n60_k8_d065_s1003;experiments\20260618_124336_best_configs\instances\inst03_chordal_n60_k8_d065_s1003.txt;chordal;60;8;148;0.65;1003;1042;50000;128;1221;0;0;4988.8;8059.588362;generation
0015_ea_personalized_inst03_chordal_n60_k8_d065_s1003_s1042;ea_personalized;inst03_chordal_n60_k8_d065_s1003;experiments\20260618_124336_best_configs\instances\inst03_chordal_n60_k8_d065_s1003.txt;chordal;60;8;148;0.65;1003;1042;50000;129;1229;0;0;3839.17;7979.422091;generation
0015_ea_personalized_inst03_chordal_n60_k8_d065_s1003_s1042;ea_personalized;inst03_chordal_n60_k8_d065_s1003;experiments\20260618_124336_best_configs\instances\inst03_chordal_n60_k8_d065_s1003.txt;chordal;60;8;148;0.65;1003;1042;50000;130;1237;0;0;4348.8;8708.258521;generation
0015_ea_personalized_inst03_chordal_n60_k8_d065_s1003_s1042;ea_personalized;inst03_chordal_n60_k8_d065_s1003;experiments\20260618_124336_best_configs\instances\inst03_chordal_n60_k8_d065_s1003.txt;chordal;60;8;148;0.65;1003;1042;50000;131;1244;0;0;4349.03;9428.671633;generation
0015_ea_personalized_inst03_chordal_n60_k8_d065_s1003_s1042;ea_personalized;inst03_chordal_n60_k8_d065_s1003;experiments\20260618_124336_best_configs\instances\inst03_chordal_n60_k8_d065_s1003.txt;chordal;60;8;148;0.65;1003;1042;50000;132;1252;0;0;4347.48;9254.558931;generation
0015_ea_personalized_inst03_chordal_n60_k8_d065_s1003_s1042;ea_personalized;inst03_chordal_n60_k8_d065_s1003;experiments\20260618_124336_best_configs\instances\inst03_chordal_n60_k8_d065_s1003.txt;chordal;60;8;148;0.65;1003;1042;50000;133;1261;0;0;3327.65;7141.54782;generation
0015_ea_personalized_inst03_chordal_n60_k8_d065_s1003_s1042;ea_personalized;inst03_chordal_n60_k8_d065_s1003;experiments\20260618_124336_best_configs\instances\inst03_chordal_n60_k8_d065_s1003.txt;chordal;60;8;148;0.65;1003;1042;50000;134;1269;0;0;4224.89;9044.266852;generation
0015_ea_personalized_inst03_chordal_n60_k8_d065_s1003_s1042;ea_personalized;inst03_chordal_n60_k8_d065_s1003;experiments\20260618_124336_best_configs\instances\inst03_chordal_n60_k8_d065_s1003.txt;chordal;60;8;148;0.65;1003;1042;50000;135;1276;0;0;3197.1;8924.079833;generation
0015_ea_personalized_inst03_chordal_n60_k8_d065_s1003_s1042;ea_personalized;inst03_chordal_n60_k8_d065_s1003;experiments\20260618_124336_best_configs\instances\inst03_chordal_n60_k8_d065_s1003.txt;chordal;60;8;148;0.65;1003;1042;50000;136;1284;0;0;3198.44;6608.863074;generation
0015_ea_personalized_inst03_chordal_n60_k8_d065_s1003_s1042;ea_personalized;inst03_chordal_n60_k8_d065_s1003;experiments\20260618_124336_best_configs\instances\inst03_chordal_n60_k8_d065_s1003.txt;chordal;60;8;148;0.65;1003;1042;50000;137;1292;0;0;4860.52;8812.278389;generation
0015_ea_personalized_inst03_chordal_n60_k8_d065_s1003_s1042;ea_personalized;inst03_chordal_n60_k8_d065_s1003;experiments\20260618_124336_best_configs\instances\inst03_chordal_n60_k8_d065_s1003.txt;chordal;60;8;148;0.65;1003;1042;50000;138;1299;0;0;3839.12;8761.912749;generation
0015_ea_personalized_inst03_chordal_n60_k8_d065_s1003_s1042;ea_personalized;inst03_chordal_n60_k8_d065_s1003;experiments\20260618_124336_best_configs\instances\inst03_chordal_n60_k8_d065_s1003.txt;chordal;60;8;148;0.65;1003;1042;50000;139;1307;0;0;3709.19;7729.907267;generation
0015_ea_personalized_inst03_chordal_n60_k8_d065_s1003_s1042;ea_personalized;inst03_chordal_n60_k8_d065_s1003;experiments\20260618_124336_best_configs\instances\inst03_chordal_n60_k8_d065_s1003.txt;chordal;60;8;148;0.65;1003;1042;50000;140;1314;0;0;4476.92;8922.076269;generation
0015_ea_personalized_inst03_chordal_n60_k8_d065_s1003_s1042;ea_personalized;inst03_chordal_n60_k8_d065_s1003;experiments\20260618_124336_best_configs\instances\inst03_chordal_n60_k8_d065_s1003.txt;chordal;60;8;148;0.65;1003;1042;50000;141;1322;0;0;2562.35;5713.131051;generation
0015_ea_personalized_inst03_chordal_n60_k8_d065_s1003_s1042;ea_personalized;inst03_chordal_n60_k8_d065_s1003;experiments\20260618_124336_best_configs\instances\inst03_chordal_n60_k8_d065_s1003.txt;chordal;60;8;148;0.65;1003;1042;50000;142;1330;0;0;5882.39;9802.088851;generation
0015_ea_personalized_inst03_chordal_n60_k8_d065_s1003_s1042;ea_personalized;inst03_chordal_n60_k8_d065_s1003;experiments\20260618_124336_best_configs\instances\inst03_chordal_n60_k8_d065_s1003.txt;chordal;60;8;148;0.65;1003;1042;50000;143;1338;0;0;2946.88;6725.060653;generation
0015_ea_personalized_inst03_chordal_n60_k8_d065_s1003_s1042;ea_personalized;inst03_chordal_n60_k8_d065_s1003;experiments\20260618_124336_best_configs\instances\inst03_chordal_n60_k8_d065_s1003.txt;chordal;60;8;148;0.65;1003;1042;50000;144;1344;0;0;3968.69;7811.96059;generation
0015_ea_personalized_inst03_chordal_n60_k8_d065_s1003_s1042;ea_personalized;inst03_chordal_n60_k8_d065_s1003;experiments\20260618_124336_best_configs\instances\inst03_chordal_n60_k8_d065_s1003.txt;chordal;60;8;148;0.65;1003;1042;50000;145;1352;0;0;3454.62;6478.721387;generation
0015_ea_personalized_inst03_chordal_n60_k8_d065_s1003_s1042;ea_personalized;inst03_chordal_n60_k8_d065_s1003;experiments\20260618_124336_best_configs\instances\inst03_chordal_n60_k8_d065_s1003.txt;chordal;60;8;148;0.65;1003;1042;50000;146;1359;0;0;4095.94;8451.93497;generation
0015_ea_personalized_inst03_chordal_n60_k8_d065_s1003_s1042;ea_personalized;inst03_chordal_n60_k8_d065_s1003;experiments\20260618_124336_best_configs\instances\inst03_chordal_n60_k8_d065_s1003.txt;chordal;60;8;148;0.65;1003;1042;50000;147;1365;0;0;5373.59;9761.161556;generation
0015_ea_personalized_inst03_chordal_n60_k8_d065_s1003_s1042;ea_personalized;inst03_chordal_n60_k8_d065_s1003;experiments\20260618_124336_best_configs\instances\inst03_chordal_n60_k8_d065_s1003.txt;chordal;60;8;148;0.65;1003;1042;50000;148;1374;0;0;3838.82;6638.62659;generation
0015_ea_personalized_inst03_chordal_n60_k8_d065_s1003_s1042;ea_personalized;inst03_chordal_n60_k8_d065_s1003;experiments\20260618_124336_best_configs\instances\inst03_chordal_n60_k8_d065_s1003.txt;chordal;60;8;148;0.65;1003;1042;50000;149;1381;0;0;4606.4;8763.219087;generation
0015_ea_personalized_inst03_chordal_n60_k8_d065_s1003_s1042;ea_personalized;inst03_chordal_n60_k8_d065_s1003;experiments\20260618_124336_best_configs\instances\inst03_chordal_n60_k8_d065_s1003.txt;chordal;60;8;148;0.65;1003;1042;50000;150;1390;0;0;4477.32;8360.203572;generation
0015_ea_personalized_inst03_chordal_n60_k8_d065_s1003_s1042;ea_personalized;inst03_chordal_n60_k8_d065_s1003;experiments\20260618_124336_best_configs\instances\inst03_chordal_n60_k8_d065_s1003.txt;chordal;60;8;148;0.65;1003;1042;50000;151;1397;0;0;3713.61;8139.62227;generation
0015_ea_personalized_inst03_chordal_n60_k8_d065_s1003_s1042;ea_personalized;inst03_chordal_n60_k8_d065_s1003;experiments\20260618_124336_best_configs\instances\inst03_chordal_n60_k8_d065_s1003.txt;chordal;60;8;148;0.65;1003;1042;50000;152;1404;0;0;3587.4;7014.713551;generation
0015_ea_personalized_inst03_chordal_n60_k8_d065_s1003_s1042;ea_personalized;inst03_chordal_n60_k8_d065_s1003;experiments\20260618_124336_best_configs\instances\inst03_chordal_n60_k8_d065_s1003.txt;chordal;60;8;148;0.65;1003;1042;50000;153;1411;0;0;3327.87;8405.951935;generation
0015_ea_personalized_inst03_chordal_n60_k8_d065_s1003_s1042;ea_personalized;inst03_chordal_n60_k8_d065_s1003;experiments\20260618_124336_best_configs\instances\inst03_chordal_n60_k8_d065_s1003.txt;chordal;60;8;148;0.65;1003;1042;50000;154;1418;0;0;2689.18;6335.73434;generation
0015_ea_personalized_inst03_chordal_n60_k8_d065_s1003_s1042;ea_personalized;inst03_chordal_n60_k8_d065_s1003;experiments\20260618_124336_best_configs\instances\inst03_chordal_n60_k8_d065_s1003.txt;chordal;60;8;148;0.65;1003;1042;50000;155;1425;0;0;3582.36;7468.314994;generation
0015_ea_personalized_inst03_chordal_n60_k8_d065_s1003_s1042;ea_personalized;inst03_chordal_n60_k8_d065_s1003;experiments\20260618_124336_best_configs\instances\inst03_chordal_n60_k8_d065_s1003.txt;chordal;60;8;148;0.65;1003;1042;50000;156;1432;0;0;3838.02;8945.126668;generation
0015_ea_personalized_inst03_chordal_n60_k8_d065_s1003_s1042;ea_personalized;inst03_chordal_n60_k8_d065_s1003;experiments\20260618_124336_best_configs\instances\inst03_chordal_n60_k8_d065_s1003.txt;chordal;60;8;148;0.65;1003;1042;50000;157;1440;0;0;4091.35;7642.238319;generation
0015_ea_personalized_inst03_chordal_n60_k8_d065_s1003_s1042;ea_personalized;inst03_chordal_n60_k8_d065_s1003;experiments\20260618_124336_best_configs\instances\inst03_chordal_n60_k8_d065_s1003.txt;chordal;60;8;148;0.65;1003;1042;50000;158;1447;0;0;2432.48;5626.33297;generation
0015_ea_personalized_inst03_chordal_n60_k8_d065_s1003_s1042;ea_personalized;inst03_chordal_n60_k8_d065_s1003;experiments\20260618_124336_best_configs\instances\inst03_chordal_n60_k8_d065_s1003.txt;chordal;60;8;148;0.65;1003;1042;50000;159;1454;0;0;4094.84;9013.609803;generation
0015_ea_personalized_inst03_chordal_n60_k8_d065_s1003_s1042;ea_personalized;inst03_chordal_n60_k8_d065_s1003;experiments\20260618_124336_best_configs\instances\inst03_chordal_n60_k8_d065_s1003.txt;chordal;60;8;148;0.65;1003;1042;50000;160;1464;0;0;5119.3;9897.906156;generation
0015_ea_personalized_inst03_chordal_n60_k8_d065_s1003_s1042;ea_personalized;inst03_chordal_n60_k8_d065_s1003;experiments\20260618_124336_best_configs\instances\inst03_chordal_n60_k8_d065_s1003.txt;chordal;60;8;148;0.65;1003;1042;50000;161;1473;0;0;4353.01;6567.083641;generation
0015_ea_personalized_inst03_chordal_n60_k8_d065_s1003_s1042;ea_personalized;inst03_chordal_n60_k8_d065_s1003;experiments\20260618_124336_best_configs\instances\inst03_chordal_n60_k8_d065_s1003.txt;chordal;60;8;148;0.65;1003;1042;50000;162;1486;0;0;3455.16;7846.752765;generation
0015_ea_personalized_inst03_chordal_n60_k8_d065_s1003_s1042;ea_personalized;inst03_chordal_n60_k8_d065_s1003;experiments\20260618_124336_best_configs\instances\inst03_chordal_n60_k8_d065_s1003.txt;chordal;60;8;148;0.65;1003;1042;50000;163;1493;0;0;5242.81;8684.825529;generation
0015_ea_personalized_inst03_chordal_n60_k8_d065_s1003_s1042;ea_personalized;inst03_chordal_n60_k8_d065_s1003;experiments\20260618_124336_best_configs\instances\inst03_chordal_n60_k8_d065_s1003.txt;chordal;60;8;148;0.65;1003;1042;50000;164;1501;0;0;3835.26;8183.384284;generation
0015_ea_personalized_inst03_chordal_n60_k8_d065_s1003_s1042;ea_personalized;inst03_chordal_n60_k8_d065_s1003;experiments\20260618_124336_best_configs\instances\inst03_chordal_n60_k8_d065_s1003.txt;chordal;60;8;148;0.65;1003;1042;50000;165;1509;0;0;4608.17;7981.826102;generation
0015_ea_personalized_inst03_chordal_n60_k8_d065_s1003_s1042;ea_personalized;inst03_chordal_n60_k8_d065_s1003;experiments\20260618_124336_best_configs\instances\inst03_chordal_n60_k8_d065_s1003.txt;chordal;60;8;148;0.65;1003;1042;50000;166;1517;0;0;5118.83;8851.617569;generation
0015_ea_personalized_inst03_chordal_n60_k8_d065_s1003_s1042;ea_personalized;inst03_chordal_n60_k8_d065_s1003;experiments\20260618_124336_best_configs\instances\inst03_chordal_n60_k8_d065_s1003.txt;chordal;60;8;148;0.65;1003;1042;50000;167;1526;0;0;4734.33;9676.000104;generation
0015_ea_personalized_inst03_chordal_n60_k8_d065_s1003_s1042;ea_personalized;inst03_chordal_n60_k8_d065_s1003;experiments\20260618_124336_best_configs\instances\inst03_chordal_n60_k8_d065_s1003.txt;chordal;60;8;148;0.65;1003;1042;50000;168;1536;0;0;4093.07;8063.397081;generation
0015_ea_personalized_inst03_chordal_n60_k8_d065_s1003_s1042;ea_personalized;inst03_chordal_n60_k8_d065_s1003;experiments\20260618_124336_best_configs\instances\inst03_chordal_n60_k8_d065_s1003.txt;chordal;60;8;148;0.65;1003;1042;50000;169;1546;0;0;4347.59;8325.246502;generation
0015_ea_personalized_inst03_chordal_n60_k8_d065_s1003_s1042;ea_personalized;inst03_chordal_n60_k8_d065_s1003;experiments\20260618_124336_best_configs\instances\inst03_chordal_n60_k8_d065_s1003.txt;chordal;60;8;148;0.65;1003;1042;50000;170;1557;0;0;3965.84;7815.078872;generation
0015_ea_personalized_inst03_chordal_n60_k8_d065_s1003_s1042;ea_personalized;inst03_chordal_n60_k8_d065_s1003;experiments\20260618_124336_best_configs\instances\inst03_chordal_n60_k8_d065_s1003.txt;chordal;60;8;148;0.65;1003;1042;50000;171;1566;0;0;5755.4;10127.90833;generation
0015_ea_personalized_inst03_chordal_n60_k8_d065_s1003_s1042;ea_personalized;inst03_chordal_n60_k8_d065_s1003;experiments\20260618_124336_best_configs\instances\inst03_chordal_n60_k8_d065_s1003.txt;chordal;60;8;148;0.65;1003;1042;50000;172;1575;0;0;3579.48;7247.683802;generation
0015_ea_personalized_inst03_chordal_n60_k8_d065_s1003_s1042;ea_personalized;inst03_chordal_n60_k8_d065_s1003;experiments\20260618_124336_best_configs\instances\inst03_chordal_n60_k8_d065_s1003.txt;chordal;60;8;148;0.65;1003;1042;50000;173;1584;0;0;3330.63;7140.197886;generation
0015_ea_personalized_inst03_chordal_n60_k8_d065_s1003_s1042;ea_personalized;inst03_chordal_n60_k8_d065_s1003;experiments\20260618_124336_best_configs\instances\inst03_chordal_n60_k8_d065_s1003.txt;chordal;60;8;148;0.65;1003;1042;50000;174;1594;0;0;3837.09;7559.941087;generation
0015_ea_personalized_inst03_chordal_n60_k8_d065_s1003_s1042;ea_personalized;inst03_chordal_n60_k8_d065_s1003;experiments\20260618_124336_best_configs\instances\inst03_chordal_n60_k8_d065_s1003.txt;chordal;60;8;148;0.65;1003;1042;50000;175;1606;0;0;4859.57;9352.301103;generation
0015_ea_personalized_inst03_chordal_n60_k8_d065_s1003_s1042;ea_personalized;inst03_chordal_n60_k8_d065_s1003;experiments\20260618_124336_best_configs\instances\inst03_chordal_n60_k8_d065_s1003.txt;chordal;60;8;148;0.65;1003;1042;50000;176;1619;0;0;4989.55;8259.351798;generation
0015_ea_personalized_inst03_chordal_n60_k8_d065_s1003_s1042;ea_personalized;inst03_chordal_n60_k8_d065_s1003;experiments\20260618_124336_best_configs\instances\inst03_chordal_n60_k8_d065_s1003.txt;chordal;60;8;148;0.65;1003;1042;50000;177;1631;0;0;3965.2;6927.192261;generation
0015_ea_personalized_inst03_chordal_n60_k8_d065_s1003_s1042;ea_personalized;inst03_chordal_n60_k8_d065_s1003;experiments\20260618_124336_best_configs\instances\inst03_chordal_n60_k8_d065_s1003.txt;chordal;60;8;148;0.65;1003;1042;50000;178;1643;0;0;3200.99;6093.597953;generation
0015_ea_personalized_inst03_chordal_n60_k8_d065_s1003_s1042;ea_personalized;inst03_chordal_n60_k8_d065_s1003;experiments\20260618_124336_best_configs\instances\inst03_chordal_n60_k8_d065_s1003.txt;chordal;60;8;148;0.65;1003;1042;50000;179;1655;0;0;4480.21;10281.64192;generation
0015_ea_personalized_inst03_chordal_n60_k8_d065_s1003_s1042;ea_personalized;inst03_chordal_n60_k8_d065_s1003;experiments\20260618_124336_best_configs\instances\inst03_chordal_n60_k8_d065_s1003.txt;chordal;60;8;148;0.65;1003;1042;50000;180;1665;0;0;3580.59;7247.146114;generation
0015_ea_personalized_inst03_chordal_n60_k8_d065_s1003_s1042;ea_personalized;inst03_chordal_n60_k8_d065_s1003;experiments\20260618_124336_best_configs\instances\inst03_chordal_n60_k8_d065_s1003.txt;chordal;60;8;148;0.65;1003;1042;50000;181;1679;0;0;3586.34;7466.447067;generation
0015_ea_personalized_inst03_chordal_n60_k8_d065_s1003_s1042;ea_personalized;inst03_chordal_n60_k8_d065_s1003;experiments\20260618_124336_best_configs\instances\inst03_chordal_n60_k8_d065_s1003.txt;chordal;60;8;148;0.65;1003;1042;50000;182;1689;0;0;3710.33;7729.36504;generation
0015_ea_personalized_inst03_chordal_n60_k8_d065_s1003_s1042;ea_personalized;inst03_chordal_n60_k8_d065_s1003;experiments\20260618_124336_best_configs\instances\inst03_chordal_n60_k8_d065_s1003.txt;chordal;60;8;148;0.65;1003;1042;50000;183;1697;0;0;3330.33;8595.876737;generation
0015_ea_personalized_inst03_chordal_n60_k8_d065_s1003_s1042;ea_personalized;inst03_chordal_n60_k8_d065_s1003;experiments\20260618_124336_best_configs\instances\inst03_chordal_n60_k8_d065_s1003.txt;chordal;60;8;148;0.65;1003;1042;50000;184;1707;0;0;3837.96;8379.404293;generation
0015_ea_personalized_inst03_chordal_n60_k8_d065_s1003_s1042;ea_personalized;inst03_chordal_n60_k8_d065_s1003;experiments\20260618_124336_best_configs\instances\inst03_chordal_n60_k8_d065_s1003.txt;chordal;60;8;148;0.65;1003;1042;50000;185;1716;0;0;4475.96;8157.661275;generation
0015_ea_personalized_inst03_chordal_n60_k8_d065_s1003_s1042;ea_personalized;inst03_chordal_n60_k8_d065_s1003;experiments\20260618_124336_best_configs\instances\inst03_chordal_n60_k8_d065_s1003.txt;chordal;60;8;148;0.65;1003;1042;50000;186;1726;0;0;3962.87;7814.859998;generation
0015_ea_personalized_inst03_chordal_n60_k8_d065_s1003_s1042;ea_personalized;inst03_chordal_n60_k8_d065_s1003;experiments\20260618_124336_best_configs\instances\inst03_chordal_n60_k8_d065_s1003.txt;chordal;60;8;148;0.65;1003;1042;50000;187;1736;0;0;3713.02;8531.815017;generation
0015_ea_personalized_inst03_chordal_n60_k8_d065_s1003_s1042;ea_personalized;inst03_chordal_n60_k8_d065_s1003;experiments\20260618_124336_best_configs\instances\inst03_chordal_n60_k8_d065_s1003.txt;chordal;60;8;148;0.65;1003;1042;50000;188;1745;0;0;4223.35;7239.214339;generation
0015_ea_personalized_inst03_chordal_n60_k8_d065_s1003_s1042;ea_personalized;inst03_chordal_n60_k8_d065_s1003;experiments\20260618_124336_best_configs\instances\inst03_chordal_n60_k8_d065_s1003.txt;chordal;60;8;148;0.65;1003;1042;50000;189;1757;0;0;3968.08;8608.12502;generation
0015_ea_personalized_inst03_chordal_n60_k8_d065_s1003_s1042;ea_personalized;inst03_chordal_n60_k8_d065_s1003;experiments\20260618_124336_best_configs\instances\inst03_chordal_n60_k8_d065_s1003.txt;chordal;60;8;148;0.65;1003;1042;50000;190;1770;0;0;5372.84;10413.07677;generation
0015_ea_personalized_inst03_chordal_n60_k8_d065_s1003_s1042;ea_personalized;inst03_chordal_n60_k8_d065_s1003;experiments\20260618_124336_best_configs\instances\inst03_chordal_n60_k8_d065_s1003.txt;chordal;60;8;148;0.65;1003;1042;50000;191;1780;0;0;3071.7;6545.102428;generation
0015_ea_personalized_inst03_chordal_n60_k8_d065_s1003_s1042;ea_personalized;inst03_chordal_n60_k8_d065_s1003;experiments\20260618_124336_best_configs\instances\inst03_chordal_n60_k8_d065_s1003.txt;chordal;60;8;148;0.65;1003;1042;50000;192;1790;0;0;3454.5;6221.474318;generation
0015_ea_personalized_inst03_chordal_n60_k8_d065_s1003_s1042;ea_personalized;inst03_chordal_n60_k8_d065_s1003;experiments\20260618_124336_best_configs\instances\inst03_chordal_n60_k8_d065_s1003.txt;chordal;60;8;148;0.65;1003;1042;50000;193;1802;0;0;5115.92;9214.577383;generation
0015_ea_personalized_inst03_chordal_n60_k8_d065_s1003_s1042;ea_personalized;inst03_chordal_n60_k8_d065_s1003;experiments\20260618_124336_best_configs\instances\inst03_chordal_n60_k8_d065_s1003.txt;chordal;60;8;148;0.65;1003;1042;50000;194;1819;0;0;4095.19;7201.72754;generation
0015_ea_personalized_inst03_chordal_n60_k8_d065_s1003_s1042;ea_personalized;inst03_chordal_n60_k8_d065_s1003;experiments\20260618_124336_best_configs\instances\inst03_chordal_n60_k8_d065_s1003.txt;chordal;60;8;148;0.65;1003;1042;50000;195;1840;0;0;3708.32;6833.248422;generation
0015_ea_personalized_inst03_chordal_n60_k8_d065_s1003_s1042;ea_personalized;inst03_chordal_n60_k8_d065_s1003;experiments\20260618_124336_best_configs\instances\inst03_chordal_n60_k8_d065_s1003.txt;chordal;60;8;148;0.65;1003;1042;50000;196;1856;0;0;4473.88;9104.801352;generation
0015_ea_personalized_inst03_chordal_n60_k8_d065_s1003_s1042;ea_personalized;inst03_chordal_n60_k8_d065_s1003;experiments\20260618_124336_best_configs\instances\inst03_chordal_n60_k8_d065_s1003.txt;chordal;60;8;148;0.65;1003;1042;50000;197;1872;0;0;6905.94;10754.66483;generation
0015_ea_personalized_inst03_chordal_n60_k8_d065_s1003_s1042;ea_personalized;inst03_chordal_n60_k8_d065_s1003;experiments\20260618_124336_best_configs\instances\inst03_chordal_n60_k8_d065_s1003.txt;chordal;60;8;148;0.65;1003;1042;50000;198;1916;0;0;3962.69;7160.462356;generation
0015_ea_personalized_inst03_chordal_n60_k8_d065_s1003_s1042;ea_personalized;inst03_chordal_n60_k8_d065_s1003;experiments\20260618_124336_best_configs\instances\inst03_chordal_n60_k8_d065_s1003.txt;chordal;60;8;148;0.65;1003;1042;50000;199;1979;0;0;4731.65;9154.103404;generation
0015_ea_personalized_inst03_chordal_n60_k8_d065_s1003_s1042;ea_personalized;inst03_chordal_n60_k8_d065_s1003;experiments\20260618_124336_best_configs\instances\inst03_chordal_n60_k8_d065_s1003.txt;chordal;60;8;148;0.65;1003;1042;50000;200;2007;0;0;3074.34;7901.651167;generation
0015_ea_personalized_inst03_chordal_n60_k8_d065_s1003_s1042;ea_personalized;inst03_chordal_n60_k8_d065_s1003;experiments\20260618_124336_best_configs\instances\inst03_chordal_n60_k8_d065_s1003.txt;chordal;60;8;148;0.65;1003;1042;50000;201;2031;0;0;3458.2;8447.029489;generation
0015_ea_personalized_inst03_chordal_n60_k8_d065_s1003_s1042;ea_personalized;inst03_chordal_n60_k8_d065_s1003;experiments\20260618_124336_best_configs\instances\inst03_chordal_n60_k8_d065_s1003.txt;chordal;60;8;148;0.65;1003;1042;50000;202;2060;0;0;3583.8;7683.269506;generation
0015_ea_personalized_inst03_chordal_n60_k8_d065_s1003_s1042;ea_personalized;inst03_chordal_n60_k8_d065_s1003;experiments\20260618_124336_best_configs\instances\inst03_chordal_n60_k8_d065_s1003.txt;chordal;60;8;148;0.65;1003;1042;50000;203;2081;0;0;2816.3;6148.8368;generation
0015_ea_personalized_inst03_chordal_n60_k8_d065_s1003_s1042;ea_personalized;inst03_chordal_n60_k8_d065_s1003;experiments\20260618_124336_best_configs\instances\inst03_chordal_n60_k8_d065_s1003.txt;chordal;60;8;148;0.65;1003;1042;50000;204;2111;0;0;4604.65;7776.536445;generation
0015_ea_personalized_inst03_chordal_n60_k8_d065_s1003_s1042;ea_personalized;inst03_chordal_n60_k8_d065_s1003;experiments\20260618_124336_best_configs\instances\inst03_chordal_n60_k8_d065_s1003.txt;chordal;60;8;148;0.65;1003;1042;50000;205;2129;0;0;3071.87;6790.021647;generation
0015_ea_personalized_inst03_chordal_n60_k8_d065_s1003_s1042;ea_personalized;inst03_chordal_n60_k8_d065_s1003;experiments\20260618_124336_best_configs\instances\inst03_chordal_n60_k8_d065_s1003.txt;chordal;60;8;148;0.65;1003;1042;50000;206;2174;0;0;3455.24;7195.15482;generation
0015_ea_personalized_inst03_chordal_n60_k8_d065_s1003_s1042;ea_personalized;inst03_chordal_n60_k8_d065_s1003;experiments\20260618_124336_best_configs\instances\inst03_chordal_n60_k8_d065_s1003.txt;chordal;60;8;148;0.65;1003;1042;50000;207;2214;0;0;5116.16;8476.217146;generation
0015_ea_personalized_inst03_chordal_n60_k8_d065_s1003_s1042;ea_personalized;inst03_chordal_n60_k8_d065_s1003;experiments\20260618_124336_best_configs\instances\inst03_chordal_n60_k8_d065_s1003.txt;chordal;60;8;148;0.65;1003;1042;50000;208;2236;0;0;3583.58;7467.75043;generation
0015_ea_personalized_inst03_chordal_n60_k8_d065_s1003_s1042;ea_personalized;inst03_chordal_n60_k8_d065_s1003;experiments\20260618_124336_best_configs\instances\inst03_chordal_n60_k8_d065_s1003.txt;chordal;60;8;148;0.65;1003;1042;50000;209;2262;0;0;3836.65;8379.999504;generation
0015_ea_personalized_inst03_chordal_n60_k8_d065_s1003_s1042;ea_personalized;inst03_chordal_n60_k8_d065_s1003;experiments\20260618_124336_best_configs\instances\inst03_chordal_n60_k8_d065_s1003.txt;chordal;60;8;148;0.65;1003;1042;50000;210;2295;0;0;6136.69;10612.61545;generation
0015_ea_personalized_inst03_chordal_n60_k8_d065_s1003_s1042;ea_personalized;inst03_chordal_n60_k8_d065_s1003;experiments\20260618_124336_best_configs\instances\inst03_chordal_n60_k8_d065_s1003.txt;chordal;60;8;148;0.65;1003;1042;50000;211;2316;0;0;3836.5;8945.766998;generation
0015_ea_personalized_inst03_chordal_n60_k8_d065_s1003_s1042;ea_personalized;inst03_chordal_n60_k8_d065_s1003;experiments\20260618_124336_best_configs\instances\inst03_chordal_n60_k8_d065_s1003.txt;chordal;60;8;148;0.65;1003;1042;50000;212;2340;0;0;4476.08;7085.699113;generation
0015_ea_personalized_inst03_chordal_n60_k8_d065_s1003_s1042;ea_personalized;inst03_chordal_n60_k8_d065_s1003;experiments\20260618_124336_best_configs\instances\inst03_chordal_n60_k8_d065_s1003.txt;chordal;60;8;148;0.65;1003;1042;50000;213;2366;0;0;4859.09;8238.184244;generation
0015_ea_personalized_inst03_chordal_n60_k8_d065_s1003_s1042;ea_personalized;inst03_chordal_n60_k8_d065_s1003;experiments\20260618_124336_best_configs\instances\inst03_chordal_n60_k8_d065_s1003.txt;chordal;60;8;148;0.65;1003;1042;50000;214;2387;0;0;3072.63;6027.03026;generation
0015_ea_personalized_inst03_chordal_n60_k8_d065_s1003_s1042;ea_personalized;inst03_chordal_n60_k8_d065_s1003;experiments\20260618_124336_best_configs\instances\inst03_chordal_n60_k8_d065_s1003.txt;chordal;60;8;148;0.65;1003;1042;50000;215;2414;0;0;3839.71;7979.176617;generation
0015_ea_personalized_inst03_chordal_n60_k8_d065_s1003_s1042;ea_personalized;inst03_chordal_n60_k8_d065_s1003;experiments\20260618_124336_best_configs\instances\inst03_chordal_n60_k8_d065_s1003.txt;chordal;60;8;148;0.65;1003;1042;50000;216;2433;0;0;3837.4;7340.591216;generation
0015_ea_personalized_inst03_chordal_n60_k8_d065_s1003_s1042;ea_personalized;inst03_chordal_n60_k8_d065_s1003;experiments\20260618_124336_best_configs\instances\inst03_chordal_n60_k8_d065_s1003.txt;chordal;60;8;148;0.65;1003;1042;50000;217;2453;0;0;4354.84;8321.716622;generation
0015_ea_personalized_inst03_chordal_n60_k8_d065_s1003_s1042;ea_personalized;inst03_chordal_n60_k8_d065_s1003;experiments\20260618_124336_best_configs\instances\inst03_chordal_n60_k8_d065_s1003.txt;chordal;60;8;148;0.65;1003;1042;50000;218;2475;0;0;4736.9;8009.182333;generation
0015_ea_personalized_inst03_chordal_n60_k8_d065_s1003_s1042;ea_personalized;inst03_chordal_n60_k8_d065_s1003;experiments\20260618_124336_best_configs\instances\inst03_chordal_n60_k8_d065_s1003.txt;chordal;60;8;148;0.65;1003;1042;50000;219;2497;0;0;4991.6;8644.697803;generation
0015_ea_personalized_inst03_chordal_n60_k8_d065_s1003_s1042;ea_personalized;inst03_chordal_n60_k8_d065_s1003;experiments\20260618_124336_best_configs\instances\inst03_chordal_n60_k8_d065_s1003.txt;chordal;60;8;148;0.65;1003;1042;50000;220;2521;0;0;5628.86;8725.372016;generation
0015_ea_personalized_inst03_chordal_n60_k8_d065_s1003_s1042;ea_personalized;inst03_chordal_n60_k8_d065_s1003;experiments\20260618_124336_best_configs\instances\inst03_chordal_n60_k8_d065_s1003.txt;chordal;60;8;148;0.65;1003;1042;50000;221;2541;0;0;4862.82;8236.023951;generation
0015_ea_personalized_inst03_chordal_n60_k8_d065_s1003_s1042;ea_personalized;inst03_chordal_n60_k8_d065_s1003;experiments\20260618_124336_best_configs\instances\inst03_chordal_n60_k8_d065_s1003.txt;chordal;60;8;148;0.65;1003;1042;50000;222;2581;0;0;5505.69;9083.623993;generation
0015_ea_personalized_inst03_chordal_n60_k8_d065_s1003_s1042;ea_personalized;inst03_chordal_n60_k8_d065_s1003;experiments\20260618_124336_best_configs\instances\inst03_chordal_n60_k8_d065_s1003.txt;chordal;60;8;148;0.65;1003;1042;50000;223;2602;0;0;5627.54;9448.028512;generation
0015_ea_personalized_inst03_chordal_n60_k8_d065_s1003_s1042;ea_personalized;inst03_chordal_n60_k8_d065_s1003;experiments\20260618_124336_best_configs\instances\inst03_chordal_n60_k8_d065_s1003.txt;chordal;60;8;148;0.65;1003;1042;50000;224;2624;0;0;2943.48;6481.112689;generation
0015_ea_personalized_inst03_chordal_n60_k8_d065_s1003_s1042;ea_personalized;inst03_chordal_n60_k8_d065_s1003;experiments\20260618_124336_best_configs\instances\inst03_chordal_n60_k8_d065_s1003.txt;chordal;60;8;148;0.65;1003;1042;50000;225;2646;0;0;3323.55;8207.552842;generation
0015_ea_personalized_inst03_chordal_n60_k8_d065_s1003_s1042;ea_personalized;inst03_chordal_n60_k8_d065_s1003;experiments\20260618_124336_best_configs\instances\inst03_chordal_n60_k8_d065_s1003.txt;chordal;60;8;148;0.65;1003;1042;50000;226;2669;0;0;4859.56;8996.1933;generation
0015_ea_personalized_inst03_chordal_n60_k8_d065_s1003_s1042;ea_personalized;inst03_chordal_n60_k8_d065_s1003;experiments\20260618_124336_best_configs\instances\inst03_chordal_n60_k8_d065_s1003.txt;chordal;60;8;148;0.65;1003;1042;50000;227;2703;0;0;3585.45;6778.856777;generation
0015_ea_personalized_inst03_chordal_n60_k8_d065_s1003_s1042;ea_personalized;inst03_chordal_n60_k8_d065_s1003;experiments\20260618_124336_best_configs\instances\inst03_chordal_n60_k8_d065_s1003.txt;chordal;60;8;148;0.65;1003;1042;50000;228;2724;0;0;4349.06;8324.492711;generation
0015_ea_personalized_inst03_chordal_n60_k8_d065_s1003_s1042;ea_personalized;inst03_chordal_n60_k8_d065_s1003;experiments\20260618_124336_best_configs\instances\inst03_chordal_n60_k8_d065_s1003.txt;chordal;60;8;148;0.65;1003;1042;50000;229;2751;0;0;2432.23;5909.595988;generation
0015_ea_personalized_inst03_chordal_n60_k8_d065_s1003_s1042;ea_personalized;inst03_chordal_n60_k8_d065_s1003;experiments\20260618_124336_best_configs\instances\inst03_chordal_n60_k8_d065_s1003.txt;chordal;60;8;148;0.65;1003;1042;50000;230;2772;0;0;4347.95;9429.167683;generation
0015_ea_personalized_inst03_chordal_n60_k8_d065_s1003_s1042;ea_personalized;inst03_chordal_n60_k8_d065_s1003;experiments\20260618_124336_best_configs\instances\inst03_chordal_n60_k8_d065_s1003.txt;chordal;60;8;148;0.65;1003;1042;50000;231;2792;0;0;3966.75;8796.437384;generation
0015_ea_personalized_inst03_chordal_n60_k8_d065_s1003_s1042;ea_personalized;inst03_chordal_n60_k8_d065_s1003;experiments\20260618_124336_best_configs\instances\inst03_chordal_n60_k8_d065_s1003.txt;chordal;60;8;148;0.65;1003;1042;50000;232;2813;0;0;4859.16;9695.547945;generation
0015_ea_personalized_inst03_chordal_n60_k8_d065_s1003_s1042;ea_personalized;inst03_chordal_n60_k8_d065_s1003;experiments\20260618_124336_best_configs\instances\inst03_chordal_n60_k8_d065_s1003.txt;chordal;60;8;148;0.65;1003;1042;50000;233;2837;0;0;2815.39;6149.230052;generation
0015_ea_personalized_inst03_chordal_n60_k8_d065_s1003_s1042;ea_personalized;inst03_chordal_n60_k8_d065_s1003;experiments\20260618_124336_best_configs\instances\inst03_chordal_n60_k8_d065_s1003.txt;chordal;60;8;148;0.65;1003;1042;50000;234;2855;0;0;2556.26;5994.794815;generation
0015_ea_personalized_inst03_chordal_n60_k8_d065_s1003_s1042;ea_personalized;inst03_chordal_n60_k8_d065_s1003;experiments\20260618_124336_best_configs\instances\inst03_chordal_n60_k8_d065_s1003.txt;chordal;60;8;148;0.65;1003;1042;50000;235;2873;0;0;3328.43;6908.654603;generation
0015_ea_personalized_inst03_chordal_n60_k8_d065_s1003_s1042;ea_personalized;inst03_chordal_n60_k8_d065_s1003;experiments\20260618_124336_best_configs\instances\inst03_chordal_n60_k8_d065_s1003.txt;chordal;60;8;148;0.65;1003;1042;50000;236;2888;0;0;4602.07;9820.551606;generation
0015_ea_personalized_inst03_chordal_n60_k8_d065_s1003_s1042;ea_personalized;inst03_chordal_n60_k8_d065_s1003;experiments\20260618_124336_best_configs\instances\inst03_chordal_n60_k8_d065_s1003.txt;chordal;60;8;148;0.65;1003;1042;50000;237;2904;0;0;3965.45;8417.431014;generation
0015_ea_personalized_inst03_chordal_n60_k8_d065_s1003_s1042;ea_personalized;inst03_chordal_n60_k8_d065_s1003;experiments\20260618_124336_best_configs\instances\inst03_chordal_n60_k8_d065_s1003.txt;chordal;60;8;148;0.65;1003;1042;50000;238;2921;0;0;3706.72;8340.908225;generation
0015_ea_personalized_inst03_chordal_n60_k8_d065_s1003_s1042;ea_personalized;inst03_chordal_n60_k8_d065_s1003;experiments\20260618_124336_best_configs\instances\inst03_chordal_n60_k8_d065_s1003.txt;chordal;60;8;148;0.65;1003;1042;50000;239;2938;0;0;3199.85;6608.197156;generation
0015_ea_personalized_inst03_chordal_n60_k8_d065_s1003_s1042;ea_personalized;inst03_chordal_n60_k8_d065_s1003;experiments\20260618_124336_best_configs\instances\inst03_chordal_n60_k8_d065_s1003.txt;chordal;60;8;148;0.65;1003;1042;50000;240;2959;0;0;4476.56;8548.245013;generation
0015_ea_personalized_inst03_chordal_n60_k8_d065_s1003_s1042;ea_personalized;inst03_chordal_n60_k8_d065_s1003;experiments\20260618_124336_best_configs\instances\inst03_chordal_n60_k8_d065_s1003.txt;chordal;60;8;148;0.65;1003;1042;50000;241;2975;0;0;1539.1;4151.437222;generation
0015_ea_personalized_inst03_chordal_n60_k8_d065_s1003_s1042;ea_personalized;inst03_chordal_n60_k8_d065_s1003;experiments\20260618_124336_best_configs\instances\inst03_chordal_n60_k8_d065_s1003.txt;chordal;60;8;148;0.65;1003;1042;50000;242;2990;0;0;5245.11;9236.48485;generation
0015_ea_personalized_inst03_chordal_n60_k8_d065_s1003_s1042;ea_personalized;inst03_chordal_n60_k8_d065_s1003;experiments\20260618_124336_best_configs\instances\inst03_chordal_n60_k8_d065_s1003.txt;chordal;60;8;148;0.65;1003;1042;50000;243;3009;0;0;5244.63;8871.699643;generation
0015_ea_personalized_inst03_chordal_n60_k8_d065_s1003_s1042;ea_personalized;inst03_chordal_n60_k8_d065_s1003;experiments\20260618_124336_best_configs\instances\inst03_chordal_n60_k8_d065_s1003.txt;chordal;60;8;148;0.65;1003;1042;50000;244;3023;0;0;2941.2;6727.277931;generation
0015_ea_personalized_inst03_chordal_n60_k8_d065_s1003_s1042;ea_personalized;inst03_chordal_n60_k8_d065_s1003;experiments\20260618_124336_best_configs\instances\inst03_chordal_n60_k8_d065_s1003.txt;chordal;60;8;148;0.65;1003;1042;50000;245;3045;0;0;4347.98;7922.897613;generation
0015_ea_personalized_inst03_chordal_n60_k8_d065_s1003_s1042;ea_personalized;inst03_chordal_n60_k8_d065_s1003;experiments\20260618_124336_best_configs\instances\inst03_chordal_n60_k8_d065_s1003.txt;chordal;60;8;148;0.65;1003;1042;50000;246;3069;0;0;3326.04;6909.786976;generation
0015_ea_personalized_inst03_chordal_n60_k8_d065_s1003_s1042;ea_personalized;inst03_chordal_n60_k8_d065_s1003;experiments\20260618_124336_best_configs\instances\inst03_chordal_n60_k8_d065_s1003.txt;chordal;60;8;148;0.65;1003;1042;50000;247;3093;0;0;5117.59;10842.80025;generation
0015_ea_personalized_inst03_chordal_n60_k8_d065_s1003_s1042;ea_personalized;inst03_chordal_n60_k8_d065_s1003;experiments\20260618_124336_best_configs\instances\inst03_chordal_n60_k8_d065_s1003.txt;chordal;60;8;148;0.65;1003;1042;50000;248;3111;0;0;4732.9;8214.371381;generation
0015_ea_personalized_inst03_chordal_n60_k8_d065_s1003_s1042;ea_personalized;inst03_chordal_n60_k8_d065_s1003;experiments\20260618_124336_best_configs\instances\inst03_chordal_n60_k8_d065_s1003.txt;chordal;60;8;148;0.65;1003;1042;50000;249;3130;0;0;3965.6;7601.590513;generation
0015_ea_personalized_inst03_chordal_n60_k8_d065_s1003_s1042;ea_personalized;inst03_chordal_n60_k8_d065_s1003;experiments\20260618_124336_best_configs\instances\inst03_chordal_n60_k8_d065_s1003.txt;chordal;60;8;148;0.65;1003;1042;50000;250;3148;0;0;2946.65;5954.188315;generation
0015_ea_personalized_inst03_chordal_n60_k8_d065_s1003_s1042;ea_personalized;inst03_chordal_n60_k8_d065_s1003;experiments\20260618_124336_best_configs\instances\inst03_chordal_n60_k8_d065_s1003.txt;chordal;60;8;148;0.65;1003;1042;50000;251;3164;0;0;3323.51;8006.067035;generation
0015_ea_personalized_inst03_chordal_n60_k8_d065_s1003_s1042;ea_personalized;inst03_chordal_n60_k8_d065_s1003;experiments\20260618_124336_best_configs\instances\inst03_chordal_n60_k8_d065_s1003.txt;chordal;60;8;148;0.65;1003;1042;50000;252;3180;0;0;3837.16;6388.805087;generation
0015_ea_personalized_inst03_chordal_n60_k8_d065_s1003_s1042;ea_personalized;inst03_chordal_n60_k8_d065_s1003;experiments\20260618_124336_best_configs\instances\inst03_chordal_n60_k8_d065_s1003.txt;chordal;60;8;148;0.65;1003;1042;50000;253;3196;0;0;2943.66;6478.810672;generation
0015_ea_personalized_inst03_chordal_n60_k8_d065_s1003_s1042;ea_personalized;inst03_chordal_n60_k8_d065_s1003;experiments\20260618_124336_best_configs\instances\inst03_chordal_n60_k8_d065_s1003.txt;chordal;60;8;148;0.65;1003;1042;50000;254;3207;0;0;4221.51;7462.577767;generation
0015_ea_personalized_inst03_chordal_n60_k8_d065_s1003_s1042;ea_personalized;inst03_chordal_n60_k8_d065_s1003;experiments\20260618_124336_best_configs\instances\inst03_chordal_n60_k8_d065_s1003.txt;chordal;60;8;148;0.65;1003;1042;50000;255;3222;0;0;4352.76;8123.936456;generation
0015_ea_personalized_inst03_chordal_n60_k8_d065_s1003_s1042;ea_personalized;inst03_chordal_n60_k8_d065_s1003;experiments\20260618_124336_best_configs\instances\inst03_chordal_n60_k8_d065_s1003.txt;chordal;60;8;148;0.65;1003;1042;50000;256;3240;0;0;5115.72;9562.663876;generation
0015_ea_personalized_inst03_chordal_n60_k8_d065_s1003_s1042;ea_personalized;inst03_chordal_n60_k8_d065_s1003;experiments\20260618_124336_best_configs\instances\inst03_chordal_n60_k8_d065_s1003.txt;chordal;60;8;148;0.65;1003;1042;50000;257;3255;0;0;5497.23;9435.706751;generation
0015_ea_personalized_inst03_chordal_n60_k8_d065_s1003_s1042;ea_personalized;inst03_chordal_n60_k8_d065_s1003;experiments\20260618_124336_best_configs\instances\inst03_chordal_n60_k8_d065_s1003.txt;chordal;60;8;148;0.65;1003;1042;50000;258;3268;0;0;3327.47;6668.503441;generation
0015_ea_personalized_inst03_chordal_n60_k8_d065_s1003_s1042;ea_personalized;inst03_chordal_n60_k8_d065_s1003;experiments\20260618_124336_best_configs\instances\inst03_chordal_n60_k8_d065_s1003.txt;chordal;60;8;148;0.65;1003;1042;50000;259;3286;0;0;3963.5;7602.636307;generation
0015_ea_personalized_inst03_chordal_n60_k8_d065_s1003_s1042;ea_personalized;inst03_chordal_n60_k8_d065_s1003;experiments\20260618_124336_best_configs\instances\inst03_chordal_n60_k8_d065_s1003.txt;chordal;60;8;148;0.65;1003;1042;50000;260;3300;0;0;4736.27;8009.130617;generation
0015_ea_personalized_inst03_chordal_n60_k8_d065_s1003_s1042;ea_personalized;inst03_chordal_n60_k8_d065_s1003;experiments\20260618_124336_best_configs\instances\inst03_chordal_n60_k8_d065_s1003.txt;chordal;60;8;148;0.65;1003;1042;50000;261;3319;0;0;4226.61;8864.152098;generation
0015_ea_personalized_inst03_chordal_n60_k8_d065_s1003_s1042;ea_personalized;inst03_chordal_n60_k8_d065_s1003;experiments\20260618_124336_best_configs\instances\inst03_chordal_n60_k8_d065_s1003.txt;chordal;60;8;148;0.65;1003;1042;50000;262;3338;0;0;4988.29;9371.886967;generation
0015_ea_personalized_inst03_chordal_n60_k8_d065_s1003_s1042;ea_personalized;inst03_chordal_n60_k8_d065_s1003;experiments\20260618_124336_best_configs\instances\inst03_chordal_n60_k8_d065_s1003.txt;chordal;60;8;148;0.65;1003;1042;50000;263;3355;0;0;4986.09;9017.711196;generation
0015_ea_personalized_inst03_chordal_n60_k8_d065_s1003_s1042;ea_personalized;inst03_chordal_n60_k8_d065_s1003;experiments\20260618_124336_best_configs\instances\inst03_chordal_n60_k8_d065_s1003.txt;chordal;60;8;148;0.65;1003;1042;50000;264;3373;0;0;4479.4;7310.605819;generation
0015_ea_personalized_inst03_chordal_n60_k8_d065_s1003_s1042;ea_personalized;inst03_chordal_n60_k8_d065_s1003;experiments\20260618_124336_best_configs\instances\inst03_chordal_n60_k8_d065_s1003.txt;chordal;60;8;148;0.65;1003;1042;50000;265;3385;0;0;4988.06;9714.318973;generation
0015_ea_personalized_inst03_chordal_n60_k8_d065_s1003_s1042;ea_personalized;inst03_chordal_n60_k8_d065_s1003;experiments\20260618_124336_best_configs\instances\inst03_chordal_n60_k8_d065_s1003.txt;chordal;60;8;148;0.65;1003;1042;50000;266;3400;0;0;4349.4;7922.125422;generation
0015_ea_personalized_inst03_chordal_n60_k8_d065_s1003_s1042;ea_personalized;inst03_chordal_n60_k8_d065_s1003;experiments\20260618_124336_best_configs\instances\inst03_chordal_n60_k8_d065_s1003.txt;chordal;60;8;148;0.65;1003;1042;50000;267;3418;0;0;4094.67;8830.610271;generation
0015_ea_personalized_inst03_chordal_n60_k8_d065_s1003_s1042;ea_personalized;inst03_chordal_n60_k8_d065_s1003;experiments\20260618_124336_best_configs\instances\inst03_chordal_n60_k8_d065_s1003.txt;chordal;60;8;148;0.65;1003;1042;50000;268;3435;0;0;4094.71;8257.001558;generation
0015_ea_personalized_inst03_chordal_n60_k8_d065_s1003_s1042;ea_personalized;inst03_chordal_n60_k8_d065_s1003;experiments\20260618_124336_best_configs\instances\inst03_chordal_n60_k8_d065_s1003.txt;chordal;60;8;148;0.65;1003;1042;50000;269;3454;0;0;3843.53;7769.920512;generation
0015_ea_personalized_inst03_chordal_n60_k8_d065_s1003_s1042;ea_personalized;inst03_chordal_n60_k8_d065_s1003;experiments\20260618_124336_best_configs\instances\inst03_chordal_n60_k8_d065_s1003.txt;chordal;60;8;148;0.65;1003;1042;50000;270;3471;0;0;4475.64;7533.045468;generation
0015_ea_personalized_inst03_chordal_n60_k8_d065_s1003_s1042;ea_personalized;inst03_chordal_n60_k8_d065_s1003;experiments\20260618_124336_best_configs\instances\inst03_chordal_n60_k8_d065_s1003.txt;chordal;60;8;148;0.65;1003;1042;50000;271;3489;0;0;4607.56;8574.180186;generation
0015_ea_personalized_inst03_chordal_n60_k8_d065_s1003_s1042;ea_personalized;inst03_chordal_n60_k8_d065_s1003;experiments\20260618_124336_best_configs\instances\inst03_chordal_n60_k8_d065_s1003.txt;chordal;60;8;148;0.65;1003;1042;50000;272;3504;0;0;4479.14;8735.967851;generation
0015_ea_personalized_inst03_chordal_n60_k8_d065_s1003_s1042;ea_personalized;inst03_chordal_n60_k8_d065_s1003;experiments\20260618_124336_best_configs\instances\inst03_chordal_n60_k8_d065_s1003.txt;chordal;60;8;148;0.65;1003;1042;50000;273;3516;0;0;2690.95;5516.929636;generation
0015_ea_personalized_inst03_chordal_n60_k8_d065_s1003_s1042;ea_personalized;inst03_chordal_n60_k8_d065_s1003;experiments\20260618_124336_best_configs\instances\inst03_chordal_n60_k8_d065_s1003.txt;chordal;60;8;148;0.65;1003;1042;50000;274;3536;0;0;3328.59;6667.937846;generation
0015_ea_personalized_inst03_chordal_n60_k8_d065_s1003_s1042;ea_personalized;inst03_chordal_n60_k8_d065_s1003;experiments\20260618_124336_best_configs\instances\inst03_chordal_n60_k8_d065_s1003.txt;chordal;60;8;148;0.65;1003;1042;50000;275;3551;0;0;4990.89;8258.56071;generation
0015_ea_personalized_inst03_chordal_n60_k8_d065_s1003_s1042;ea_personalized;inst03_chordal_n60_k8_d065_s1003;experiments\20260618_124336_best_configs\instances\inst03_chordal_n60_k8_d065_s1003.txt;chordal;60;8;148;0.65;1003;1042;50000;276;3563;0;0;2948.02;5951.137792;generation
0015_ea_personalized_inst03_chordal_n60_k8_d065_s1003_s1042;ea_personalized;inst03_chordal_n60_k8_d065_s1003;experiments\20260618_124336_best_configs\instances\inst03_chordal_n60_k8_d065_s1003.txt;chordal;60;8;148;0.65;1003;1042;50000;277;3578;0;0;4099.18;7638.136779;generation
0015_ea_personalized_inst03_chordal_n60_k8_d065_s1003_s1042;ea_personalized;inst03_chordal_n60_k8_d065_s1003;experiments\20260618_124336_best_configs\instances\inst03_chordal_n60_k8_d065_s1003.txt;chordal;60;8;148;0.65;1003;1042;50000;278;3592;0;0;4351.5;8711.412702;generation
0015_ea_personalized_inst03_chordal_n60_k8_d065_s1003_s1042;ea_personalized;inst03_chordal_n60_k8_d065_s1003;experiments\20260618_124336_best_configs\instances\inst03_chordal_n60_k8_d065_s1003.txt;chordal;60;8;148;0.65;1003;1042;50000;279;3609;0;0;4602.36;7778.233156;generation
0015_ea_personalized_inst03_chordal_n60_k8_d065_s1003_s1042;ea_personalized;inst03_chordal_n60_k8_d065_s1003;experiments\20260618_124336_best_configs\instances\inst03_chordal_n60_k8_d065_s1003.txt;chordal;60;8;148;0.65;1003;1042;50000;280;3627;0;0;4860.8;7619.537923;generation
0015_ea_personalized_inst03_chordal_n60_k8_d065_s1003_s1042;ea_personalized;inst03_chordal_n60_k8_d065_s1003;experiments\20260618_124336_best_configs\instances\inst03_chordal_n60_k8_d065_s1003.txt;chordal;60;8;148;0.65;1003;1042;50000;281;3643;0;0;2047.92;5634.21349;generation
0015_ea_personalized_inst03_chordal_n60_k8_d065_s1003_s1042;ea_personalized;inst03_chordal_n60_k8_d065_s1003;experiments\20260618_124336_best_configs\instances\inst03_chordal_n60_k8_d065_s1003.txt;chordal;60;8;148;0.65;1003;1042;50000;282;3661;0;0;5881.23;9112.037296;generation
0015_ea_personalized_inst03_chordal_n60_k8_d065_s1003_s1042;ea_personalized;inst03_chordal_n60_k8_d065_s1003;experiments\20260618_124336_best_configs\instances\inst03_chordal_n60_k8_d065_s1003.txt;chordal;60;8;148;0.65;1003;1042;50000;283;3678;0;0;4221.63;8292.008364;generation
0015_ea_personalized_inst03_chordal_n60_k8_d065_s1003_s1042;ea_personalized;inst03_chordal_n60_k8_d065_s1003;experiments\20260618_124336_best_configs\instances\inst03_chordal_n60_k8_d065_s1003.txt;chordal;60;8;148;0.65;1003;1042;50000;284;3691;0;0;4990.82;9194.539323;generation
0015_ea_personalized_inst03_chordal_n60_k8_d065_s1003_s1042;ea_personalized;inst03_chordal_n60_k8_d065_s1003;experiments\20260618_124336_best_configs\instances\inst03_chordal_n60_k8_d065_s1003.txt;chordal;60;8;148;0.65;1003;1042;50000;285;3702;0;0;3455.42;6478.23869;generation
0015_ea_personalized_inst03_chordal_n60_k8_d065_s1003_s1042;ea_personalized;inst03_chordal_n60_k8_d065_s1003;experiments\20260618_124336_best_configs\instances\inst03_chordal_n60_k8_d065_s1003.txt;chordal;60;8;148;0.65;1003;1042;50000;286;3714;0;0;4095.31;7644.726277;generation
0015_ea_personalized_inst03_chordal_n60_k8_d065_s1003_s1042;ea_personalized;inst03_chordal_n60_k8_d065_s1003;experiments\20260618_124336_best_configs\instances\inst03_chordal_n60_k8_d065_s1003.txt;chordal;60;8;148;0.65;1003;1042;50000;287;3729;0;0;3710.35;7515.056683;generation
0015_ea_personalized_inst03_chordal_n60_k8_d065_s1003_s1042;ea_personalized;inst03_chordal_n60_k8_d065_s1003;experiments\20260618_124336_best_configs\instances\inst03_chordal_n60_k8_d065_s1003.txt;chordal;60;8;148;0.65;1003;1042;50000;288;3744;0;0;4221.65;8486.63464;generation
0015_ea_personalized_inst03_chordal_n60_k8_d065_s1003_s1042;ea_personalized;inst03_chordal_n60_k8_d065_s1003;experiments\20260618_124336_best_configs\instances\inst03_chordal_n60_k8_d065_s1003.txt;chordal;60;8;148;0.65;1003;1042;50000;289;3760;0;0;4218.13;7013.097572;generation
0015_ea_personalized_inst03_chordal_n60_k8_d065_s1003_s1042;ea_personalized;inst03_chordal_n60_k8_d065_s1003;experiments\20260618_124336_best_configs\instances\inst03_chordal_n60_k8_d065_s1003.txt;chordal;60;8;148;0.65;1003;1042;50000;290;3777;0;0;3323.76;8596.318477;generation
0015_ea_personalized_inst03_chordal_n60_k8_d065_s1003_s1042;ea_personalized;inst03_chordal_n60_k8_d065_s1003;experiments\20260618_124336_best_configs\instances\inst03_chordal_n60_k8_d065_s1003.txt;chordal;60;8;148;0.65;1003;1042;50000;291;3790;0;0;4349.02;7922.33384;generation
0015_ea_personalized_inst03_chordal_n60_k8_d065_s1003_s1042;ea_personalized;inst03_chordal_n60_k8_d065_s1003;experiments\20260618_124336_best_configs\instances\inst03_chordal_n60_k8_d065_s1003.txt;chordal;60;8;148;0.65;1003;1042;50000;292;3805;0;0;3840.08;7113.096824;generation
0015_ea_personalized_inst03_chordal_n60_k8_d065_s1003_s1042;ea_personalized;inst03_chordal_n60_k8_d065_s1003;experiments\20260618_124336_best_configs\instances\inst03_chordal_n60_k8_d065_s1003.txt;chordal;60;8;148;0.65;1003;1042;50000;293;3822;0;0;4731.72;8213.346862;generation
0015_ea_personalized_inst03_chordal_n60_k8_d065_s1003_s1042;ea_personalized;inst03_chordal_n60_k8_d065_s1003;experiments\20260618_124336_best_configs\instances\inst03_chordal_n60_k8_d065_s1003.txt;chordal;60;8;148;0.65;1003;1042;50000;294;3835;0;0;4220.63;8292.425595;generation
0015_ea_personalized_inst03_chordal_n60_k8_d065_s1003_s1042;ea_personalized;inst03_chordal_n60_k8_d065_s1003;experiments\20260618_124336_best_configs\instances\inst03_chordal_n60_k8_d065_s1003.txt;chordal;60;8;148;0.65;1003;1042;50000;295;3852;0;0;3837.58;8945.479121;generation
0015_ea_personalized_inst03_chordal_n60_k8_d065_s1003_s1042;ea_personalized;inst03_chordal_n60_k8_d065_s1003;experiments\20260618_124336_best_configs\instances\inst03_chordal_n60_k8_d065_s1003.txt;chordal;60;8;148;0.65;1003;1042;50000;296;3861;0;0;3965.69;8220.959507;generation
0015_ea_personalized_inst03_chordal_n60_k8_d065_s1003_s1042;ea_personalized;inst03_chordal_n60_k8_d065_s1003;experiments\20260618_124336_best_configs\instances\inst03_chordal_n60_k8_d065_s1003.txt;chordal;60;8;148;0.65;1003;1042;50000;297;3873;0;0;3964.75;8417.757367;generation
0015_ea_personalized_inst03_chordal_n60_k8_d065_s1003_s1042;ea_personalized;inst03_chordal_n60_k8_d065_s1003;experiments\20260618_124336_best_configs\instances\inst03_chordal_n60_k8_d065_s1003.txt;chordal;60;8;148;0.65;1003;1042;50000;298;3882;0;0;5372.75;8702.782094;generation
0015_ea_personalized_inst03_chordal_n60_k8_d065_s1003_s1042;ea_personalized;inst03_chordal_n60_k8_d065_s1003;experiments\20260618_124336_best_configs\instances\inst03_chordal_n60_k8_d065_s1003.txt;chordal;60;8;148;0.65;1003;1042;50000;299;3892;0;0;3327.85;6158.938154;generation
0015_ea_personalized_inst03_chordal_n60_k8_d065_s1003_s1042;ea_personalized;inst03_chordal_n60_k8_d065_s1003;experiments\20260618_124336_best_configs\instances\inst03_chordal_n60_k8_d065_s1003.txt;chordal;60;8;148;0.65;1003;1042;50000;300;3901;0;0;4605.07;8770.132506;generation
0015_ea_personalized_inst03_chordal_n60_k8_d065_s1003_s1042;ea_personalized;inst03_chordal_n60_k8_d065_s1003;experiments\20260618_124336_best_configs\instances\inst03_chordal_n60_k8_d065_s1003.txt;chordal;60;8;148;0.65;1003;1042;50000;301;3910;0;0;4986.32;8647.696247;generation
0015_ea_personalized_inst03_chordal_n60_k8_d065_s1003_s1042;ea_personalized;inst03_chordal_n60_k8_d065_s1003;experiments\20260618_124336_best_configs\instances\inst03_chordal_n60_k8_d065_s1003.txt;chordal;60;8;148;0.65;1003;1042;50000;302;3922;0;0;2559.44;6763.847616;generation
0015_ea_personalized_inst03_chordal_n60_k8_d065_s1003_s1042;ea_personalized;inst03_chordal_n60_k8_d065_s1003;experiments\20260618_124336_best_configs\instances\inst03_chordal_n60_k8_d065_s1003.txt;chordal;60;8;148;0.65;1003;1042;50000;303;3938;0;0;6009.55;10453.25392;generation
0015_ea_personalized_inst03_chordal_n60_k8_d065_s1003_s1042;ea_personalized;inst03_chordal_n60_k8_d065_s1003;experiments\20260618_124336_best_configs\instances\inst03_chordal_n60_k8_d065_s1003.txt;chordal;60;8;148;0.65;1003;1042;50000;304;3952;0;0;3328.43;7584.902795;generation
0015_ea_personalized_inst03_chordal_n60_k8_d065_s1003_s1042;ea_personalized;inst03_chordal_n60_k8_d065_s1003;experiments\20260618_124336_best_configs\instances\inst03_chordal_n60_k8_d065_s1003.txt;chordal;60;8;148;0.65;1003;1042;50000;305;3961;0;0;4222.9;7462.104881;generation
0015_ea_personalized_inst03_chordal_n60_k8_d065_s1003_s1042;ea_personalized;inst03_chordal_n60_k8_d065_s1003;experiments\20260618_124336_best_configs\instances\inst03_chordal_n60_k8_d065_s1003.txt;chordal;60;8;148;0.65;1003;1042;50000;306;3971;0;0;6137.47;11779.52838;generation
0015_ea_personalized_inst03_chordal_n60_k8_d065_s1003_s1042;ea_personalized;inst03_chordal_n60_k8_d065_s1003;experiments\20260618_124336_best_configs\instances\inst03_chordal_n60_k8_d065_s1003.txt;chordal;60;8;148;0.65;1003;1042;50000;307;3979;0;0;3712.39;7293.424755;generation
0015_ea_personalized_inst03_chordal_n60_k8_d065_s1003_s1042;ea_personalized;inst03_chordal_n60_k8_d065_s1003;experiments\20260618_124336_best_configs\instances\inst03_chordal_n60_k8_d065_s1003.txt;chordal;60;8;148;0.65;1003;1042;50000;308;3989;0;0;3327.24;7366.919431;generation
0015_ea_personalized_inst03_chordal_n60_k8_d065_s1003_s1042;ea_personalized;inst03_chordal_n60_k8_d065_s1003;experiments\20260618_124336_best_configs\instances\inst03_chordal_n60_k8_d065_s1003.txt;chordal;60;8;148;0.65;1003;1042;50000;309;3998;0;0;2943.48;6221.652915;generation
0015_ea_personalized_inst03_chordal_n60_k8_d065_s1003_s1042;ea_personalized;inst03_chordal_n60_k8_d065_s1003;experiments\20260618_124336_best_configs\instances\inst03_chordal_n60_k8_d065_s1003.txt;chordal;60;8;148;0.65;1003;1042;50000;310;4013;0;0;4988.89;8833.153012;generation
0015_ea_personalized_inst03_chordal_n60_k8_d065_s1003_s1042;ea_personalized;inst03_chordal_n60_k8_d065_s1003;experiments\20260618_124336_best_configs\instances\inst03_chordal_n60_k8_d065_s1003.txt;chordal;60;8;148;0.65;1003;1042;50000;311;4028;0;0;3582.27;7684.040636;generation
0015_ea_personalized_inst03_chordal_n60_k8_d065_s1003_s1042;ea_personalized;inst03_chordal_n60_k8_d065_s1003;experiments\20260618_124336_best_configs\instances\inst03_chordal_n60_k8_d065_s1003.txt;chordal;60;8;148;0.65;1003;1042;50000;312;4044;0;0;3198.66;7085.907204;generation
0015_ea_personalized_inst03_chordal_n60_k8_d065_s1003_s1042;ea_personalized;inst03_chordal_n60_k8_d065_s1003;experiments\20260618_124336_best_configs\instances\inst03_chordal_n60_k8_d065_s1003.txt;chordal;60;8;148;0.65;1003;1042;50000;313;4055;0;0;4220.19;7678.969649;generation
0015_ea_personalized_inst03_chordal_n60_k8_d065_s1003_s1042;ea_personalized;inst03_chordal_n60_k8_d065_s1003;experiments\20260618_124336_best_configs\instances\inst03_chordal_n60_k8_d065_s1003.txt;chordal;60;8;148;0.65;1003;1042;50000;314;4063;0;0;3712.73;6336.437614;generation
0015_ea_personalized_inst03_chordal_n60_k8_d065_s1003_s1042;ea_personalized;inst03_chordal_n60_k8_d065_s1003;experiments\20260618_124336_best_configs\instances\inst03_chordal_n60_k8_d065_s1003.txt;chordal;60;8;148;0.65;1003;1042;50000;315;4074;0;0;4350.67;6813.005726;generation
0015_ea_personalized_inst03_chordal_n60_k8_d065_s1003_s1042;ea_personalized;inst03_chordal_n60_k8_d065_s1003;experiments\20260618_124336_best_configs\instances\inst03_chordal_n60_k8_d065_s1003.txt;chordal;60;8;148;0.65;1003;1042;50000;316;4088;0;0;3459.58;7193.102229;generation
0015_ea_personalized_inst03_chordal_n60_k8_d065_s1003_s1042;ea_personalized;inst03_chordal_n60_k8_d065_s1003;experiments\20260618_124336_best_configs\instances\inst03_chordal_n60_k8_d065_s1003.txt;chordal;60;8;148;0.65;1003;1042;50000;317;4104;0;0;4347.04;9254.724883;generation
0015_ea_personalized_inst03_chordal_n60_k8_d065_s1003_s1042;ea_personalized;inst03_chordal_n60_k8_d065_s1003;experiments\20260618_124336_best_configs\instances\inst03_chordal_n60_k8_d065_s1003.txt;chordal;60;8;148;0.65;1003;1042;50000;318;4119;0;0;3457.45;7845.76503;generation
0015_ea_personalized_inst03_chordal_n60_k8_d065_s1003_s1042;ea_personalized;inst03_chordal_n60_k8_d065_s1003;experiments\20260618_124336_best_configs\instances\inst03_chordal_n60_k8_d065_s1003.txt;chordal;60;8;148;0.65;1003;1042;50000;319;4136;0;0;3837.8;9126.007384;generation
0015_ea_personalized_inst03_chordal_n60_k8_d065_s1003_s1042;ea_personalized;inst03_chordal_n60_k8_d065_s1003;experiments\20260618_124336_best_configs\instances\inst03_chordal_n60_k8_d065_s1003.txt;chordal;60;8;148;0.65;1003;1042;50000;320;4154;0;0;3454.62;8639.649474;generation
0015_ea_personalized_inst03_chordal_n60_k8_d065_s1003_s1042;ea_personalized;inst03_chordal_n60_k8_d065_s1003;experiments\20260618_124336_best_configs\instances\inst03_chordal_n60_k8_d065_s1003.txt;chordal;60;8;148;0.65;1003;1042;50000;321;4163;0;0;5757.05;10899.65377;generation
0015_ea_personalized_inst03_chordal_n60_k8_d065_s1003_s1042;ea_personalized;inst03_chordal_n60_k8_d065_s1003;experiments\20260618_124336_best_configs\instances\inst03_chordal_n60_k8_d065_s1003.txt;chordal;60;8;148;0.65;1003;1042;50000;322;4178;0;0;4351.32;8892.64766;generation
0015_ea_personalized_inst03_chordal_n60_k8_d065_s1003_s1042;ea_personalized;inst03_chordal_n60_k8_d065_s1003;experiments\20260618_124336_best_configs\instances\inst03_chordal_n60_k8_d065_s1003.txt;chordal;60;8;148;0.65;1003;1042;50000;323;4194;0;0;5117.88;10222.08715;generation
0015_ea_personalized_inst03_chordal_n60_k8_d065_s1003_s1042;ea_personalized;inst03_chordal_n60_k8_d065_s1003;experiments\20260618_124336_best_configs\instances\inst03_chordal_n60_k8_d065_s1003.txt;chordal;60;8;148;0.65;1003;1042;50000;324;4209;0;0;4989.89;8259.147637;generation
0015_ea_personalized_inst03_chordal_n60_k8_d065_s1003_s1042;ea_personalized;inst03_chordal_n60_k8_d065_s1003;experiments\20260618_124336_best_configs\instances\inst03_chordal_n60_k8_d065_s1003.txt;chordal;60;8;148;0.65;1003;1042;50000;325;4224;0;0;3583.31;7016.768223;generation
0015_ea_personalized_inst03_chordal_n60_k8_d065_s1003_s1042;ea_personalized;inst03_chordal_n60_k8_d065_s1003;experiments\20260618_124336_best_configs\instances\inst03_chordal_n60_k8_d065_s1003.txt;chordal;60;8;148;0.65;1003;1042;50000;326;4239;0;0;4091.68;7852.909602;generation
0015_ea_personalized_inst03_chordal_n60_k8_d065_s1003_s1042;ea_personalized;inst03_chordal_n60_k8_d065_s1003;experiments\20260618_124336_best_configs\instances\inst03_chordal_n60_k8_d065_s1003.txt;chordal;60;8;148;0.65;1003;1042;50000;327;4251;0;0;3965.3;7814.006829;generation
0015_ea_personalized_inst03_chordal_n60_k8_d065_s1003_s1042;ea_personalized;inst03_chordal_n60_k8_d065_s1003;experiments\20260618_124336_best_configs\instances\inst03_chordal_n60_k8_d065_s1003.txt;chordal;60;8;148;0.65;1003;1042;50000;328;4261;0;0;4866.07;9172.56301;generation
0015_ea_personalized_inst03_chordal_n60_k8_d065_s1003_s1042;ea_personalized;inst03_chordal_n60_k8_d065_s1003;experiments\20260618_124336_best_configs\instances\inst03_chordal_n60_k8_d065_s1003.txt;chordal;60;8;148;0.65;1003;1042;50000;329;4274;0;0;4989.68;9880.248675;generation
0015_ea_personalized_inst03_chordal_n60_k8_d065_s1003_s1042;ea_personalized;inst03_chordal_n60_k8_d065_s1003;experiments\20260618_124336_best_configs\instances\inst03_chordal_n60_k8_d065_s1003.txt;chordal;60;8;148;0.65;1003;1042;50000;330;4288;0;0;3711.24;6587.94884;generation
0015_ea_personalized_inst03_chordal_n60_k8_d065_s1003_s1042;ea_personalized;inst03_chordal_n60_k8_d065_s1003;experiments\20260618_124336_best_configs\instances\inst03_chordal_n60_k8_d065_s1003.txt;chordal;60;8;148;0.65;1003;1042;50000;331;4301;0;0;4606.48;9650.769805;generation
0015_ea_personalized_inst03_chordal_n60_k8_d065_s1003_s1042;ea_personalized;inst03_chordal_n60_k8_d065_s1003;experiments\20260618_124336_best_configs\instances\inst03_chordal_n60_k8_d065_s1003.txt;chordal;60;8;148;0.65;1003;1042;50000;332;4313;0;0;3456.96;7636.998089;generation
0015_ea_personalized_inst03_chordal_n60_k8_d065_s1003_s1042;ea_personalized;inst03_chordal_n60_k8_d065_s1003;experiments\20260618_124336_best_configs\instances\inst03_chordal_n60_k8_d065_s1003.txt;chordal;60;8;148;0.65;1003;1042;50000;333;4326;0;0;4350.79;7497.697211;generation
0015_ea_personalized_inst03_chordal_n60_k8_d065_s1003_s1042;ea_personalized;inst03_chordal_n60_k8_d065_s1003;experiments\20260618_124336_best_configs\instances\inst03_chordal_n60_k8_d065_s1003.txt;chordal;60;8;148;0.65;1003;1042;50000;334;4337;0;0;3200.23;5819.330375;generation
0015_ea_personalized_inst03_chordal_n60_k8_d065_s1003_s1042;ea_personalized;inst03_chordal_n60_k8_d065_s1003;experiments\20260618_124336_best_configs\instances\inst03_chordal_n60_k8_d065_s1003.txt;chordal;60;8;148;0.65;1003;1042;50000;335;4348;0;0;2182.73;5128.708414;generation
0015_ea_personalized_inst03_chordal_n60_k8_d065_s1003_s1042;ea_personalized;inst03_chordal_n60_k8_d065_s1003;experiments\20260618_124336_best_configs\instances\inst03_chordal_n60_k8_d065_s1003.txt;chordal;60;8;148;0.65;1003;1042;50000;336;4359;0;0;4859.07;8813.00876;generation
0015_ea_personalized_inst03_chordal_n60_k8_d065_s1003_s1042;ea_personalized;inst03_chordal_n60_k8_d065_s1003;experiments\20260618_124336_best_configs\instances\inst03_chordal_n60_k8_d065_s1003.txt;chordal;60;8;148;0.65;1003;1042;50000;337;4372;0;0;5117.6;9561.671235;generation
0015_ea_personalized_inst03_chordal_n60_k8_d065_s1003_s1042;ea_personalized;inst03_chordal_n60_k8_d065_s1003;experiments\20260618_124336_best_configs\instances\inst03_chordal_n60_k8_d065_s1003.txt;chordal;60;8;148;0.65;1003;1042;50000;338;4383;0;0;4099.98;8830.42865;generation
0015_ea_personalized_inst03_chordal_n60_k8_d065_s1003_s1042;ea_personalized;inst03_chordal_n60_k8_d065_s1003;experiments\20260618_124336_best_configs\instances\inst03_chordal_n60_k8_d065_s1003.txt;chordal;60;8;148;0.65;1003;1042;50000;339;4394;0;0;5370.29;8118.625515;generation
0015_ea_personalized_inst03_chordal_n60_k8_d065_s1003_s1042;ea_personalized;inst03_chordal_n60_k8_d065_s1003;experiments\20260618_124336_best_configs\instances\inst03_chordal_n60_k8_d065_s1003.txt;chordal;60;8;148;0.65;1003;1042;50000;340;4404;0;0;3452.82;7636.777864;generation
0015_ea_personalized_inst03_chordal_n60_k8_d065_s1003_s1042;ea_personalized;inst03_chordal_n60_k8_d065_s1003;experiments\20260618_124336_best_configs\instances\inst03_chordal_n60_k8_d065_s1003.txt;chordal;60;8;148;0.65;1003;1042;50000;341;4413;0;0;4732.71;9153.256738;generation
0015_ea_personalized_inst03_chordal_n60_k8_d065_s1003_s1042;ea_personalized;inst03_chordal_n60_k8_d065_s1003;experiments\20260618_124336_best_configs\instances\inst03_chordal_n60_k8_d065_s1003.txt;chordal;60;8;148;0.65;1003;1042;50000;342;4422;0;0;5628.85;10586.22115;generation
0015_ea_personalized_inst03_chordal_n60_k8_d065_s1003_s1042;ea_personalized;inst03_chordal_n60_k8_d065_s1003;experiments\20260618_124336_best_configs\instances\inst03_chordal_n60_k8_d065_s1003.txt;chordal;60;8;148;0.65;1003;1042;50000;343;4431;0;0;3966.06;8019.613123;generation
0015_ea_personalized_inst03_chordal_n60_k8_d065_s1003_s1042;ea_personalized;inst03_chordal_n60_k8_d065_s1003;experiments\20260618_124336_best_configs\instances\inst03_chordal_n60_k8_d065_s1003.txt;chordal;60;8;148;0.65;1003;1042;50000;344;4440;0;0;3456.1;6725.341409;generation
0015_ea_personalized_inst03_chordal_n60_k8_d065_s1003_s1042;ea_personalized;inst03_chordal_n60_k8_d065_s1003;experiments\20260618_124336_best_configs\instances\inst03_chordal_n60_k8_d065_s1003.txt;chordal;60;8;148;0.65;1003;1042;50000;345;4448;0;0;2941.74;6727.042358;generation
0015_ea_personalized_inst03_chordal_n60_k8_d065_s1003_s1042;ea_personalized;inst03_chordal_n60_k8_d065_s1003;experiments\20260618_124336_best_configs\instances\inst03_chordal_n60_k8_d065_s1003.txt;chordal;60;8;148;0.65;1003;1042;50000;346;4457;0;0;4858.09;8996.97761;generation
0015_ea_personalized_inst03_chordal_n60_k8_d065_s1003_s1042;ea_personalized;inst03_chordal_n60_k8_d065_s1003;experiments\20260618_124336_best_configs\instances\inst03_chordal_n60_k8_d065_s1003.txt;chordal;60;8;148;0.65;1003;1042;50000;347;4465;0;0;5755.03;9454.944435;generation
0015_ea_personalized_inst03_chordal_n60_k8_d065_s1003_s1042;ea_personalized;inst03_chordal_n60_k8_d065_s1003;experiments\20260618_124336_best_configs\instances\inst03_chordal_n60_k8_d065_s1003.txt;chordal;60;8;148;0.65;1003;1042;50000;348;4474;0;0;3967.18;9160.125663;generation
0015_ea_personalized_inst03_chordal_n60_k8_d065_s1003_s1042;ea_personalized;inst03_chordal_n60_k8_d065_s1003;experiments\20260618_124336_best_configs\instances\inst03_chordal_n60_k8_d065_s1003.txt;chordal;60;8;148;0.65;1003;1042;50000;349;4483;0;0;4988.82;8455.231075;generation
0015_ea_personalized_inst03_chordal_n60_k8_d065_s1003_s1042;ea_personalized;inst03_chordal_n60_k8_d065_s1003;experiments\20260618_124336_best_configs\instances\inst03_chordal_n60_k8_d065_s1003.txt;chordal;60;8;148;0.65;1003;1042;50000;350;4491;0;0;4091.44;7853.246046;generation
0015_ea_personalized_inst03_chordal_n60_k8_d065_s1003_s1042;ea_personalized;inst03_chordal_n60_k8_d065_s1003;experiments\20260618_124336_best_configs\instances\inst03_chordal_n60_k8_d065_s1003.txt;chordal;60;8;148;0.65;1003;1042;50000;351;4502;0;0;2688.43;6336.046631;generation
0015_ea_personalized_inst03_chordal_n60_k8_d065_s1003_s1042;ea_personalized;inst03_chordal_n60_k8_d065_s1003;experiments\20260618_124336_best_configs\instances\inst03_chordal_n60_k8_d065_s1003.txt;chordal;60;8;148;0.65;1003;1042;50000;352;4514;0;0;3328.8;6908.483266;generation
0015_ea_personalized_inst03_chordal_n60_k8_d065_s1003_s1042;ea_personalized;inst03_chordal_n60_k8_d065_s1003;experiments\20260618_124336_best_configs\instances\inst03_chordal_n60_k8_d065_s1003.txt;chordal;60;8;148;0.65;1003;1042;50000;353;4524;0;0;3583.44;8300.310839;generation
0015_ea_personalized_inst03_chordal_n60_k8_d065_s1003_s1042;ea_personalized;inst03_chordal_n60_k8_d065_s1003;experiments\20260618_124336_best_configs\instances\inst03_chordal_n60_k8_d065_s1003.txt;chordal;60;8;148;0.65;1003;1042;50000;354;4538;0;0;4859.65;8037.125951;generation
0015_ea_personalized_inst03_chordal_n60_k8_d065_s1003_s1042;ea_personalized;inst03_chordal_n60_k8_d065_s1003;experiments\20260618_124336_best_configs\instances\inst03_chordal_n60_k8_d065_s1003.txt;chordal;60;8;148;0.65;1003;1042;50000;355;4559;0;0;3197.99;5821.020626;generation
0015_ea_personalized_inst03_chordal_n60_k8_d065_s1003_s1042;ea_personalized;inst03_chordal_n60_k8_d065_s1003;experiments\20260618_124336_best_configs\instances\inst03_chordal_n60_k8_d065_s1003.txt;chordal;60;8;148;0.65;1003;1042;50000;356;4575;0;0;4091.3;8058.436426;generation
0015_ea_personalized_inst03_chordal_n60_k8_d065_s1003_s1042;ea_personalized;inst03_chordal_n60_k8_d065_s1003;experiments\20260618_124336_best_configs\instances\inst03_chordal_n60_k8_d065_s1003.txt;chordal;60;8;148;0.65;1003;1042;50000;357;4592;0;0;4351.18;8896.237395;generation
0015_ea_personalized_inst03_chordal_n60_k8_d065_s1003_s1042;ea_personalized;inst03_chordal_n60_k8_d065_s1003;experiments\20260618_124336_best_configs\instances\inst03_chordal_n60_k8_d065_s1003.txt;chordal;60;8;148;0.65;1003;1042;50000;358;4617;0;0;3324.79;6670.049789;generation
0015_ea_personalized_inst03_chordal_n60_k8_d065_s1003_s1042;ea_personalized;inst03_chordal_n60_k8_d065_s1003;experiments\20260618_124336_best_configs\instances\inst03_chordal_n60_k8_d065_s1003.txt;chordal;60;8;148;0.65;1003;1042;50000;359;4635;0;0;3196.86;6358.130875;generation
0015_ea_personalized_inst03_chordal_n60_k8_d065_s1003_s1042;ea_personalized;inst03_chordal_n60_k8_d065_s1003;experiments\20260618_124336_best_configs\instances\inst03_chordal_n60_k8_d065_s1003.txt;chordal;60;8;148;0.65;1003;1042;50000;360;4653;0;0;4475.19;8355.688165;generation
0015_ea_personalized_inst03_chordal_n60_k8_d065_s1003_s1042;ea_personalized;inst03_chordal_n60_k8_d065_s1003;experiments\20260618_124336_best_configs\instances\inst03_chordal_n60_k8_d065_s1003.txt;chordal;60;8;148;0.65;1003;1042;50000;361;4671;0;0;4222.54;8291.468451;generation
0015_ea_personalized_inst03_chordal_n60_k8_d065_s1003_s1042;ea_personalized;inst03_chordal_n60_k8_d065_s1003;experiments\20260618_124336_best_configs\instances\inst03_chordal_n60_k8_d065_s1003.txt;chordal;60;8;148;0.65;1003;1042;50000;362;4691;0;0;3201.3;7084.744078;generation
0015_ea_personalized_inst03_chordal_n60_k8_d065_s1003_s1042;ea_personalized;inst03_chordal_n60_k8_d065_s1003;experiments\20260618_124336_best_configs\instances\inst03_chordal_n60_k8_d065_s1003.txt;chordal;60;8;148;0.65;1003;1042;50000;363;4711;0;0;4610.82;9648.624158;generation
0015_ea_personalized_inst03_chordal_n60_k8_d065_s1003_s1042;ea_personalized;inst03_chordal_n60_k8_d065_s1003;experiments\20260618_124336_best_configs\instances\inst03_chordal_n60_k8_d065_s1003.txt;chordal;60;8;148;0.65;1003;1042;50000;364;4726;0;0;3973.14;8021.660404;generation
0015_ea_personalized_inst03_chordal_n60_k8_d065_s1003_s1042;ea_personalized;inst03_chordal_n60_k8_d065_s1003;experiments\20260618_124336_best_configs\instances\inst03_chordal_n60_k8_d065_s1003.txt;chordal;60;8;148;0.65;1003;1042;50000;365;4746;0;0;4607.19;9649.986612;generation
0015_ea_personalized_inst03_chordal_n60_k8_d065_s1003_s1042;ea_personalized;inst03_chordal_n60_k8_d065_s1003;experiments\20260618_124336_best_configs\instances\inst03_chordal_n60_k8_d065_s1003.txt;chordal;60;8;148;0.65;1003;1042;50000;366;4763;0;0;5498.69;9434.675138;generation
0015_ea_personalized_inst03_chordal_n60_k8_d065_s1003_s1042;ea_personalized;inst03_chordal_n60_k8_d065_s1003;experiments\20260618_124336_best_configs\instances\inst03_chordal_n60_k8_d065_s1003.txt;chordal;60;8;148;0.65;1003;1042;50000;367;4784;0;0;3455.52;6480.450476;generation
0015_ea_personalized_inst03_chordal_n60_k8_d065_s1003_s1042;ea_personalized;inst03_chordal_n60_k8_d065_s1003;experiments\20260618_124336_best_configs\instances\inst03_chordal_n60_k8_d065_s1003.txt;chordal;60;8;148;0.65;1003;1042;50000;368;4802;0;0;4224.08;9044.762555;generation
0015_ea_personalized_inst03_chordal_n60_k8_d065_s1003_s1042;ea_personalized;inst03_chordal_n60_k8_d065_s1003;experiments\20260618_124336_best_configs\instances\inst03_chordal_n60_k8_d065_s1003.txt;chordal;60;8;148;0.65;1003;1042;50000;369;4818;0;0;4602.54;8765.224057;generation
0015_ea_personalized_inst03_chordal_n60_k8_d065_s1003_s1042;ea_personalized;inst03_chordal_n60_k8_d065_s1003;experiments\20260618_124336_best_configs\instances\inst03_chordal_n60_k8_d065_s1003.txt;chordal;60;8;148;0.65;1003;1042;50000;370;4838;0;0;3836.13;7773.483687;generation
0015_ea_personalized_inst03_chordal_n60_k8_d065_s1003_s1042;ea_personalized;inst03_chordal_n60_k8_d065_s1003;experiments\20260618_124336_best_configs\instances\inst03_chordal_n60_k8_d065_s1003.txt;chordal;60;8;148;0.65;1003;1042;50000;371;4859;0;0;4988.49;9544.457638;generation
0015_ea_personalized_inst03_chordal_n60_k8_d065_s1003_s1042;ea_personalized;inst03_chordal_n60_k8_d065_s1003;experiments\20260618_124336_best_configs\instances\inst03_chordal_n60_k8_d065_s1003.txt;chordal;60;8;148;0.65;1003;1042;50000;372;4876;0;0;4349.57;7277.179645;generation
0015_ea_personalized_inst03_chordal_n60_k8_d065_s1003_s1042;ea_personalized;inst03_chordal_n60_k8_d065_s1003;experiments\20260618_124336_best_configs\instances\inst03_chordal_n60_k8_d065_s1003.txt;chordal;60;8;148;0.65;1003;1042;50000;373;4903;0;0;3583.58;7467.750561;generation
0015_ea_personalized_inst03_chordal_n60_k8_d065_s1003_s1042;ea_personalized;inst03_chordal_n60_k8_d065_s1003;experiments\20260618_124336_best_configs\instances\inst03_chordal_n60_k8_d065_s1003.txt;chordal;60;8;148;0.65;1003;1042;50000;374;4919;0;0;3457.12;7194.270473;generation
0015_ea_personalized_inst03_chordal_n60_k8_d065_s1003_s1042;ea_personalized;inst03_chordal_n60_k8_d065_s1003;experiments\20260618_124336_best_configs\instances\inst03_chordal_n60_k8_d065_s1003.txt;chordal;60;8;148;0.65;1003;1042;50000;375;4932;0;0;3967.62;8416.811716;generation
0015_ea_personalized_inst03_chordal_n60_k8_d065_s1003_s1042;ea_personalized;inst03_chordal_n60_k8_d065_s1003;experiments\20260618_124336_best_configs\instances\inst03_chordal_n60_k8_d065_s1003.txt;chordal;60;8;148;0.65;1003;1042;50000;376;4946;0;0;4090.39;8058.889257;generation
0015_ea_personalized_inst03_chordal_n60_k8_d065_s1003_s1042;ea_personalized;inst03_chordal_n60_k8_d065_s1003;experiments\20260618_124336_best_configs\instances\inst03_chordal_n60_k8_d065_s1003.txt;chordal;60;8;148;0.65;1003;1042;50000;377;4968;0;0;3839.41;6880.058778;generation
0015_ea_personalized_inst03_chordal_n60_k8_d065_s1003_s1042;ea_personalized;inst03_chordal_n60_k8_d065_s1003;experiments\20260618_124336_best_configs\instances\inst03_chordal_n60_k8_d065_s1003.txt;chordal;60;8;148;0.65;1003;1042;50000;378;4986;0;0;4733.98;8600.925257;generation
0015_ea_personalized_inst03_chordal_n60_k8_d065_s1003_s1042;ea_personalized;inst03_chordal_n60_k8_d065_s1003;experiments\20260618_124336_best_configs\instances\inst03_chordal_n60_k8_d065_s1003.txt;chordal;60;8;148;0.65;1003;1042;50000;379;5000;0;0;6649.83;10611.38438;generation
0015_ea_personalized_inst03_chordal_n60_k8_d065_s1003_s1042;ea_personalized;inst03_chordal_n60_k8_d065_s1003;experiments\20260618_124336_best_configs\instances\inst03_chordal_n60_k8_d065_s1003.txt;chordal;60;8;148;0.65;1003;1042;50000;380;5021;0;0;4989.45;9015.987266;generation
0015_ea_personalized_inst03_chordal_n60_k8_d065_s1003_s1042;ea_personalized;inst03_chordal_n60_k8_d065_s1003;experiments\20260618_124336_best_configs\instances\inst03_chordal_n60_k8_d065_s1003.txt;chordal;60;8;148;0.65;1003;1042;50000;381;5039;0;0;4222.63;8095.536034;generation
0015_ea_personalized_inst03_chordal_n60_k8_d065_s1003_s1042;ea_personalized;inst03_chordal_n60_k8_d065_s1003;experiments\20260618_124336_best_configs\instances\inst03_chordal_n60_k8_d065_s1003.txt;chordal;60;8;148;0.65;1003;1042;50000;382;5058;0;0;2824.04;5873.563118;generation
0015_ea_personalized_inst03_chordal_n60_k8_d065_s1003_s1042;ea_personalized;inst03_chordal_n60_k8_d065_s1003;experiments\20260618_124336_best_configs\instances\inst03_chordal_n60_k8_d065_s1003.txt;chordal;60;8;148;0.65;1003;1042;50000;383;5075;0;0;3839.58;7983.373825;generation
0015_ea_personalized_inst03_chordal_n60_k8_d065_s1003_s1042;ea_personalized;inst03_chordal_n60_k8_d065_s1003;experiments\20260618_124336_best_configs\instances\inst03_chordal_n60_k8_d065_s1003.txt;chordal;60;8;148;0.65;1003;1042;50000;384;5090;0;0;3580.31;7894.626957;generation
0015_ea_personalized_inst03_chordal_n60_k8_d065_s1003_s1042;ea_personalized;inst03_chordal_n60_k8_d065_s1003;experiments\20260618_124336_best_configs\instances\inst03_chordal_n60_k8_d065_s1003.txt;chordal;60;8;148;0.65;1003;1042;50000;385;5112;0;0;3964.68;7384.033284;generation
0015_ea_personalized_inst03_chordal_n60_k8_d065_s1003_s1042;ea_personalized;inst03_chordal_n60_k8_d065_s1003;experiments\20260618_124336_best_configs\instances\inst03_chordal_n60_k8_d065_s1003.txt;chordal;60;8;148;0.65;1003;1042;50000;386;5130;0;0;3710.01;6588.646007;generation
0015_ea_personalized_inst03_chordal_n60_k8_d065_s1003_s1042;ea_personalized;inst03_chordal_n60_k8_d065_s1003;experiments\20260618_124336_best_configs\instances\inst03_chordal_n60_k8_d065_s1003.txt;chordal;60;8;148;0.65;1003;1042;50000;387;5157;0;0;5497.16;8901.040048;generation
0015_ea_personalized_inst03_chordal_n60_k8_d065_s1003_s1042;ea_personalized;inst03_chordal_n60_k8_d065_s1003;experiments\20260618_124336_best_configs\instances\inst03_chordal_n60_k8_d065_s1003.txt;chordal;60;8;148;0.65;1003;1042;50000;388;5178;0;0;4222.84;8676.651018;generation
0015_ea_personalized_inst03_chordal_n60_k8_d065_s1003_s1042;ea_personalized;inst03_chordal_n60_k8_d065_s1003;experiments\20260618_124336_best_configs\instances\inst03_chordal_n60_k8_d065_s1003.txt;chordal;60;8;148;0.65;1003;1042;50000;389;5191;0;0;4094.6;8257.04688;generation
0015_ea_personalized_inst03_chordal_n60_k8_d065_s1003_s1042;ea_personalized;inst03_chordal_n60_k8_d065_s1003;experiments\20260618_124336_best_configs\instances\inst03_chordal_n60_k8_d065_s1003.txt;chordal;60;8;148;0.65;1003;1042;50000;390;5205;0;0;4349.9;8127.253894;generation
0015_ea_personalized_inst03_chordal_n60_k8_d065_s1003_s1042;ea_personalized;inst03_chordal_n60_k8_d065_s1003;experiments\20260618_124336_best_configs\instances\inst03_chordal_n60_k8_d065_s1003.txt;chordal;60;8;148;0.65;1003;1042;50000;391;5218;0;0;4349.44;8324.293776;generation
0015_ea_personalized_inst03_chordal_n60_k8_d065_s1003_s1042;ea_personalized;inst03_chordal_n60_k8_d065_s1003;experiments\20260618_124336_best_configs\instances\inst03_chordal_n60_k8_d065_s1003.txt;chordal;60;8;148;0.65;1003;1042;50000;392;5240;0;0;4092.42;8644.682337;generation
0015_ea_personalized_inst03_chordal_n60_k8_d065_s1003_s1042;ea_personalized;inst03_chordal_n60_k8_d065_s1003;experiments\20260618_124336_best_configs\instances\inst03_chordal_n60_k8_d065_s1003.txt;chordal;60;8;148;0.65;1003;1042;50000;393;5259;0;0;3581.28;6781.023769;generation
0015_ea_personalized_inst03_chordal_n60_k8_d065_s1003_s1042;ea_personalized;inst03_chordal_n60_k8_d065_s1003;experiments\20260618_124336_best_configs\instances\inst03_chordal_n60_k8_d065_s1003.txt;chordal;60;8;148;0.65;1003;1042;50000;394;5271;0;0;4349.27;8708.024921;generation
0015_ea_personalized_inst03_chordal_n60_k8_d065_s1003_s1042;ea_personalized;inst03_chordal_n60_k8_d065_s1003;experiments\20260618_124336_best_configs\instances\inst03_chordal_n60_k8_d065_s1003.txt;chordal;60;8;148;0.65;1003;1042;50000;395;5288;0;0;4347.47;7923.17185;generation
0015_ea_personalized_inst03_chordal_n60_k8_d065_s1003_s1042;ea_personalized;inst03_chordal_n60_k8_d065_s1003;experiments\20260618_124336_best_configs\instances\inst03_chordal_n60_k8_d065_s1003.txt;chordal;60;8;148;0.65;1003;1042;50000;396;5309;0;0;3324.62;6160.617017;generation
0015_ea_personalized_inst03_chordal_n60_k8_d065_s1003_s1042;ea_personalized;inst03_chordal_n60_k8_d065_s1003;experiments\20260618_124336_best_configs\instances\inst03_chordal_n60_k8_d065_s1003.txt;chordal;60;8;148;0.65;1003;1042;50000;397;5322;0;0;3709.26;6832.56435;generation
0015_ea_personalized_inst03_chordal_n60_k8_d065_s1003_s1042;ea_personalized;inst03_chordal_n60_k8_d065_s1003;experiments\20260618_124336_best_configs\instances\inst03_chordal_n60_k8_d065_s1003.txt;chordal;60;8;148;0.65;1003;1042;50000;398;5338;0;0;3581.45;6780.923047;generation
0015_ea_personalized_inst03_chordal_n60_k8_d065_s1003_s1042;ea_personalized;inst03_chordal_n60_k8_d065_s1003;experiments\20260618_124336_best_configs\instances\inst03_chordal_n60_k8_d065_s1003.txt;chordal;60;8;148;0.65;1003;1042;50000;399;5351;0;0;4603.21;8949.376461;generation
0015_ea_personalized_inst03_chordal_n60_k8_d065_s1003_s1042;ea_personalized;inst03_chordal_n60_k8_d065_s1003;experiments\20260618_124336_best_configs\instances\inst03_chordal_n60_k8_d065_s1003.txt;chordal;60;8;148;0.65;1003;1042;50000;400;5371;0;0;3326.67;6911.561559;generation
0015_ea_personalized_inst03_chordal_n60_k8_d065_s1003_s1042;ea_personalized;inst03_chordal_n60_k8_d065_s1003;experiments\20260618_124336_best_configs\instances\inst03_chordal_n60_k8_d065_s1003.txt;chordal;60;8;148;0.65;1003;1042;50000;401;5386;0;0;3965.97;7601.362876;generation
0015_ea_personalized_inst03_chordal_n60_k8_d065_s1003_s1042;ea_personalized;inst03_chordal_n60_k8_d065_s1003;experiments\20260618_124336_best_configs\instances\inst03_chordal_n60_k8_d065_s1003.txt;chordal;60;8;148;0.65;1003;1042;50000;402;5398;0;0;4610.71;8574.054655;generation
0015_ea_personalized_inst03_chordal_n60_k8_d065_s1003_s1042;ea_personalized;inst03_chordal_n60_k8_d065_s1003;experiments\20260618_124336_best_configs\instances\inst03_chordal_n60_k8_d065_s1003.txt;chordal;60;8;148;0.65;1003;1042;50000;403;5416;0;0;3835.66;6884.239071;generation
0015_ea_personalized_inst03_chordal_n60_k8_d065_s1003_s1042;ea_personalized;inst03_chordal_n60_k8_d065_s1003;experiments\20260618_124336_best_configs\instances\inst03_chordal_n60_k8_d065_s1003.txt;chordal;60;8;148;0.65;1003;1042;50000;404;5435;0;0;2690.22;6071.992312;generation
0015_ea_personalized_inst03_chordal_n60_k8_d065_s1003_s1042;ea_personalized;inst03_chordal_n60_k8_d065_s1003;experiments\20260618_124336_best_configs\instances\inst03_chordal_n60_k8_d065_s1003.txt;chordal;60;8;148;0.65;1003;1042;50000;405;5449;0;0;4604.46;7563.670004;generation
0015_ea_personalized_inst03_chordal_n60_k8_d065_s1003_s1042;ea_personalized;inst03_chordal_n60_k8_d065_s1003;experiments\20260618_124336_best_configs\instances\inst03_chordal_n60_k8_d065_s1003.txt;chordal;60;8;148;0.65;1003;1042;50000;406;5465;0;0;5500.99;10730.26064;generation
0015_ea_personalized_inst03_chordal_n60_k8_d065_s1003_s1042;ea_personalized;inst03_chordal_n60_k8_d065_s1003;experiments\20260618_124336_best_configs\instances\inst03_chordal_n60_k8_d065_s1003.txt;chordal;60;8;148;0.65;1003;1042;50000;407;5484;0;0;4227.96;7884.751098;generation
0015_ea_personalized_inst03_chordal_n60_k8_d065_s1003_s1042;ea_personalized;inst03_chordal_n60_k8_d065_s1003;experiments\20260618_124336_best_configs\instances\inst03_chordal_n60_k8_d065_s1003.txt;chordal;60;8;148;0.65;1003;1042;50000;408;5502;0;0;5374.53;10250.22097;generation
0015_ea_personalized_inst03_chordal_n60_k8_d065_s1003_s1042;ea_personalized;inst03_chordal_n60_k8_d065_s1003;experiments\20260618_124336_best_configs\instances\inst03_chordal_n60_k8_d065_s1003.txt;chordal;60;8;148;0.65;1003;1042;50000;409;5515;0;0;4478.83;8921.139373;generation
0015_ea_personalized_inst03_chordal_n60_k8_d065_s1003_s1042;ea_personalized;inst03_chordal_n60_k8_d065_s1003;experiments\20260618_124336_best_configs\instances\inst03_chordal_n60_k8_d065_s1003.txt;chordal;60;8;148;0.65;1003;1042;50000;410;5532;0;0;5500.2;10730.63227;generation
0015_ea_personalized_inst03_chordal_n60_k8_d065_s1003_s1042;ea_personalized;inst03_chordal_n60_k8_d065_s1003;experiments\20260618_124336_best_configs\instances\inst03_chordal_n60_k8_d065_s1003.txt;chordal;60;8;148;0.65;1003;1042;50000;411;5550;0;0;3842.07;7557.494866;generation
0015_ea_personalized_inst03_chordal_n60_k8_d065_s1003_s1042;ea_personalized;inst03_chordal_n60_k8_d065_s1003;experiments\20260618_124336_best_configs\instances\inst03_chordal_n60_k8_d065_s1003.txt;chordal;60;8;148;0.65;1003;1042;50000;412;5566;0;0;3201.16;6850.775124;generation
0015_ea_personalized_inst03_chordal_n60_k8_d065_s1003_s1042;ea_personalized;inst03_chordal_n60_k8_d065_s1003;experiments\20260618_124336_best_configs\instances\inst03_chordal_n60_k8_d065_s1003.txt;chordal;60;8;148;0.65;1003;1042;50000;413;5585;0;0;3200.8;7313.686221;generation
0015_ea_personalized_inst03_chordal_n60_k8_d065_s1003_s1042;ea_personalized;inst03_chordal_n60_k8_d065_s1003;experiments\20260618_124336_best_configs\instances\inst03_chordal_n60_k8_d065_s1003.txt;chordal;60;8;148;0.65;1003;1042;50000;414;5610;0;0;3328.23;5888.13436;generation
0015_ea_personalized_inst03_chordal_n60_k8_d065_s1003_s1042;ea_personalized;inst03_chordal_n60_k8_d065_s1003;experiments\20260618_124336_best_configs\instances\inst03_chordal_n60_k8_d065_s1003.txt;chordal;60;8;148;0.65;1003;1042;50000;415;5635;0;0;6775.71;11207.65587;generation
0015_ea_personalized_inst03_chordal_n60_k8_d065_s1003_s1042;ea_personalized;inst03_chordal_n60_k8_d065_s1003;experiments\20260618_124336_best_configs\instances\inst03_chordal_n60_k8_d065_s1003.txt;chordal;60;8;148;0.65;1003;1042;50000;416;5653;0;0;4985.47;9018.047685;generation
0015_ea_personalized_inst03_chordal_n60_k8_d065_s1003_s1042;ea_personalized;inst03_chordal_n60_k8_d065_s1003;experiments\20260618_124336_best_configs\instances\inst03_chordal_n60_k8_d065_s1003.txt;chordal;60;8;148;0.65;1003;1042;50000;417;5670;0;0;2303.56;5822.268436;generation
0015_ea_personalized_inst03_chordal_n60_k8_d065_s1003_s1042;ea_personalized;inst03_chordal_n60_k8_d065_s1003;experiments\20260618_124336_best_configs\instances\inst03_chordal_n60_k8_d065_s1003.txt;chordal;60;8;148;0.65;1003;1042;50000;418;5695;0;0;5242.06;9232.288832;generation
0015_ea_personalized_inst03_chordal_n60_k8_d065_s1003_s1042;ea_personalized;inst03_chordal_n60_k8_d065_s1003;experiments\20260618_124336_best_configs\instances\inst03_chordal_n60_k8_d065_s1003.txt;chordal;60;8;148;0.65;1003;1042;50000;419;5718;0;0;5243.53;9231.642855;generation
0015_ea_personalized_inst03_chordal_n60_k8_d065_s1003_s1042;ea_personalized;inst03_chordal_n60_k8_d065_s1003;experiments\20260618_124336_best_configs\instances\inst03_chordal_n60_k8_d065_s1003.txt;chordal;60;8;148;0.65;1003;1042;50000;420;5734;0;0;4480.52;8352.876413;generation
0015_ea_personalized_inst03_chordal_n60_k8_d065_s1003_s1042;ea_personalized;inst03_chordal_n60_k8_d065_s1003;experiments\20260618_124336_best_configs\instances\inst03_chordal_n60_k8_d065_s1003.txt;chordal;60;8;148;0.65;1003;1042;50000;421;5752;0;0;5242.02;8101.775742;generation
0015_ea_personalized_inst03_chordal_n60_k8_d065_s1003_s1042;ea_personalized;inst03_chordal_n60_k8_d065_s1003;experiments\20260618_124336_best_configs\instances\inst03_chordal_n60_k8_d065_s1003.txt;chordal;60;8;148;0.65;1003;1042;50000;422;5769;0;0;4476.78;8548.459901;generation
0015_ea_personalized_inst03_chordal_n60_k8_d065_s1003_s1042;ea_personalized;inst03_chordal_n60_k8_d065_s1003;experiments\20260618_124336_best_configs\instances\inst03_chordal_n60_k8_d065_s1003.txt;chordal;60;8;148;0.65;1003;1042;50000;423;5790;0;0;3582.13;7468.425239;generation
0015_ea_personalized_inst03_chordal_n60_k8_d065_s1003_s1042;ea_personalized;inst03_chordal_n60_k8_d065_s1003;experiments\20260618_124336_best_configs\instances\inst03_chordal_n60_k8_d065_s1003.txt;chordal;60;8;148;0.65;1003;1042;50000;424;5805;0;0;4222.78;9045.151772;generation
0015_ea_personalized_inst03_chordal_n60_k8_d065_s1003_s1042;ea_personalized;inst03_chordal_n60_k8_d065_s1003;experiments\20260618_124336_best_configs\instances\inst03_chordal_n60_k8_d065_s1003.txt;chordal;60;8;148;0.65;1003;1042;50000;425;5823;0;0;4347.51;7499.476892;generation
0015_ea_personalized_inst03_chordal_n60_k8_d065_s1003_s1042;ea_personalized;inst03_chordal_n60_k8_d065_s1003;experiments\20260618_124336_best_configs\instances\inst03_chordal_n60_k8_d065_s1003.txt;chordal;60;8;148;0.65;1003;1042;50000;426;5840;0;0;4218.7;8488.066252;generation
0015_ea_personalized_inst03_chordal_n60_k8_d065_s1003_s1042;ea_personalized;inst03_chordal_n60_k8_d065_s1003;experiments\20260618_124336_best_configs\instances\inst03_chordal_n60_k8_d065_s1003.txt;chordal;60;8;148;0.65;1003;1042;50000;427;5854;0;0;5116.31;9898.119684;generation
0015_ea_personalized_inst03_chordal_n60_k8_d065_s1003_s1042;ea_personalized;inst03_chordal_n60_k8_d065_s1003;experiments\20260618_124336_best_configs\instances\inst03_chordal_n60_k8_d065_s1003.txt;chordal;60;8;148;0.65;1003;1042;50000;428;5872;0;0;3326.94;6668.751592;generation
0015_ea_personalized_inst03_chordal_n60_k8_d065_s1003_s1042;ea_personalized;inst03_chordal_n60_k8_d065_s1003;experiments\20260618_124336_best_configs\instances\inst03_chordal_n60_k8_d065_s1003.txt;chordal;60;8;148;0.65;1003;1042;50000;429;5890;0;0;3454.99;7846.837948;generation
0015_ea_personalized_inst03_chordal_n60_k8_d065_s1003_s1042;ea_personalized;inst03_chordal_n60_k8_d065_s1003;experiments\20260618_124336_best_configs\instances\inst03_chordal_n60_k8_d065_s1003.txt;chordal;60;8;148;0.65;1003;1042;50000;430;5905;0;0;3072.01;6025.155333;generation
0015_ea_personalized_inst03_chordal_n60_k8_d065_s1003_s1042;ea_personalized;inst03_chordal_n60_k8_d065_s1003;experiments\20260618_124336_best_configs\instances\inst03_chordal_n60_k8_d065_s1003.txt;chordal;60;8;148;0.65;1003;1042;50000;431;5919;0;0;3965.41;8797.211289;generation
0015_ea_personalized_inst03_chordal_n60_k8_d065_s1003_s1042;ea_personalized;inst03_chordal_n60_k8_d065_s1003;experiments\20260618_124336_best_configs\instances\inst03_chordal_n60_k8_d065_s1003.txt;chordal;60;8;148;0.65;1003;1042;50000;432;5935;0;0;2687.99;6336.357666;generation
0015_ea_personalized_inst03_chordal_n60_k8_d065_s1003_s1042;ea_personalized;inst03_chordal_n60_k8_d065_s1003;experiments\20260618_124336_best_configs\instances\inst03_chordal_n60_k8_d065_s1003.txt;chordal;60;8;148;0.65;1003;1042;50000;433;5949;0;0;4091.63;8453.985075;generation
0015_ea_personalized_inst03_chordal_n60_k8_d065_s1003_s1042;ea_personalized;inst03_chordal_n60_k8_d065_s1003;experiments\20260618_124336_best_configs\instances\inst03_chordal_n60_k8_d065_s1003.txt;chordal;60;8;148;0.65;1003;1042;50000;434;5967;0;0;3707.98;7730.479885;generation
0015_ea_personalized_inst03_chordal_n60_k8_d065_s1003_s1042;ea_personalized;inst03_chordal_n60_k8_d065_s1003;experiments\20260618_124336_best_configs\instances\inst03_chordal_n60_k8_d065_s1003.txt;chordal;60;8;148;0.65;1003;1042;50000;435;5983;0;0;4734.32;9840.505656;generation
0015_ea_personalized_inst03_chordal_n60_k8_d065_s1003_s1042;ea_personalized;inst03_chordal_n60_k8_d065_s1003;experiments\20260618_124336_best_configs\instances\inst03_chordal_n60_k8_d065_s1003.txt;chordal;60;8;148;0.65;1003;1042;50000;436;5995;0;0;4989.99;9195.005562;generation
0015_ea_personalized_inst03_chordal_n60_k8_d065_s1003_s1042;ea_personalized;inst03_chordal_n60_k8_d065_s1003;experiments\20260618_124336_best_configs\instances\inst03_chordal_n60_k8_d065_s1003.txt;chordal;60;8;148;0.65;1003;1042;50000;437;6013;0;0;3200.17;8354.811298;generation
0015_ea_personalized_inst03_chordal_n60_k8_d065_s1003_s1042;ea_personalized;inst03_chordal_n60_k8_d065_s1003;experiments\20260618_124336_best_configs\instances\inst03_chordal_n60_k8_d065_s1003.txt;chordal;60;8;148;0.65;1003;1042;50000;438;6026;0;0;4348;8519.001299;generation
0015_ea_personalized_inst03_chordal_n60_k8_d065_s1003_s1042;ea_personalized;inst03_chordal_n60_k8_d065_s1003;experiments\20260618_124336_best_configs\instances\inst03_chordal_n60_k8_d065_s1003.txt;chordal;60;8;148;0.65;1003;1042;50000;439;6041;0;0;4473.74;8356.45473;generation
0015_ea_personalized_inst03_chordal_n60_k8_d065_s1003_s1042;ea_personalized;inst03_chordal_n60_k8_d065_s1003;experiments\20260618_124336_best_configs\instances\inst03_chordal_n60_k8_d065_s1003.txt;chordal;60;8;148;0.65;1003;1042;50000;440;6053;0;0;2686.84;5509.322693;generation
0015_ea_personalized_inst03_chordal_n60_k8_d065_s1003_s1042;ea_personalized;inst03_chordal_n60_k8_d065_s1003;experiments\20260618_124336_best_configs\instances\inst03_chordal_n60_k8_d065_s1003.txt;chordal;60;8;148;0.65;1003;1042;50000;441;6065;0;0;4731.4;9153.944823;generation
0015_ea_personalized_inst03_chordal_n60_k8_d065_s1003_s1042;ea_personalized;inst03_chordal_n60_k8_d065_s1003;experiments\20260618_124336_best_configs\instances\inst03_chordal_n60_k8_d065_s1003.txt;chordal;60;8;148;0.65;1003;1042;50000;442;6078;0;0;4349.49;8324.272216;generation
0015_ea_personalized_inst03_chordal_n60_k8_d065_s1003_s1042;ea_personalized;inst03_chordal_n60_k8_d065_s1003;experiments\20260618_124336_best_configs\instances\inst03_chordal_n60_k8_d065_s1003.txt;chordal;60;8;148;0.65;1003;1042;50000;443;6092;0;0;4475.23;9282.003011;generation
0015_ea_personalized_inst03_chordal_n60_k8_d065_s1003_s1042;ea_personalized;inst03_chordal_n60_k8_d065_s1003;experiments\20260618_124336_best_configs\instances\inst03_chordal_n60_k8_d065_s1003.txt;chordal;60;8;148;0.65;1003;1042;50000;444;6107;0;0;5247.88;8097.68654;generation
0015_ea_personalized_inst03_chordal_n60_k8_d065_s1003_s1042;ea_personalized;inst03_chordal_n60_k8_d065_s1003;experiments\20260618_124336_best_configs\instances\inst03_chordal_n60_k8_d065_s1003.txt;chordal;60;8;148;0.65;1003;1042;50000;445;6119;0;0;4608.55;7561.214801;generation
0015_ea_personalized_inst03_chordal_n60_k8_d065_s1003_s1042;ea_personalized;inst03_chordal_n60_k8_d065_s1003;experiments\20260618_124336_best_configs\instances\inst03_chordal_n60_k8_d065_s1003.txt;chordal;60;8;148;0.65;1003;1042;50000;446;6136;0;0;3839.09;8378.899152;generation
0015_ea_personalized_inst03_chordal_n60_k8_d065_s1003_s1042;ea_personalized;inst03_chordal_n60_k8_d065_s1003;experiments\20260618_124336_best_configs\instances\inst03_chordal_n60_k8_d065_s1003.txt;chordal;60;8;148;0.65;1003;1042;50000;447;6151;0;0;4477.34;9104.694727;generation
0015_ea_personalized_inst03_chordal_n60_k8_d065_s1003_s1042;ea_personalized;inst03_chordal_n60_k8_d065_s1003;experiments\20260618_124336_best_configs\instances\inst03_chordal_n60_k8_d065_s1003.txt;chordal;60;8;148;0.65;1003;1042;50000;448;6161;0;0;6009.58;10761.2437;generation
0015_ea_personalized_inst03_chordal_n60_k8_d065_s1003_s1042;ea_personalized;inst03_chordal_n60_k8_d065_s1003;experiments\20260618_124336_best_configs\instances\inst03_chordal_n60_k8_d065_s1003.txt;chordal;60;8;148;0.65;1003;1042;50000;449;6174;0;0;5242.04;10553.29383;generation
0015_ea_personalized_inst03_chordal_n60_k8_d065_s1003_s1042;ea_personalized;inst03_chordal_n60_k8_d065_s1003;experiments\20260618_124336_best_configs\instances\inst03_chordal_n60_k8_d065_s1003.txt;chordal;60;8;148;0.65;1003;1042;50000;450;6187;0;0;4606.29;8949.241803;generation
0015_ea_personalized_inst03_chordal_n60_k8_d065_s1003_s1042;ea_personalized;inst03_chordal_n60_k8_d065_s1003;experiments\20260618_124336_best_configs\instances\inst03_chordal_n60_k8_d065_s1003.txt;chordal;60;8;148;0.65;1003;1042;50000;451;6202;0;0;4480;8546.850551;generation
0015_ea_personalized_inst03_chordal_n60_k8_d065_s1003_s1042;ea_personalized;inst03_chordal_n60_k8_d065_s1003;experiments\20260618_124336_best_configs\instances\inst03_chordal_n60_k8_d065_s1003.txt;chordal;60;8;148;0.65;1003;1042;50000;452;6213;0;0;3583.61;7471.782014;generation
0015_ea_personalized_inst03_chordal_n60_k8_d065_s1003_s1042;ea_personalized;inst03_chordal_n60_k8_d065_s1003;experiments\20260618_124336_best_configs\instances\inst03_chordal_n60_k8_d065_s1003.txt;chordal;60;8;148;0.65;1003;1042;50000;453;6227;0;0;5240.6;8301.503196;generation
0015_ea_personalized_inst03_chordal_n60_k8_d065_s1003_s1042;ea_personalized;inst03_chordal_n60_k8_d065_s1003;experiments\20260618_124336_best_configs\instances\inst03_chordal_n60_k8_d065_s1003.txt;chordal;60;8;148;0.65;1003;1042;50000;454;6238;0;0;3197.43;5533.087968;generation
0015_ea_personalized_inst03_chordal_n60_k8_d065_s1003_s1042;ea_personalized;inst03_chordal_n60_k8_d065_s1003;experiments\20260618_124336_best_configs\instances\inst03_chordal_n60_k8_d065_s1003.txt;chordal;60;8;148;0.65;1003;1042;50000;455;6250;0;0;3580.63;7894.43204;generation
0015_ea_personalized_inst03_chordal_n60_k8_d065_s1003_s1042;ea_personalized;inst03_chordal_n60_k8_d065_s1003;experiments\20260618_124336_best_configs\instances\inst03_chordal_n60_k8_d065_s1003.txt;chordal;60;8;148;0.65;1003;1042;50000;456;6264;0;0;2433.55;5625.826911;generation
0015_ea_personalized_inst03_chordal_n60_k8_d065_s1003_s1042;ea_personalized;inst03_chordal_n60_k8_d065_s1003;experiments\20260618_124336_best_configs\instances\inst03_chordal_n60_k8_d065_s1003.txt;chordal;60;8;148;0.65;1003;1042;50000;457;6275;0;0;3835.55;7773.771902;generation
0015_ea_personalized_inst03_chordal_n60_k8_d065_s1003_s1042;ea_personalized;inst03_chordal_n60_k8_d065_s1003;experiments\20260618_124336_best_configs\instances\inst03_chordal_n60_k8_d065_s1003.txt;chordal;60;8;148;0.65;1003;1042;50000;458;6285;0;0;3581.72;8682.32315;generation
0015_ea_personalized_inst03_chordal_n60_k8_d065_s1003_s1042;ea_personalized;inst03_chordal_n60_k8_d065_s1003;experiments\20260618_124336_best_configs\instances\inst03_chordal_n60_k8_d065_s1003.txt;chordal;60;8;148;0.65;1003;1042;50000;459;6295;0;0;5883;10906.11975;generation
0015_ea_personalized_inst03_chordal_n60_k8_d065_s1003_s1042;ea_personalized;inst03_chordal_n60_k8_d065_s1003;experiments\20260618_124336_best_configs\instances\inst03_chordal_n60_k8_d065_s1003.txt;chordal;60;8;148;0.65;1003;1042;50000;460;6311;0;0;6136.71;9474.019232;generation
0015_ea_personalized_inst03_chordal_n60_k8_d065_s1003_s1042;ea_personalized;inst03_chordal_n60_k8_d065_s1003;experiments\20260618_124336_best_configs\instances\inst03_chordal_n60_k8_d065_s1003.txt;chordal;60;8;148;0.65;1003;1042;50000;461;6328;0;0;3581.86;8098.617909;generation
0015_ea_personalized_inst03_chordal_n60_k8_d065_s1003_s1042;ea_personalized;inst03_chordal_n60_k8_d065_s1003;experiments\20260618_124336_best_configs\instances\inst03_chordal_n60_k8_d065_s1003.txt;chordal;60;8;148;0.65;1003;1042;50000;462;6338;0;0;3454.49;6964.757406;generation
0015_ea_personalized_inst03_chordal_n60_k8_d065_s1003_s1042;ea_personalized;inst03_chordal_n60_k8_d065_s1003;experiments\20260618_124336_best_configs\instances\inst03_chordal_n60_k8_d065_s1003.txt;chordal;60;8;148;0.65;1003;1042;50000;463;6349;0;0;3968.23;8416.13874;generation
0015_ea_personalized_inst03_chordal_n60_k8_d065_s1003_s1042;ea_personalized;inst03_chordal_n60_k8_d065_s1003;experiments\20260618_124336_best_configs\instances\inst03_chordal_n60_k8_d065_s1003.txt;chordal;60;8;148;0.65;1003;1042;50000;464;6359;0;0;4094.51;7851.468561;generation
0015_ea_personalized_inst03_chordal_n60_k8_d065_s1003_s1042;ea_personalized;inst03_chordal_n60_k8_d065_s1003;experiments\20260618_124336_best_configs\instances\inst03_chordal_n60_k8_d065_s1003.txt;chordal;60;8;148;0.65;1003;1042;50000;465;6372;0;0;3841.73;7770.770133;generation
0015_ea_personalized_inst03_chordal_n60_k8_d065_s1003_s1042;ea_personalized;inst03_chordal_n60_k8_d065_s1003;experiments\20260618_124336_best_configs\instances\inst03_chordal_n60_k8_d065_s1003.txt;chordal;60;8;148;0.65;1003;1042;50000;466;6385;0;0;3584.35;8300.101737;generation
0015_ea_personalized_inst03_chordal_n60_k8_d065_s1003_s1042;ea_personalized;inst03_chordal_n60_k8_d065_s1003;experiments\20260618_124336_best_configs\instances\inst03_chordal_n60_k8_d065_s1003.txt;chordal;60;8;148;0.65;1003;1042;50000;467;6395;0;0;3580.43;6281.483129;generation
0015_ea_personalized_inst03_chordal_n60_k8_d065_s1003_s1042;ea_personalized;inst03_chordal_n60_k8_d065_s1003;experiments\20260618_124336_best_configs\instances\inst03_chordal_n60_k8_d065_s1003.txt;chordal;60;8;148;0.65;1003;1042;50000;468;6405;0;0;2564.18;5715.180404;generation
0015_ea_personalized_inst03_chordal_n60_k8_d065_s1003_s1042;ea_personalized;inst03_chordal_n60_k8_d065_s1003;experiments\20260618_124336_best_configs\instances\inst03_chordal_n60_k8_d065_s1003.txt;chordal;60;8;148;0.65;1003;1042;50000;469;6415;0;0;4095.83;7422.97302;generation
0015_ea_personalized_inst03_chordal_n60_k8_d065_s1003_s1042;ea_personalized;inst03_chordal_n60_k8_d065_s1003;experiments\20260618_124336_best_configs\instances\inst03_chordal_n60_k8_d065_s1003.txt;chordal;60;8;148;0.65;1003;1042;50000;470;6426;0;0;3328.31;8402.762276;generation
0015_ea_personalized_inst03_chordal_n60_k8_d065_s1003_s1042;ea_personalized;inst03_chordal_n60_k8_d065_s1003;experiments\20260618_124336_best_configs\instances\inst03_chordal_n60_k8_d065_s1003.txt;chordal;60;8;148;0.65;1003;1042;50000;471;6438;0;0;4219.66;9046.576733;generation
0015_ea_personalized_inst03_chordal_n60_k8_d065_s1003_s1042;ea_personalized;inst03_chordal_n60_k8_d065_s1003;experiments\20260618_124336_best_configs\instances\inst03_chordal_n60_k8_d065_s1003.txt;chordal;60;8;148;0.65;1003;1042;50000;472;6453;0;0;5369.49;9069.145947;generation
0015_ea_personalized_inst03_chordal_n60_k8_d065_s1003_s1042;ea_personalized;inst03_chordal_n60_k8_d065_s1003;experiments\20260618_124336_best_configs\instances\inst03_chordal_n60_k8_d065_s1003.txt;chordal;60;8;148;0.65;1003;1042;50000;473;6470;0;0;3454.42;7195.515056;generation
0015_ea_personalized_inst03_chordal_n60_k8_d065_s1003_s1042;ea_personalized;inst03_chordal_n60_k8_d065_s1003;experiments\20260618_124336_best_configs\instances\inst03_chordal_n60_k8_d065_s1003.txt;chordal;60;8;148;0.65;1003;1042;50000;474;6484;0;0;5115.16;8853.359032;generation
0015_ea_personalized_inst03_chordal_n60_k8_d065_s1003_s1042;ea_personalized;inst03_chordal_n60_k8_d065_s1003;experiments\20260618_124336_best_configs\instances\inst03_chordal_n60_k8_d065_s1003.txt;chordal;60;8;148;0.65;1003;1042;50000;475;6498;0;0;2943.53;7419.172051;generation
0015_ea_personalized_inst03_chordal_n60_k8_d065_s1003_s1042;ea_personalized;inst03_chordal_n60_k8_d065_s1003;experiments\20260618_124336_best_configs\instances\inst03_chordal_n60_k8_d065_s1003.txt;chordal;60;8;148;0.65;1003;1042;50000;476;6508;0;0;3966.09;7160.627172;generation
0015_ea_personalized_inst03_chordal_n60_k8_d065_s1003_s1042;ea_personalized;inst03_chordal_n60_k8_d065_s1003;experiments\20260618_124336_best_configs\instances\inst03_chordal_n60_k8_d065_s1003.txt;chordal;60;8;148;0.65;1003;1042;50000;477;6520;0;0;5243.2;9406.934309;generation
0015_ea_personalized_inst03_chordal_n60_k8_d065_s1003_s1042;ea_personalized;inst03_chordal_n60_k8_d065_s1003;experiments\20260618_124336_best_configs\instances\inst03_chordal_n60_k8_d065_s1003.txt;chordal;60;8;148;0.65;1003;1042;50000;478;6532;0;0;2556.56;5422.35003;generation
0015_ea_personalized_inst03_chordal_n60_k8_d065_s1003_s1042;ea_personalized;inst03_chordal_n60_k8_d065_s1003;experiments\20260618_124336_best_configs\instances\inst03_chordal_n60_k8_d065_s1003.txt;chordal;60;8;148;0.65;1003;1042;50000;479;6542;0;0;4217.91;8678.766877;generation
0015_ea_personalized_inst03_chordal_n60_k8_d065_s1003_s1042;ea_personalized;inst03_chordal_n60_k8_d065_s1003;experiments\20260618_124336_best_configs\instances\inst03_chordal_n60_k8_d065_s1003.txt;chordal;60;8;148;0.65;1003;1042;50000;480;6552;0;0;3074.68;6023.821071;generation
0015_ea_personalized_inst03_chordal_n60_k8_d065_s1003_s1042;ea_personalized;inst03_chordal_n60_k8_d065_s1003;experiments\20260618_124336_best_configs\instances\inst03_chordal_n60_k8_d065_s1003.txt;chordal;60;8;148;0.65;1003;1042;50000;481;6560;0;0;3072.45;7255.003174;generation
0015_ea_personalized_inst03_chordal_n60_k8_d065_s1003_s1042;ea_personalized;inst03_chordal_n60_k8_d065_s1003;experiments\20260618_124336_best_configs\instances\inst03_chordal_n60_k8_d065_s1003.txt;chordal;60;8;148;0.65;1003;1042;50000;482;6574;0;0;4095.35;8056.415757;generation
0015_ea_personalized_inst03_chordal_n60_k8_d065_s1003_s1042;ea_personalized;inst03_chordal_n60_k8_d065_s1003;experiments\20260618_124336_best_configs\instances\inst03_chordal_n60_k8_d065_s1003.txt;chordal;60;8;148;0.65;1003;1042;50000;483;6590;0;0;4480.99;9624.755991;generation
0015_ea_personalized_inst03_chordal_n60_k8_d065_s1003_s1042;ea_personalized;inst03_chordal_n60_k8_d065_s1003;experiments\20260618_124336_best_configs\instances\inst03_chordal_n60_k8_d065_s1003.txt;chordal;60;8;148;0.65;1003;1042;50000;484;6607;0;0;4346.42;7051.08669;generation
0015_ea_personalized_inst03_chordal_n60_k8_d065_s1003_s1042;ea_personalized;inst03_chordal_n60_k8_d065_s1003;experiments\20260618_124336_best_configs\instances\inst03_chordal_n60_k8_d065_s1003.txt;chordal;60;8;148;0.65;1003;1042;50000;485;6623;0;0;4859.77;9176.228469;generation
0015_ea_personalized_inst03_chordal_n60_k8_d065_s1003_s1042;ea_personalized;inst03_chordal_n60_k8_d065_s1003;experiments\20260618_124336_best_configs\instances\inst03_chordal_n60_k8_d065_s1003.txt;chordal;60;8;148;0.65;1003;1042;50000;486;6640;0;0;3837.26;7114.582597;generation
0015_ea_personalized_inst03_chordal_n60_k8_d065_s1003_s1042;ea_personalized;inst03_chordal_n60_k8_d065_s1003;experiments\20260618_124336_best_configs\instances\inst03_chordal_n60_k8_d065_s1003.txt;chordal;60;8;148;0.65;1003;1042;50000;487;6659;0;0;6267.58;8942.390015;generation
0015_ea_personalized_inst03_chordal_n60_k8_d065_s1003_s1042;ea_personalized;inst03_chordal_n60_k8_d065_s1003;experiments\20260618_124336_best_configs\instances\inst03_chordal_n60_k8_d065_s1003.txt;chordal;60;8;148;0.65;1003;1042;50000;488;6670;0;0;4989.95;9545.110503;generation
0015_ea_personalized_inst03_chordal_n60_k8_d065_s1003_s1042;ea_personalized;inst03_chordal_n60_k8_d065_s1003;experiments\20260618_124336_best_configs\instances\inst03_chordal_n60_k8_d065_s1003.txt;chordal;60;8;148;0.65;1003;1042;50000;489;6680;0;0;5758.69;10280.53241;generation
0015_ea_personalized_inst03_chordal_n60_k8_d065_s1003_s1042;ea_personalized;inst03_chordal_n60_k8_d065_s1003;experiments\20260618_124336_best_configs\instances\inst03_chordal_n60_k8_d065_s1003.txt;chordal;60;8;148;0.65;1003;1042;50000;490;6689;0;0;4096.94;9012.675766;generation
0015_ea_personalized_inst03_chordal_n60_k8_d065_s1003_s1042;ea_personalized;inst03_chordal_n60_k8_d065_s1003;experiments\20260618_124336_best_configs\instances\inst03_chordal_n60_k8_d065_s1003.txt;chordal;60;8;148;0.65;1003;1042;50000;491;6699;0;0;3839.34;8188.912189;generation
0015_ea_personalized_inst03_chordal_n60_k8_d065_s1003_s1042;ea_personalized;inst03_chordal_n60_k8_d065_s1003;experiments\20260618_124336_best_configs\instances\inst03_chordal_n60_k8_d065_s1003.txt;chordal;60;8;148;0.65;1003;1042;50000;492;6718;0;0;4093.41;9369.934104;generation
0015_ea_personalized_inst03_chordal_n60_k8_d065_s1003_s1042;ea_personalized;inst03_chordal_n60_k8_d065_s1003;experiments\20260618_124336_best_configs\instances\inst03_chordal_n60_k8_d065_s1003.txt;chordal;60;8;148;0.65;1003;1042;50000;493;6734;0;0;3202.72;6849.613109;generation
0015_ea_personalized_inst03_chordal_n60_k8_d065_s1003_s1042;ea_personalized;inst03_chordal_n60_k8_d065_s1003;experiments\20260618_124336_best_configs\instances\inst03_chordal_n60_k8_d065_s1003.txt;chordal;60;8;148;0.65;1003;1042;50000;494;6743;0;0;4477.64;7745.826612;generation
0015_ea_personalized_inst03_chordal_n60_k8_d065_s1003_s1042;ea_personalized;inst03_chordal_n60_k8_d065_s1003;experiments\20260618_124336_best_configs\instances\inst03_chordal_n60_k8_d065_s1003.txt;chordal;60;8;148;0.65;1003;1042;50000;495;6759;0;0;3711.45;9441.322091;generation
0015_ea_personalized_inst03_chordal_n60_k8_d065_s1003_s1042;ea_personalized;inst03_chordal_n60_k8_d065_s1003;experiments\20260618_124336_best_configs\instances\inst03_chordal_n60_k8_d065_s1003.txt;chordal;60;8;148;0.65;1003;1042;50000;496;6773;0;0;3072.06;6789.954624;generation
0015_ea_personalized_inst03_chordal_n60_k8_d065_s1003_s1042;ea_personalized;inst03_chordal_n60_k8_d065_s1003;experiments\20260618_124336_best_configs\instances\inst03_chordal_n60_k8_d065_s1003.txt;chordal;60;8;148;0.65;1003;1042;50000;497;6789;0;0;6010.75;9972.726096;generation
0015_ea_personalized_inst03_chordal_n60_k8_d065_s1003_s1042;ea_personalized;inst03_chordal_n60_k8_d065_s1003;experiments\20260618_124336_best_configs\instances\inst03_chordal_n60_k8_d065_s1003.txt;chordal;60;8;148;0.65;1003;1042;50000;498;6804;0;0;5882.03;9967.559734;generation
0015_ea_personalized_inst03_chordal_n60_k8_d065_s1003_s1042;ea_personalized;inst03_chordal_n60_k8_d065_s1003;experiments\20260618_124336_best_configs\instances\inst03_chordal_n60_k8_d065_s1003.txt;chordal;60;8;148;0.65;1003;1042;50000;499;6817;0;0;4095.29;7640.155063;generation
0015_ea_personalized_inst03_chordal_n60_k8_d065_s1003_s1042;ea_personalized;inst03_chordal_n60_k8_d065_s1003;experiments\20260618_124336_best_configs\instances\inst03_chordal_n60_k8_d065_s1003.txt;chordal;60;8;148;0.65;1003;1042;50000;500;6825;0;0;2689.3;5797.127583;generation
0015_ea_personalized_inst03_chordal_n60_k8_d065_s1003_s1042;ea_personalized;inst03_chordal_n60_k8_d065_s1003;experiments\20260618_124336_best_configs\instances\inst03_chordal_n60_k8_d065_s1003.txt;chordal;60;8;148;0.65;1003;1042;50000;501;6839;0;0;5240.59;9580.428738;generation
0015_ea_personalized_inst03_chordal_n60_k8_d065_s1003_s1042;ea_personalized;inst03_chordal_n60_k8_d065_s1003;experiments\20260618_124336_best_configs\instances\inst03_chordal_n60_k8_d065_s1003.txt;chordal;60;8;148;0.65;1003;1042;50000;502;6856;0;0;3966.05;8796.738494;generation
0015_ea_personalized_inst03_chordal_n60_k8_d065_s1003_s1042;ea_personalized;inst03_chordal_n60_k8_d065_s1003;experiments\20260618_124336_best_configs\instances\inst03_chordal_n60_k8_d065_s1003.txt;chordal;60;8;148;0.65;1003;1042;50000;503;6868;0;0;4603.46;6886.282557;generation
0015_ea_personalized_inst03_chordal_n60_k8_d065_s1003_s1042;ea_personalized;inst03_chordal_n60_k8_d065_s1003;experiments\20260618_124336_best_configs\instances\inst03_chordal_n60_k8_d065_s1003.txt;chordal;60;8;148;0.65;1003;1042;50000;504;6884;0;0;4349.92;6813.241101;generation
0015_ea_personalized_inst03_chordal_n60_k8_d065_s1003_s1042;ea_personalized;inst03_chordal_n60_k8_d065_s1003;experiments\20260618_124336_best_configs\instances\inst03_chordal_n60_k8_d065_s1003.txt;chordal;60;8;148;0.65;1003;1042;50000;505;6898;0;0;3453.42;6728.73511;generation
0015_ea_personalized_inst03_chordal_n60_k8_d065_s1003_s1042;ea_personalized;inst03_chordal_n60_k8_d065_s1003;experiments\20260618_124336_best_configs\instances\inst03_chordal_n60_k8_d065_s1003.txt;chordal;60;8;148;0.65;1003;1042;50000;506;6905;0;0;5625.76;9093.885524;generation
0015_ea_personalized_inst03_chordal_n60_k8_d065_s1003_s1042;ea_personalized;inst03_chordal_n60_k8_d065_s1003;experiments\20260618_124336_best_configs\instances\inst03_chordal_n60_k8_d065_s1003.txt;chordal;60;8;148;0.65;1003;1042;50000;507;6914;0;0;5499.12;10730.57725;generation
0015_ea_personalized_inst03_chordal_n60_k8_d065_s1003_s1042;ea_personalized;inst03_chordal_n60_k8_d065_s1003;experiments\20260618_124336_best_configs\instances\inst03_chordal_n60_k8_d065_s1003.txt;chordal;60;8;148;0.65;1003;1042;50000;508;6922;0;0;3583.64;7686.898992;generation
0015_ea_personalized_inst03_chordal_n60_k8_d065_s1003_s1042;ea_personalized;inst03_chordal_n60_k8_d065_s1003;experiments\20260618_124336_best_configs\instances\inst03_chordal_n60_k8_d065_s1003.txt;chordal;60;8;148;0.65;1003;1042;50000;509;6930;0;0;3582.93;8296.985796;generation
0015_ea_personalized_inst03_chordal_n60_k8_d065_s1003_s1042;ea_personalized;inst03_chordal_n60_k8_d065_s1003;experiments\20260618_124336_best_configs\instances\inst03_chordal_n60_k8_d065_s1003.txt;chordal;60;8;148;0.65;1003;1042;50000;510;6933;0;0;1151.65;4079.557639;generation
